0x97b7bc5c	56	_PPEmulatorCreate	part_000	converted
0x97b7bc94	48	dyld_stub_binding_helper	part_000	converted
0x97b7bcc4	96	_PPEmulatorInit	part_000	converted
0x97b7bd24	96	_PPParserCreate	part_000	converted
0x97b7bd84	408	_PPParserScopeCreate	part_000	converted
0x97b7bf1c	12	_PPParserMacroCreate	part_000	converted
0x97b7bf28	116	_PPParserMacroSetSearchString	part_000	converted
0x97b7bf9c	60	_PPParserMacroSetParamStringsCount	part_000	converted
0x97b7bfd8	116	_PPParserMacroSetParamString	part_000	converted
0x97b7c04c	2588	_PPParserPreprocessString	part_000	converted
0x97b7ce10	52	_PPParserScopeAddMacro	part_000	converted
0x97b7ce44	60	_PPParserAddScope	part_000	converted
0x97b7ce80	4	_PPParserInit	part_000	converted
0x97b7ce84	228	_PPParserAttachString	part_000	converted
0x97b7cf68	152	_PPStreamCreate	part_000	converted
0x97b7d000	12	_PPStreamChunkListCreate	part_000	converted
0x97b7d00c	100	_PPParserAttachStream	part_000	converted
0x97b7d070	36	_PPParserScopeAttachStream	part_000	converted
0x97b7d094	296	_PPParserParse	part_000	converted
0x97b7d1bc	204	_PPParserParseVersion	part_000	converted
0x97b7d288	368	_PPParserGetPart	part_000	converted
0x97b7d3f8	144	_PPParserGetCharacter	part_000	converted
0x97b7d488	184	_PPParserParseOption	part_000	converted
0x97b7d540	916	_PPParserParseOptionIdentifier	part_000	converted
0x97b7d8d4	80	_PPStreamAddOption	part_000	converted
0x97b7d924	72	_PPStreamChunkListAddChunk	part_000	converted
0x97b7d96c	92	_PPStreamAddAttribBinding	part_000	converted
0x97b7d9c8	132	_PPParserReturnPart	part_000	converted
0x97b7da4c	144	_PPParserReturnCharacter	part_000	converted
0x97b7dadc	2176	_PPParserParseStatement	part_000	converted
0x97b7e35c	372	_PPParserParseParameterDeclaration	part_000	converted
0x97b7e4d0	1360	_PPParserValidateName	part_000	converted
0x97b7ea20	48	_PPParserIdentifierCreate	part_000	converted
0x97b7ea50	124	_PPParserIdentifierSetName	part_000	converted
0x97b7eacc	124	_PPParserScopeAddIdentifier	part_000	converted
0x97b7eb48	100	_PPParserScopeFindIdentifier	part_000	converted
0x97b7ebac	5900	_PPParserParseParamBinding	part_000	converted
0x97b802b8	100	_PPParserScopeFindMacro	part_000	converted
0x97b8031c	176	_PPParserParseArray	part_000	converted
0x97b803cc	112	_PPParserGetInteger	part_000	converted
0x97b8043c	108	_PPStreamAddParamBinding	part_000	converted
0x97b804a8	268	_PPParserParseAttributeDeclaration	part_000	converted
0x97b805b4	1684	_PPParserParseAttributeBinding	part_000	converted
0x97b80c48	300	_testAttribMatch	part_000	converted
0x97b80d94	284	_PPParserParseOutputDeclaration	part_000	converted
0x97b80eb0	1212	_PPParserParseOutputBinding	part_000	converted
0x97b8136c	92	_PPStreamAddOutputBinding	part_000	converted
0x97b813c8	1068	_PPParserParseOperation	part_000	converted
0x97b81994	604	_PPParserParseDestination	part_000	converted
0x97b81bf0	460	_PPParserParseSwizzleSourceVar	part_000	converted
0x97b81dbc	696	_PPParserParseSourceVar	part_000	converted
0x97b82150	136	_PPParserParseEnd	part_000	converted
0x97b821d8	88	_PPStreamAttribBindingIsEqual	part_000	converted
0x97b82230	88	_PPStreamOutputBindingIsEqual	part_000	converted
0x97b82288	88	_PPStreamParamBindingIsEqual	part_000	converted
0x97b822e0	276	_PPStreamChunkListGetStream	part_000	converted
0x97b823f4	184	_PPStreamChunkGetStream	part_000	converted
0x97b824dc	96	_PPStreamChunkListCreateFromChunkList	part_000	converted
0x97b8253c	128	_PPStreamChunkCreateFromChunk	part_000	converted
0x97b825bc	124	_GetChunkAllocationSize	part_000	converted
0x97b82668	156	_PPStreamChunkListSort	part_001	converted
0x97b82704	56	_PPStreamAttachOperationsChunkList	part_001	converted
0x97b8273c	84	_PPStreamChunkListFree	part_001	converted
0x97b82790	120	_PPStreamChunkListRemoveChunk	part_001	converted
0x97b82808	56	_PPStreamAttachParamBindingsChunkList	part_001	converted
0x97b82840	56	_PPStreamAttachParamBindingArraysChunkList	part_001	converted
0x97b82878	964	_PPStreamGetStream	part_001	converted
0x97b82c3c	164	_PPStreamChunkListGetMaxIndex	part_001	converted
0x97b82d10	108	_PPStreamAddTempUsage	part_001	converted
0x97b82d7c	72	_PPEmulatorProgramCreate	part_001	converted
0x97b82dc4	288	_PPEmulatorProgramInitialiseHandleBanks	part_001	converted
0x97b82ee4	2768	_PPEmulatorProgramConvertFromPPStream	part_001	converted
0x97b83ddc	152	_PPStreamChunkListChunkAtIndex	part_001	converted
0x97b83ea4	48	_PPParserFree	part_001	converted
0x97b83ed4	88	_PPParserShutdown	part_001	converted
0x97b83f2c	68	_PPParserRemoveScope	part_001	converted
0x97b83f70	116	_PPParserScopeFree	part_001	converted
0x97b83fe4	68	_PPParserScopeRemoveIdentifier	part_001	converted
0x97b84028	52	_PPParserIdentifierFree	part_001	converted
0x97b8405c	68	_PPParserScopeRemoveMacro	part_001	converted
0x97b840a0	144	_PPParserMacroFree	part_001	converted
0x97b84130	200	_PPParserGetScalars	part_001	converted
0x97b841f8	108	_PPStreamAddConstant	part_001	converted
0x97b84264	468	_PPParserParseTempDeclaration	part_001	converted
0x97b84438	396	_PPParserParseSourceSwizzle	part_001	converted
0x97b8462c	412	_PPParserParseDestinationMask	part_001	converted
0x97b84830	704	_PPParserParseTextureSourceVar	part_001	converted
0x97b84bb0	60	_PPStreamGetTexOperationCount	part_001	converted
0x97b84bec	60	_PPEmulatorFree	part_001	converted
0x97b84c28	140	_PPStreamFree	part_001	converted
0x97b84cb4	180	_PPEmulatorProgramFree	part_001	converted
0x97b84d68	368	_PPParserParseAliasDeclaration	part_001	converted
0x97b84ed8	64	_PPParserMacroSetReplaceString	part_001	converted
0x97b84f18	320	_PPParserMacroGetReplaceString	part_001	converted
0x97b85058	620	_PPParserParseSwizzleCode	part_001	converted
0x97b853f8	32	__dyld_func_lookup	part_001	converted
0x97b85470	32	FUN_97b85470	part_001	converted
0x97b85490	36	InitProcess	part_001	converted
0x97b854b4	36	DetachProcess	part_001	converted
0x97b854d8	84	_InitStringTable	part_001	converted
0x97b8552c	72	_FreeStringTable	part_001	converted
0x97b85574	68	_HashString	part_001	converted
0x97b855b8	64	_HashString2	part_001	converted
0x97b855f8	156	_AddString	part_001	converted
0x97b85694	160	_InitHashTable	part_001	converted
0x97b85734	72	_FreeHashTable	part_001	converted
0x97b8577c	256	_GrowAtomTable	part_001	converted
0x97b8587c	64	_lReverse	part_001	converted
0x97b858bc	120	_AllocateAtom	part_001	converted
0x97b85934	40	_SetAtomValue	part_001	converted
0x97b8595c	264	_FindHashLoc	part_001	converted
0x97b85a64	192	_IncreaseHashTableSize	part_001	converted
0x97b85b24	144	_LookUpAddStringHash	part_001	converted
0x97b85bb4	104	_LookUpAddString	part_001	converted
0x97b85c1c	144	_GetAtomString	part_001	converted
0x97b85cac	44	_GetReversedAtom	part_001	converted
0x97b85cdc	196	_AddAtomFixed	part_001	converted
0x97b85da0	368	_InitAtomTable	part_001	converted
0x97b85f10	208	_PrintAtomTable	part_001	converted
0x97b85fe0	24	_GetStringOfAtom	part_001	converted
0x97b85ff8	104	_FreeAtomTable	part_002	converted
0x97b86060	812	_InitCPP	part_002	converted
0x97b8638c	84	_FreeCPP	part_002	converted
0x97b863e0	84	_FinalCPP	part_002	converted
0x97b86434	940	_CPPdefine	part_002	converted
0x97b867e0	208	_CPPundef	part_002	converted
0x97b868b0	740	_CPPelse	part_002	converted
0x97b86c7c	8	_op_div	part_002	converted
0x97b86ca0	8	_op_cmpl	part_002	converted
0x97b86cb4	860	_eval	part_002	converted
0x97b87010	308	_CPPif	part_002	converted
0x97b87144	348	_CPPifdef	part_002	converted
0x97b872a0	268	_CPPline	part_002	converted
0x97b873ac	232	_CPPerror	part_002	converted
0x97b87494	528	_CPPpragma	part_002	converted
0x97b876a4	256	_CPPversion	part_002	converted
0x97b877a4	348	_CPPextension	part_002	converted
0x97b87900	972	_readCPPline	part_002	converted
0x97b87ccc	8	_FreeMacro	part_002	converted
0x97b87ce0	120	_PushEofSrc	part_002	converted
0x97b87d58	64	_PopEofSrc	part_002	converted
0x97b87d98	276	_PrescanMacroArg	part_002	converted
0x97b87eac	336	_macro_scan	part_002	converted
0x97b87ffc	1024	_MacroExpand	part_002	converted
0x97b883fc	72	_ChkCorrectElseNesting	part_002	converted
0x97b88444	144	_InitCPPStruct	part_002	converted
0x97b884d4	196	_ResetPreprocessor	part_002	converted
0x97b88598	136	_InitPreprocessor	part_002	converted
0x97b88620	92	_FreeCPPStruct	part_002	converted
0x97b8867c	72	_FinalizePreprocessor	part_002	converted
0x97b886c4	164	_mem_CreatePool	part_002	converted
0x97b88768	108	_mem_FreePool	part_002	converted
0x97b887d4	224	_mem_Alloc	part_002	converted
0x97b888b4	112	_mem_AddCleanup	part_002	converted
0x97b88930	116	_InitScanner	part_002	converted
0x97b889a8	228	_str_getch	part_002	converted
0x97b88af4	148	_ScanFromString	part_002	converted
0x97b88b88	272	_lBuildFloatValue	part_002	converted
0x97b88c98	588	_lFloatConst	part_002	converted
0x97b88ee4	3060	_byte_scan	part_002	converted
0x97b89cd0	452	_yylex_CPP	part_002	converted
0x97b89e94	108	_check_EOF	part_002	converted
0x97b89f4c	152	_NewScopeInPool	part_002	converted
0x97b89fe4	148	_PushScope	part_002	converted
0x97b8a078	48	_PopScope	part_002	converted
0x97b8a0a8	116	_NewSymbol	part_002	converted
0x97b8a11c	188	_lAddToTree	part_002	converted
0x97b8a1d8	88	_AddSymbol	part_002	converted
0x97b8a230	148	_LookUpLocalSymbol	part_002	converted
0x97b8a2c4	108	_LookUpSymbol	part_002	converted
0x97b8a330	248	_idstr	part_002	converted
0x97b8a428	136	_lNewBlock	part_002	converted
0x97b8a4b0	92	_lAddByte	part_002	converted
0x97b8a50c	88	_lReadByte	part_002	converted
0x97b8a564	124	_NewTokenStream	part_002	converted
0x97b8a5e0	116	_DeleteTokenStream	part_002	converted
0x97b8a654	292	_RecordToken	part_002	converted
0x97b8a778	28	_RewindTokenStream	part_002	converted
0x97b8a794	888	_ReadToken	part_002	converted
0x97b8ab0c	248	_scan_token	part_002	converted
0x97b8ac04	172	_ReadFromTokenStream	part_003	converted
0x97b8ad14	156	_UngetToken	part_003	converted
0x97b8adb0	240	_DumpTokenStream	part_003	converted
0x97b8aed4	20	TBuiltIns__getNumStringArrays	part_003	converted
0x97b8aee8	204	TBuiltIns__getStringArray	part_003	converted
0x97b8afb4	204	TBuiltIns__getStringSizeArray	part_003	converted
0x97b8b080	148	TBuiltIns__getNumStrings	part_003	converted
0x97b8b114	4	TBuiltIns__initialize	part_003	converted
0x97b8b118	4	TBuiltIns__initialize_97b8b118	part_003	converted
0x97b8b11c	5284	IdentifyBuiltIns	part_003	converted
0x97b8c5c0	600	IdentifyBuiltIns_97b8c5c0	part_003	converted
0x97b8c818	28	GetPreprocessorBuiltinString	part_003	converted
0x97b8c834	196	TInfoSinkBase__append	part_003	converted
0x97b8c8f8	180	TInfoSinkBase__append_97b8c8f8	part_003	converted
0x97b8c9ac	204	TInfoSinkBase__append_97b8c9ac	part_003	converted
0x97b8ca78	244	TInfoSinkBase__append_97b8ca78	part_003	converted
0x97b8cb6c	376	TIntermediate__addSymbol	part_003	converted
0x97b8cce4	2288	TIntermediate__addBinaryMath	part_003	converted
0x97b8d63c	640	TIntermediate__addAssign	part_003	converted
0x97b8d8bc	460	TIntermediate__addIndex	part_003	converted
0x97b8da88	1548	TIntermediate__addUnaryMath	part_003	converted
0x97b8e1b8	1132	TIntermediate__setAggregateOperator	part_003	converted
0x97b8e624	2944	TIntermediate__addConversion	part_003	converted
0x97b8f36c	760	TIntermediate__growAggregate	part_003	converted
0x97b8f664	632	TIntermediate__makeAggregate	part_003	converted
0x97b8f8dc	516	TIntermediate__addSelection	part_003	converted
0x97b8fae0	348	TIntermediate__addComma	part_003	converted
0x97b8fc3c	628	TIntermediate__addSelection_97b8fc3c	part_003	converted
0x97b8feb0	300	TIntermediate__addConstantUnion	part_003	converted
0x97b8ffdc	744	TIntermediate__addSwizzle	part_003	converted
0x97b902c4	140	TIntermediate__addLoop	part_003	converted
0x97b90350	12	TIntermediate__addBranch	part_003	converted
0x97b9035c	124	TIntermediate__addBranch_97b9035c	part_003	converted
0x97b903d8	96	TIntermediate__postProcess	part_003	converted
0x97b90438	12	TIntermediate__remove	part_003	converted
0x97b90444	48	TIntermOperator__modifiesState	part_003	converted
0x97b90474	24	TIntermOperator__isConstructor	part_003	converted
0x97b9048c	304	TIntermUnary__promote	part_003	converted
0x97b905bc	3124	TIntermBinary__promote	part_003	converted
0x97b915d4	336	compareStructure	part_003	converted
0x97b91724	11632	TIntermConstantUnion__fold	part_003	converted
0x97b95c0c	484	TIntermediate__changeAggrToTempConst	part_003	converted
0x97b95df0	336	TIntermediate__copyConstUnion	part_003	converted
0x97b95f40	1080	TIntermediate__promoteConstantUnion	part_003	converted
0x97b964e8	824	TIntermediate__removeChildNode	part_003	converted
0x97b96820	496	TIntermediate__removeChildNode_97b96820	part_003	converted
0x97b96a10	776	TIntermediate__removeMatrixConstNode	part_003	converted
0x97b96d18	184	TIntermAggregate__addToPragmaTable	part_003	converted
0x97b96dd0	276	TType__getCompleteString	part_003	converted
0x97b96ee4	240	OutputTreeText	part_003	converted
0x97b96fd4	268	OutputSymbol	part_003	converted
0x97b970e0	248	OutputBinary	part_003	converted
0x97b971d8	224	OutputUnary	part_003	converted
0x97b972b8	292	OutputAggregate	part_003	converted
0x97b97450	516	OutputSelection	part_003	converted
0x97b97654	664	OutputConstantUnion	part_003	converted
0x97b97a04	400	OutputLoop	part_003	converted
0x97b97b94	200	OutputBranch	part_003	converted
0x97b97c5c	228	TIntermediate__outputTree	part_003	converted
0x97b97d40	20	TIntermSymbol__traverse	part_003	converted
0x97b97d54	20	TIntermConstantUnion__traverse	part_004	converted
0x97b97d68	324	TIntermBinary__traverse	part_004	converted
0x97b97eac	240	TIntermUnary__traverse	part_004	converted
0x97b97f9c	292	TIntermAggregate__traverse	part_004	converted
0x97b980c0	388	TIntermSelection__traverse	part_004	converted
0x97b98244	388	TIntermLoop__traverse	part_004	converted
0x97b983c8	216	TIntermBranch__traverse	part_004	converted
0x97b984a0	1480	ParseSymbol	part_004	converted
0x97b98e04	308	ParseBinary	part_004	converted
0x97b99198	196	ParseUnary	part_004	converted
0x97b99398	884	ParseAggregate	part_004	converted
0x97b9982c	88	ParseSelection	part_004	converted
0x97b999c0	1160	ParseConstantUnion	part_004	converted
0x97b99e48	88	ParseLoop	part_004	converted
0x97b99fdc	88	ParseBranch	part_004	converted
0x97b9a170	428	TIntermediate__parseConstTree	part_004	converted
0x97b9a31c	612	TParseContext__parseVectorFields	part_004	converted
0x97b9a5e8	464	TParseContext__parseMatrixFields	part_004	converted
0x97b9a7b8	12	TParseContext__recover	part_004	converted
0x97b9a7c4	104	TParseContext__error	part_004	converted
0x97b9a9b4	96	TParseContext__assignError	part_004	converted
0x97b9aa14	84	TParseContext__unaryOpError	part_004	converted
0x97b9aa68	104	TParseContext__binaryOpError	part_004	converted
0x97b9aad0	944	TParseContext__lValueErrorCheck	part_004	converted
0x97b9aec8	140	TParseContext__constErrorCheck	part_004	converted
0x97b9af54	172	TParseContext__integerErrorCheck	part_004	converted
0x97b9b000	84	TParseContext__globalErrorCheck	part_004	converted
0x97b9b054	376	TParseContext__reservedErrorCheck	part_004	converted
0x97b9b1cc	2036	TParseContext__constructorErrorCheck	part_004	converted
0x97b9ba00	120	TParseContext__voidErrorCheck	part_004	converted
0x97b9ba78	208	TParseContext__boolErrorCheck	part_004	converted
0x97b9bb48	132	TParseContext__boolErrorCheck_97b9bb48	part_004	converted
0x97b9bbcc	184	TParseContext__samplerErrorCheck	part_004	converted
0x97b9bc84	172	TParseContext__structQualifierErrorCheck	part_004	converted
0x97b9bd30	184	TParseContext__parameterSamplerErrorCheck	part_004	converted
0x97b9bde8	180	TParseContext__containsSampler	part_004	converted
0x97b9be9c	740	TParseContext__insertBuiltInArrayAtGlobalLevel	part_004	converted
0x97b9c180	2552	TParseContext__arrayErrorCheck	part_004	converted
0x97b9cb78	848	TParseContext__arraySetMaxSize	part_004	converted
0x97b9cfe8	1008	TParseContext__nonInitErrorCheck	part_004	converted
0x97b9d3d8	216	TParseContext__paramErrorCheck	part_004	converted
0x97b9d4b0	920	TParseContext__extensionErrorCheck	part_004	converted
0x97b9da08	356	TParseContext__findFunction	part_004	converted
0x97b9db6c	3572	TParseContext__executeInitializer	part_004	converted
0x97b9e960	204	TParseContext__canNodeBeRemoved	part_004	converted
0x97b9ea2c	944	TParseContext__addConstructor	part_004	converted
0x97b9eddc	408	TParseContext__constructBuiltIn	part_004	converted
0x97b9efb0	392	TParseContext__constructStruct	part_004	converted
0x97b9f138	924	TParseContext__addConstVectorNode	part_004	converted
0x97b9f600	904	TParseContext__addConstMatrixNode	part_004	converted
0x97b9f988	848	TParseContext__addConstStruct	part_004	converted
0x97b9fcd8	380	TParseContext__initializeExtensionBehavior	part_004	converted
0x97b9fe54	144	InitializeGlobalPools	part_004	converted
0x97b9fee4	112	FreeGlobalPools	part_004	converted
0x97b9ff54	32	GetGlobalPoolAllocator	part_004	converted
0x97b9ff74	32	SetGlobalPoolAllocatorPtr	part_004	converted
0x97b9ff94	32	GetCompilerPoolAllocator	part_004	converted
0x97b9ffb4	4	TPoolAllocator__TPoolAllocator	part_004	converted
0x97b9ffb8	4	TPoolAllocator__TPoolAllocator_97b9ffb8	part_004	converted
0x97b9ffbc	152	TPoolAllocator__TPoolAllocator_97b9ffbc	part_004	converted
0x97ba0054	8	TPoolAllocator___TPoolAllocator	part_005	converted
0x97ba005c	8	TPoolAllocator___TPoolAllocator_97ba005c	part_005	converted
0x97ba0064	184	TPoolAllocator___TPoolAllocator_97ba0064	part_005	converted
0x97ba011c	4	TAllocation__checkGuardBlock	part_005	converted
0x97ba0120	136	TPoolAllocator__push	part_005	converted
0x97ba01a8	160	TPoolAllocator__pop	part_005	converted
0x97ba0248	76	TPoolAllocator__popAll	part_005	converted
0x97ba0294	328	TPoolAllocator__allocate	part_005	converted
0x97ba03dc	156	TAllocation__checkAllocList	part_005	converted
0x97ba0478	156	QualifierWritten	part_005	converted
0x97ba0514	76	AliveSymbol	part_005	converted
0x97ba0560	16	AliveSelection	part_005	converted
0x97ba0570	24	RemoveSymbol	part_005	converted
0x97ba0588	56	RemoveBinary	part_005	converted
0x97ba05c0	56	RemoveUnary	part_005	converted
0x97ba05f8	56	RemoveAggregate	part_005	converted
0x97ba0630	56	RemoveSelection	part_005	converted
0x97ba0668	24	RemoveConstantUnion	part_005	converted
0x97ba0680	168	RemoveAllTreeNodes	part_005	converted
0x97ba0728	132	GetSymbolTable	part_005	converted
0x97ba07ac	108	GetResources	part_005	converted
0x97ba0818	360	_ShInitialize	part_005	converted
0x97ba0980	32	_ShConstructCompiler	part_005	converted
0x97ba09a4	200	_ShDestruct	part_005	converted
0x97ba0a6c	112	_ShFinalize	part_005	converted
0x97ba0adc	112	generateBuiltInSymbolTable	part_005	converted
0x97ba0b4c	936	initializeSymbolTable	part_005	converted
0x97ba10c8	1888	_ShCompile	part_005	converted
0x97ba1a6c	364	_ShLink	part_005	converted
0x97ba1c68	4	ShSetEncryptionMethod	part_005	converted
0x97ba1c6c	244	_ShGetInfoLog	part_005	converted
0x97ba1d60	96	_ShGetPPStream	part_005	converted
0x97ba1dc0	92	_ShGetShaderLocalParamRemapTable	part_005	converted
0x97ba1e1c	92	_ShGetNumShaderLocalParams	part_005	converted
0x97ba1e78	104	_ShAttributeBindingRequest	part_005	converted
0x97ba1ee0	104	_ShGetNumActiveAttributes	part_005	converted
0x97ba1f48	104	_ShGetNumActiveUniforms	part_005	converted
0x97ba1fb0	104	_ShGetActiveUserUniformsSize	part_005	converted
0x97ba2018	104	_ShGetMaxAttributeLength	part_005	converted
0x97ba2080	104	_ShGetMaxUniformLength	part_005	converted
0x97ba20e8	132	_ShGetActiveUniform	part_005	converted
0x97ba216c	116	_ShGetUniformTypeInfo	part_005	converted
0x97ba21e0	132	_ShGetActiveAttrib	part_005	converted
0x97ba2264	112	_ShGetAttribLocation	part_005	converted
0x97ba22d4	112	_ShGetUniformLocation	part_005	converted
0x97ba2344	92	_ShGetPPStreamManager	part_005	converted
0x97ba23a0	84	_ShGetLinkerStats	part_005	converted
0x97ba23f4	96	_ShGetCompilerStats	part_005	converted
0x97ba2454	84	_ShGetLinkerPPStream	part_005	converted
0x97ba24a8	96	_ShGetCompilerPPStream	part_005	converted
0x97ba2508	84	_ShGetLinkerShaderToProgramString	part_005	converted
0x97ba255c	96	_ShGetCompilerShaderToProgramString	part_005	converted
0x97ba25bc	84	_ShGetLinkerBindingTable	part_005	converted
0x97ba2610	96	_ShGetCompilerSymbolTable	part_005	converted
0x97ba2670	688	TType__buildMangledName	part_005	converted
0x97ba295c	220	TVariable__dump	part_005	converted
0x97ba2a38	216	TFunction__dump	part_005	converted
0x97ba2b10	112	TSymbolTableLevel__dump	part_005	converted
0x97ba2b80	268	TSymbolTable__dump	part_005	converted
0x97ba2c8c	8	TFunction___TFunction	part_005	converted
0x97ba2c94	8	TFunction___TFunction_97ba2c94	part_006	converted
0x97ba2c9c	8	TFunction___TFunction_97ba2c9c	part_006	converted
0x97ba2ca4	236	TFunction___TFunction_97ba2ca4	part_006	converted
0x97ba2d90	8	TSymbolTableLevel___TSymbolTableLevel	part_006	converted
0x97ba2d98	8	TSymbolTableLevel___TSymbolTableLevel_97ba2d98	part_006	converted
0x97ba2da0	184	TSymbolTableLevel___TSymbolTableLevel_97ba2da0	part_006	converted
0x97ba2e58	168	TSymbolTableLevel__relateToOperator	part_006	converted
0x97ba2f00	4	TSymbol__TSymbol	part_006	converted
0x97ba2f04	4	TSymbol__TSymbol_97ba2f04	part_006	converted
0x97ba2f08	164	TSymbol__TSymbol_97ba2f08	part_006	converted
0x97ba2fac	4	TVariable__TVariable	part_006	converted
0x97ba2fb0	4	TVariable__TVariable_97ba2fb0	part_006	converted
0x97ba2fb4	432	TVariable__TVariable_97ba2fb4	part_006	converted
0x97ba3164	76	TVariable__clone	part_006	converted
0x97ba31b0	4	TFunction__TFunction	part_006	converted
0x97ba31b4	4	TFunction__TFunction_97ba31b4	part_006	converted
0x97ba31b8	492	TFunction__TFunction_97ba31b8	part_006	converted
0x97ba33a4	76	TFunction__clone	part_006	converted
0x97ba33f0	352	TSymbolTableLevel__clone	part_006	converted
0x97ba3550	492	TSymbolTable__copyTable	part_006	converted
0x97ba373c	34436	yyparse	part_006	converted
0x97bac120	4128	yylex	part_006	converted
0x97bad390	656	yy_get_next_buffer	part_006	converted
0x97bad620	280	yy_get_previous_state	part_006	converted
0x97bad738	184	yy_try_NUL_trans	part_006	converted
0x97bad7f0	272	yyinput	part_006	converted
0x97bad900	104	yyrestart	part_006	converted
0x97bad968	148	yy_switch_to_buffer	part_006	converted
0x97bad9fc	88	yy_load_buffer_state	part_006	converted
0x97bada54	140	yy_create_buffer	part_006	converted
0x97badae0	124	yy_delete_buffer	part_006	converted
0x97badb5c	68	yy_init_buffer	part_006	converted
0x97badba0	88	yy_flush_buffer	part_006	converted
0x97badbf8	192	yy_scan_buffer	part_006	converted
0x97badcb8	44	yy_scan_string	part_006	converted
0x97badce4	176	yy_scan_bytes	part_006	converted
0x97badd94	60	yy_fatal_error	part_006	converted
0x97baddd0	4	yy_flex_alloc	part_006	converted
0x97baddd4	4	yy_flex_realloc	part_006	converted
0x97baddd8	4	yy_flex_free	part_006	converted
0x97badddc	452	PaParseStrings	part_006	converted
0x97badfa0	184	yyerror	part_006	converted
0x97bae058	108	PaReservedWord	part_006	converted
0x97bae0c4	228	PaIdentOrType	part_006	converted
0x97bae1a8	228	PaParseComment	part_006	converted
0x97bae28c	92	_CPPDebugLogMsg	part_006	converted
0x97bae2e8	316	_CPPWarningToInfoLog	part_006	converted
0x97bae468	100	_CPPShInfoLogMsg	part_006	converted
0x97bae4cc	104	_CPPErrorToInfoLog	part_006	converted
0x97bae534	44	_SetLineNumber	part_006	converted
0x97bae560	44	_SetStringNumber	part_006	converted
0x97bae58c	32	_GetStringNumber	part_006	converted
0x97bae5ac	32	_GetLineNumber	part_006	converted
0x97bae5cc	52	_IncLineNumber	part_006	converted
0x97bae600	52	_DecLineNumber	part_006	converted
0x97bae634	576	_HandlePragma	part_006	converted
0x97bae874	448	_StoreStr	part_006	converted
0x97baea34	80	_GetStrfromTStr	part_006	converted
0x97baea84	252	_ResetTString	part_006	converted
0x97baeb80	484	_GetBehavior	part_006	converted
0x97baed64	1252	_updateExtensionBehavior	part_007	converted
0x97baf364	32	setInitialState	part_007	converted
0x97baf384	52	scpy	part_007	converted
0x97baf3b8	112	handleDigit	part_007	converted
0x97baf428	88	ncpy	part_007	converted
0x97baf480	456	PrintAttribute	part_007	converted
0x97baf68c	1228	PrintParam	part_007	converted
0x97bafbf4	420	PrintOutput	part_007	converted
0x97bafdc4	76	PrintTemp	part_007	converted
0x97bafe10	72	Binding__ClearName	part_007	converted
0x97bafe58	4	Binding__Binding	part_007	converted
0x97bafe5c	4	Binding__Binding_97bafe5c	part_007	converted
0x97bafe60	76	Binding__Binding_97bafe60	part_007	converted
0x97bafeac	8	Binding___Binding	part_007	converted
0x97bafeb4	8	Binding___Binding_97bafeb4	part_007	converted
0x97bafebc	4	Binding___Binding_97bafebc	part_007	converted
0x97bafec0	4	Binding__Binding_97bafec0	part_007	converted
0x97bafec4	4	Binding__Binding_97bafec4	part_007	converted
0x97bafec8	224	Binding__Binding_97bafec8	part_007	converted
0x97baffa8	232	Binding__operator_	part_007	converted
0x97bb0090	88	operator__	part_007	converted
0x97bb00e8	208	Binding__CatName	part_007	converted
0x97bb01b8	164	Binding__SetName	part_007	converted
0x97bb025c	332	Binding__SetNameFromArrayName	part_007	converted
0x97bb03a8	132	Binding__RemoveNameBackToChar	part_007	converted
0x97bb042c	20	Binding__GetHash	part_007	converted
0x97bb0440	8	Binding__IsClientRequest	part_007	converted
0x97bb0448	8	Binding__SetClientRequest	part_007	converted
0x97bb0450	8	Binding__IsBuiltIn	part_007	converted
0x97bb0458	8	Binding__SetBuiltIn	part_007	converted
0x97bb0460	8	Binding__GetLocation	part_007	converted
0x97bb0468	8	Binding__SetLocation	part_007	converted
0x97bb0470	8	Binding__GetActiveIndex	part_007	converted
0x97bb0478	8	Binding__SetActiveIndex	part_007	converted
0x97bb0480	8	Binding__SetOpenGLType	part_007	converted
0x97bb0488	8	Binding__GetOpenGLType	part_007	converted
0x97bb0490	8	Binding__GetBindingBasicSize	part_007	converted
0x97bb0498	8	Binding__GetBindingSlots	part_007	converted
0x97bb04a0	8	Binding__SetDecSize	part_007	converted
0x97bb04a8	8	Binding__SetActualSize	part_007	converted
0x97bb04b0	8	Binding__GetDecSize	part_007	converted
0x97bb04b8	8	Binding__GetActualSize	part_007	converted
0x97bb04c0	8	Binding__GetNextBinding	part_007	converted
0x97bb04c8	8	Binding__GetNextBindingInHash	part_007	converted
0x97bb04d0	8	Binding__SetNextBinding	part_007	converted
0x97bb04d8	8	Binding__SetNextBindingInHash	part_007	converted
0x97bb04e0	256	Binding__GetString	part_007	converted
0x97bb05e0	4	BindingTable__BindingTable	part_007	converted
0x97bb05e4	4	BindingTable__BindingTable_97bb05e4	part_007	converted
0x97bb05e8	288	BindingTable__BindingTable_97bb05e8	part_007	converted
0x97bb0708	8	BindingTable___BindingTable	part_007	converted
0x97bb0710	8	BindingTable___BindingTable_97bb0710	part_007	converted
0x97bb0718	148	BindingTable___BindingTable_97bb0718	part_007	converted
0x97bb07ac	336	BindingTable__ClearInternalBindings	part_007	converted
0x97bb08fc	244	BindingTable__InsertAttribRequestBinding	part_007	converted
0x97bb09f0	24	BindingTable__NextAttribRequestBinding	part_007	converted
0x97bb0a08	116	BindingTable__FindAttribRequestBinding	part_007	converted
0x97bb0a7c	228	BindingTable__FindAttribRequestBindingLocationByName	part_007	converted
0x97bb0b60	368	BindingTable__InsertClientAttribBinding	part_007	converted
0x97bb0cd0	508	BindingTable__InsertAttribBinding	part_007	converted
0x97bb0ecc	24	BindingTable__NextAttribBinding	part_008	converted
0x97bb0ee4	116	BindingTable__FindAttribBinding	part_008	converted
0x97bb0f58	228	BindingTable__FindAttribBindingLocationByName	part_008	converted
0x97bb103c	92	BindingTable__GetAttribBindingNameByLocation	part_008	converted
0x97bb1098	88	BindingTable__GetAttribBindingByIndex	part_008	converted
0x97bb10f0	452	BindingTable__InsertSingleUniform	part_008	converted
0x97bb12b4	184	BindingTable__AddSingleUniformReference	part_008	converted
0x97bb136c	944	BindingTable__InsertUniformArray	part_008	converted
0x97bb171c	24	BindingTable__NextUniformBinding	part_008	converted
0x97bb1734	116	BindingTable__FindUniformBinding	part_008	converted
0x97bb17a8	116	BindingTable__FindUniformBindingByName	part_008	converted
0x97bb181c	264	BindingTable__FindClientUniformBindingLocationByName	part_008	converted
0x97bb1924	160	BindingTable__FindUniformBindingByLocation	part_008	converted
0x97bb19c4	88	BindingTable__FindUniformBindingByIndex	part_008	converted
0x97bb1a1c	8	BindingTable__GetNumActiveAttributeBindings	part_008	converted
0x97bb1a24	8	BindingTable__GetNumActiveUniformBindings	part_008	converted
0x97bb1a2c	8	BindingTable__GetSizeActiveUserUniforms	part_008	converted
0x97bb1a34	8	BindingTable__GetSizeActiveUserAttributes	part_008	converted
0x97bb1a3c	8	BindingTable__GetSizeActiveVertexUniforms	part_008	converted
0x97bb1a44	8	BindingTable__GetSizeActiveFragmentUniforms	part_008	converted
0x97bb1a4c	8	BindingTable__GetSizeActiveAttributes	part_008	converted
0x97bb1a54	8	BindingTable__GetMaxAttributeLength	part_008	converted
0x97bb1a5c	8	BindingTable__GetMaxUniformLength	part_008	converted
0x97bb1a64	8	BindingTable__GetNumActiveVertexSamplers	part_008	converted
0x97bb1a6c	8	BindingTable__GetNumActiveFragmentSamplers	part_008	converted
0x97bb1a74	1028	BindingTable__GetString	part_008	converted
0x97bb1e78	64	ConstructLinker	part_008	converted
0x97bb1eb8	24	DeleteLinker	part_008	converted
0x97bb1ed0	504	UpdateOperations	part_008	converted
0x97bb20c8	156	TGenericLinker__FindChunkDelta	part_008	converted
0x97bb21dc	3076	TGenericLinker__MergeCompilers	part_008	converted
0x97bb2ff0	844	TGenericLinker__CreateFromStreamWithSymbolTableUpdate	part_008	converted
0x97bb33bc	840	TGenericLinker__RemoveUnreachableFunctions	part_008	converted
0x97bb37fc	40	TGenericLinker__RenumberLabels	part_008	converted
0x97bb3824	820	TGenericLinker__RemoveUnusedRegisters	part_008	converted
0x97bb3b58	320	TGenericLinker__RemoveExtraVertexOutputs	part_008	converted
0x97bb3d14	1160	TGenericLinker__FixOutputReads	part_008	converted
0x97bb419c	1248	TGenericLinker__OptimizeFunctionIO	part_008	converted
0x97bb46f8	412	TGenericLinker__GetRemapTableString	part_008	converted
0x97bb4894	384	TGenericLinker__GetBindingTableString	part_008	converted
0x97bb4a14	152	TGenericLinker__GetFullTableString	part_008	converted
0x97bb4aac	4	TGenericLinker__ReportStats	part_008	converted
0x97bb4ab0	92	TGenericLinker__InsertClientAttribBinding	part_008	converted
0x97bb4b0c	364	TGenericLinker__AddAttribBinding	part_008	converted
0x97bb4d6c	484	TGenericLinker__CollectClientAttributeBindings	part_008	converted
0x97bb50dc	996	TGenericLinker__CollectAttributeBindings	part_008	converted
0x97bb54c0	400	TGenericLinker__RemapVertexAttributes	part_008	converted
0x97bb56d4	4688	TGenericLinker__AllocateTextureUnitsForVaryings	part_008	converted
0x97bb6b48	484	TGenericLinker__CoalesceCommonUniforms	part_008	converted
0x97bb6d2c	864	TGenericLinker__BuildUniformRemapTables	part_008	converted
0x97bb727c	412	TGenericLinker__InsertUniformBindingFromSymbol	part_008	converted
0x97bb7498	296	TGenericLinker__CollectUniformBindings	part_008	converted
0x97bb75c0	1156	TGenericLinker__CreateFunctionTable	part_008	converted
0x97bb7b4c	968	TGenericLinker__BuildSymbolTableList	part_008	converted
0x97bb8054	200	TGenericLinker__BuildProcessingComponents	part_008	converted
0x97bb811c	4	TGenericLinker__TGenericLinker	part_008	converted
0x97bb8120	4	TGenericLinker__TGenericLinker_97bb8120	part_008	converted
0x97bb8124	268	TGenericLinker__TGenericLinker_97bb8124	part_008	converted
0x97bb8230	8	TGenericLinker___TGenericLinker	part_008	converted
0x97bb8238	8	TGenericLinker___TGenericLinker_97bb8238	part_008	converted
0x97bb8240	8	TGenericLinker___TGenericLinker_97bb8240	part_009	converted
0x97bb8248	244	TGenericLinker___TGenericLinker_97bb8248	part_009	converted
0x97bb833c	40	TGenericLinker__getShaderLocalParamRemapTable	part_009	converted
0x97bb8364	40	TGenericLinker__getNumShaderLocalParams	part_009	converted
0x97bb838c	196	TGenericLinker__attributeBindingRequest	part_009	converted
0x97bb8450	192	TGenericLinker__getActiveUniform	part_009	converted
0x97bb8510	172	TGenericLinker__getUniformTypeInfo	part_009	converted
0x97bb85bc	188	TGenericLinker__getActiveAttrib	part_009	converted
0x97bb8678	40	TGenericLinker__getPPStreamManager	part_009	converted
0x97bb86a0	412	TGenericLinker__reset	part_009	converted
0x97bb883c	1244	TGenericLinker__link	part_009	converted
0x97bb9098	104	TGenericLinker__getStatsString	part_009	converted
0x97bb9100	604	TGenericLinker__getPPStreamString	part_009	converted
0x97bb935c	768	TGenericLinker__getShaderToProgramString	part_009	converted
0x97bb965c	68	TGenericLinker__getTableString	part_009	converted
0x97bb96a0	168	GetGLStringForType	part_009	converted
0x97bb9748	168	GetShaderStringForType	part_009	converted
0x97bb97f0	136	GetVec4sForType	part_009	converted
0x97bb9878	164	GetPPStreamTypeForGLType	part_009	converted
0x97bb991c	260	GetScalerWidthForType	part_009	converted
0x97bb9a20	676	getOpenGLTypeFromTType	part_009	converted
0x97bb9d04	4	AddressTempAllocator__AddressTempAllocator	part_009	converted
0x97bb9d08	4	AddressTempAllocator__AddressTempAllocator_97bb9d08	part_009	converted
0x97bb9d0c	16	AddressTempAllocator__AddressTempAllocator_97bb9d0c	part_009	converted
0x97bb9d1c	8	AddressTempAllocator___AddressTempAllocator	part_009	converted
0x97bb9d24	8	AddressTempAllocator___AddressTempAllocator_97bb9d24	part_009	converted
0x97bb9d2c	16	AddressTempAllocator___AddressTempAllocator_97bb9d2c	part_009	converted
0x97bb9d3c	316	AddressTempAllocator__getTemporary	part_009	converted
0x97bb9e78	20	AddressTempAllocator__releaseTemporary	part_009	converted
0x97bb9e8c	4	TemporaryAllocator__TemporaryAllocator	part_009	converted
0x97bb9e90	4	TemporaryAllocator__TemporaryAllocator_97bb9e90	part_009	converted
0x97bb9e94	32	TemporaryAllocator__TemporaryAllocator_97bb9e94	part_009	converted
0x97bb9eb4	8	TemporaryAllocator___TemporaryAllocator	part_009	converted
0x97bb9ebc	8	TemporaryAllocator___TemporaryAllocator_97bb9ebc	part_009	converted
0x97bb9ec4	72	TemporaryAllocator___TemporaryAllocator_97bb9ec4	part_009	converted
0x97bb9f0c	408	TemporaryAllocator__getTemporary	part_009	converted
0x97bba0a4	100	TemporaryAllocator__releaseTemporary	part_009	converted
0x97bba108	72	ParseSymbol__ClearName	part_009	converted
0x97bba150	68	ParseSymbol__ClearDirectIndex	part_009	converted
0x97bba194	4	ParseSymbol__ParseSymbol	part_009	converted
0x97bba198	4	ParseSymbol__ParseSymbol_97bba198	part_009	converted
0x97bba19c	124	ParseSymbol__ParseSymbol_97bba19c	part_009	converted
0x97bba218	8	ParseSymbol___ParseSymbol	part_009	converted
0x97bba220	8	ParseSymbol___ParseSymbol_97bba220	part_009	converted
0x97bba228	116	ParseSymbol___ParseSymbol_97bba228	part_009	converted
0x97bba29c	4	ParseSymbol__ParseSymbol_97bba29c	part_009	converted
0x97bba2a0	4	ParseSymbol__ParseSymbol_97bba2a0	part_009	converted
0x97bba2a4	296	ParseSymbol__ParseSymbol_97bba2a4	part_009	converted
0x97bba3cc	328	ParseSymbol__operator_	part_009	converted
0x97bba514	148	operator___97bba514	part_009	converted
0x97bba5a8	616	ParseSymbol__ResolveOpenGLType	part_009	converted
0x97bba850	120	ParseSymbol__SetParseTreeType	part_009	converted
0x97bba8c8	84	ParseSymbol__SetChunk	part_009	converted
0x97bba91c	56	ParseSymbol__SetArrayPositionFromLastIndex	part_009	converted
0x97bba954	208	ParseSymbol__CatName	part_009	converted
0x97bbaa24	156	ParseSymbol__SetName	part_009	converted
0x97bbaac0	132	ParseSymbol__RemoveNameBackToChar	part_009	converted
0x97bbab44	424	ParseSymbol__ChangeArrayNameForArrayIndex	part_009	converted
0x97bbacec	36	ParseSymbol__RemoveArrayIndex	part_009	converted
0x97bbad10	156	ParseSymbol__TrimNameToBase	part_009	converted
0x97bbadac	196	ParseSymbol__AddDirectIndex	part_010	converted
0x97bbae70	64	ParseSymbol__PopDirectIndex	part_010	converted
0x97bbaeb0	16	ParseSymbol__RemoveDirectIndex	part_010	converted
0x97bbaec0	16	ParseSymbol__GetDirectIndex	part_010	converted
0x97bbaed0	724	ParseSymbol__GetString	part_010	converted
0x97bbb1a4	68	ParseOperand__ClearDirectIndex	part_010	converted
0x97bbb1e8	4	ParseOperand__ParseOperand	part_010	converted
0x97bbb1ec	4	ParseOperand__ParseOperand_97bbb1ec	part_010	converted
0x97bbb1f0	56	ParseOperand__ParseOperand_97bbb1f0	part_010	converted
0x97bbb228	4	ParseOperand__ParseOperand_97bbb228	part_010	converted
0x97bbb22c	4	ParseOperand__ParseOperand_97bbb22c	part_010	converted
0x97bbb230	232	ParseOperand__ParseOperand_97bbb230	part_010	converted
0x97bbb318	8	ParseOperand___ParseOperand	part_010	converted
0x97bbb320	8	ParseOperand___ParseOperand_97bbb320	part_010	converted
0x97bbb328	232	ParseOperand___ParseOperand_97bbb328	part_010	converted
0x97bbb410	220	ParseOperand__operator_	part_010	converted
0x97bbb4ec	328	operator___97bbb4ec	part_010	converted
0x97bbb634	88	ParseOperand__Clear	part_010	converted
0x97bbb68c	196	ParseOperand__AddDirectIndex	part_010	converted
0x97bbb750	64	ParseOperand__PopDirectIndex	part_010	converted
0x97bbb790	16	ParseOperand__RemoveDirectIndex	part_010	converted
0x97bbb7a0	16	ParseOperand__GetDirectIndex	part_010	converted
0x97bbb7b0	716	ParseOperand__GetAsDestVar	part_010	converted
0x97bbba7c	676	ParseOperand__GetAsSourceVar	part_010	converted
0x97bbbd20	52	ParseOperand__IsMatrix	part_010	converted
0x97bbbd54	76	ParseOperand__GetBaseSize	part_010	converted
0x97bbbda0	132	ParseOperand__GetLogicalSize	part_010	converted
0x97bbbe24	132	ParseOperand__isWriteable	part_010	converted
0x97bbbef8	184	ParseOperand__AddSwizzle	part_010	converted
0x97bbbfb0	16	ParseOperand__RemoveSwizzle	part_010	converted
0x97bbbfc0	12	ParseOperand__GetSwizzle	part_010	converted
0x97bbbfcc	68	ParseOperand__ClearSwizzles	part_010	converted
0x97bbc010	584	ParseOperand__GetString	part_010	converted
0x97bbc258	4	ParseSymbolTable__ParseSymbolTable	part_010	converted
0x97bbc25c	4	ParseSymbolTable__ParseSymbolTable_97bbc25c	part_010	converted
0x97bbc260	184	ParseSymbolTable__ParseSymbolTable_97bbc260	part_010	converted
0x97bbc318	8	ParseSymbolTable___ParseSymbolTable	part_010	converted
0x97bbc320	8	ParseSymbolTable___ParseSymbolTable_97bbc320	part_010	converted
0x97bbc328	92	ParseSymbolTable___ParseSymbolTable_97bbc328	part_010	converted
0x97bbc384	252	ParseSymbolTable__processOperand	part_010	converted
0x97bbc480	140	ParseSymbolTable__AddSymbol	part_010	converted
0x97bbc50c	1504	ParseSymbolTable__InsertSingleSymbol	part_010	converted
0x97bbcaec	216	ParseSymbolTable__FinishArrayAddition	part_010	converted
0x97bbcbc4	324	ParseSymbolTable__AddTempFromOutput	part_010	converted
0x97bbcd08	1028	ParseSymbolTable__AddFromExternalSymbol	part_010	converted
0x97bbd10c	952	ParseSymbolTable__InsertSymbol	part_010	converted
0x97bbd4c4	624	ParseSymbolTable__FindFirstElement	part_010	converted
0x97bbd734	120	ParseSymbolTable__FindSymbol	part_010	converted
0x97bbd7ac	24	ParseSymbolTable__NextSymbol	part_010	converted
0x97bbd7c4	20	ParseSymbolTable__NextSymbolInHash	part_010	converted
0x97bbd7d8	32	ParseSymbolTable__FirstSymbolInHash	part_010	converted
0x97bbd7f8	244	ParseSymbolTable__FindGlobalSymbolByName	part_010	converted
0x97bbd8ec	232	ParseSymbolTable__FindSymbolByName	part_010	converted
0x97bbd9d4	192	ParseSymbolTable__FindNextParamSymbolByName	part_010	converted
0x97bbda94	600	ParseSymbolTable__RemoveSymbol	part_010	converted
0x97bbdcec	704	ParseSymbolTable__RemoveEndSymbol	part_010	converted
0x97bbdfac	228	ParseSymbolTable__CopySymbolTable	part_010	converted
0x97bbe090	128	ParseSymbolTable__ChangeChunk	part_010	converted
0x97bbe110	40	ParseSymbolTable__ClearCompilerTempData	part_010	converted
0x97bbe138	84	ParseSymbolTable__Dump	part_010	converted
0x97bbe18c	992	ParseSymbolTable__GetString	part_011	converted
0x97bbe56c	304	TIntermSymbol__compileNode	part_011	converted
0x97bbe69c	340	TIntermConstantUnion__compileNode	part_011	converted
0x97bbe7f0	3444	TIntermBinary__compileNode	part_011	converted
0x97bbf564	1824	TIntermUnary__compileNode	part_011	converted
0x97bbfca4	4308	TIntermAggregate__compileNode	part_011	converted
0x97bc1348	2232	TIntermSelection__compileNode	part_011	converted
0x97bc1c00	3000	TIntermLoop__compileNode	part_011	converted
0x97bc27b8	1420	TIntermBranch__compileNode	part_011	converted
0x97bc2d44	312	TIntermSymbol__indirectNode	part_011	converted
0x97bc2e7c	340	TIntermConstantUnion__indirectNode	part_011	converted
0x97bc2fd0	1000	TIntermBinary__indirectNode	part_011	converted
0x97bc33b8	112	TIntermUnary__indirectNode	part_011	converted
0x97bc3428	232	TIntermAggregate__indirectNode	part_011	converted
0x97bc3510	204	TIntermSelection__indirectNode	part_011	converted
0x97bc35dc	200	TIntermLoop__indirectNode	part_011	converted
0x97bc36a4	88	TIntermBranch__indirectNode	part_011	converted
0x97bc36fc	4	ConstantAllocationList__ConstantAllocationList	part_011	converted
0x97bc3700	4	ConstantAllocationList__ConstantAllocationList_97bc3700	part_011	converted
0x97bc3704	16	ConstantAllocationList__ConstantAllocationList_97bc3704	part_011	converted
0x97bc3714	8	ConstantAllocationList___ConstantAllocationList	part_011	converted
0x97bc371c	8	ConstantAllocationList___ConstantAllocationList_97bc371c	part_011	converted
0x97bc3724	16	ConstantAllocationList___ConstantAllocationList_97bc3724	part_011	converted
0x97bc3734	68	ConstantAllocationList__clear	part_011	converted
0x97bc3778	320	ConstantAllocationList__addConstant	part_011	converted
0x97bc38b8	128	ConstantAllocationList__updateConstant	part_011	converted
0x97bc3938	132	ConstantAllocationList__getConstantUsage	part_011	converted
0x97bc39bc	20	newQueue	part_011	converted
0x97bc39d0	8	size	part_011	converted
0x97bc39d8	108	store	part_011	converted
0x97bc3a44	100	fetch	part_011	converted
0x97bc3aa8	4	ParseWhileLoopStack__ParseWhileLoopStack	part_011	converted
0x97bc3aac	4	ParseWhileLoopStack__ParseWhileLoopStack_97bc3aac	part_011	converted
0x97bc3ab0	12	ParseWhileLoopStack__ParseWhileLoopStack_97bc3ab0	part_011	converted
0x97bc3abc	16	ParseWhileLoopStack__empty	part_011	converted
0x97bc3acc	76	ParseWhileLoopStack__push	part_011	converted
0x97bc3b18	64	ParseWhileLoopStack__pop	part_011	converted
0x97bc3b58	28	ParseWhileLoopStack__continueLabel	part_011	converted
0x97bc3b74	28	ParseWhileLoopStack__breakLabel	part_011	converted
0x97bc3b90	4	ParseFunctionStack__ParseFunctionStack	part_011	converted
0x97bc3b94	4	ParseFunctionStack__ParseFunctionStack_97bc3b94	part_011	converted
0x97bc3b98	12	ParseFunctionStack__ParseFunctionStack_97bc3b98	part_011	converted
0x97bc3ba4	16	ParseFunctionStack__empty	part_011	converted
0x97bc3bb4	88	ParseFunctionStack__push	part_011	converted
0x97bc3c0c	80	ParseFunctionStack__pop	part_011	converted
0x97bc3c5c	28	ParseFunctionStack__current	part_011	converted
0x97bc3c78	28	ParseFunctionStack__getCurrentNumParams	part_011	converted
0x97bc3c94	20	ParseFunctionStack__setCurrentNumParams	part_011	converted
0x97bc3ca8	28	ParseFunctionStack__getLastParamOpIndex	part_011	converted
0x97bc3cc4	20	ParseFunctionStack__setLastParamOpIndex	part_011	converted
0x97bc3cd8	28	ParseFunctionStack__getCurrentParamList	part_011	converted
0x97bc3cf4	20	ParseFunctionStack__setCurrentParamList	part_011	converted
0x97bc3d08	244	TPPStreamCompiler__getVertex	part_011	converted
0x97bc3dfc	240	TPPStreamCompiler__getPosition	part_011	converted
0x97bc3eec	248	TPPStreamCompiler__getMVP	part_011	converted
0x97bc3fe4	460	TPPStreamCompiler__newNodeFromOperand	part_011	converted
0x97bc41b0	400	TPPStreamCompiler__newTemporary	part_011	converted
0x97bc4340	272	TPPStreamCompiler__newAddressTemp	part_011	converted
0x97bc4450	352	TPPStreamCompiler__newReturnValue	part_011	converted
0x97bc45b0	408	TPPStreamCompiler__newParam	part_011	converted
0x97bc4748	2092	TPPStreamCompiler__newIndirectOperandFromConstant	part_012	converted
0x97bc4f74	2416	TPPStreamCompiler__equalOperands	part_012	converted
0x97bc58e4	636	TPPStreamCompiler__duplicateDestinationSource	part_012	converted
0x97bc5b60	1892	TPPStreamCompiler__assignOperands	part_012	converted
0x97bc62c4	404	TPPStreamCompiler__getArrayOffset	part_012	converted
0x97bc6458	640	TPPStreamCompiler__constructReplicate	part_012	converted
0x97bc66d8	1452	TPPStreamCompiler__constructDiagonal	part_012	converted
0x97bc6c84	1744	TPPStreamCompiler__constructElement	part_012	converted
0x97bc7354	1620	TPPStreamCompiler__constructFromOperand	part_012	converted
0x97bc79dc	296	TPPStreamCompiler__construct	part_012	converted
0x97bc7b04	464	TPPStreamCompiler__FinishScalerSelect	part_012	converted
0x97bc7cd4	36	TPPStreamCompiler__LastOperationIndex	part_012	converted
0x97bc7cf8	100	TPPStreamCompiler__AddOperation	part_012	converted
0x97bc7d5c	952	TPPStreamCompiler__IndirectAddressHandler	part_012	converted
0x97bc8114	88	TPPStreamCompiler__IndirectAddressHandler_97bc8114	part_012	converted
0x97bc816c	108	TPPStreamCompiler__IndirectAddressHandler_97bc816c	part_012	converted
0x97bc81d8	128	TPPStreamCompiler__IndirectAddressHandler_97bc81d8	part_012	converted
0x97bc8258	188	TPPStreamCompiler__IndirectAddressHandler_97bc8258	part_012	converted
0x97bc8314	472	TPPStreamCompiler__getNewConstantSourceVar	part_012	converted
0x97bc84ec	1296	TPPStreamCompiler__getConstantAsSourceVar	part_012	converted
0x97bc89fc	256	TPPStreamCompiler__generateAddressLoad	part_012	converted
0x97bc8afc	76	TPPStreamCompiler__getOperandAsDestVar	part_012	converted
0x97bc8b48	420	TPPStreamCompiler__getOperandAsSourceVar	part_012	converted
0x97bc8cec	544	TPPStreamCompiler__removeOrphanedCompilerTemp	part_012	converted
0x97bc8f0c	1476	TPPStreamCompiler__copyPropagateCompilerTemp	part_012	converted
0x97bc94d0	480	TPPStreamCompiler__parseIntermediateTree	part_012	converted
0x97bc96b0	4	TPPStreamCompiler__TPPStreamCompiler	part_012	converted
0x97bc96b4	4	TPPStreamCompiler__TPPStreamCompiler_97bc96b4	part_012	converted
0x97bc96b8	284	TPPStreamCompiler__TPPStreamCompiler_97bc96b8	part_012	converted
0x97bc97d4	8	TPPStreamCompiler___TPPStreamCompiler	part_012	converted
0x97bc97dc	8	TPPStreamCompiler___TPPStreamCompiler_97bc97dc	part_012	converted
0x97bc97e4	8	TPPStreamCompiler___TPPStreamCompiler_97bc97e4	part_012	converted
0x97bc97ec	536	TPPStreamCompiler___TPPStreamCompiler_97bc97ec	part_012	converted
0x97bc9a04	304	TPPStreamCompiler__error	part_012	converted
0x97bc9b34	296	TPPStreamCompiler__warning	part_012	converted
0x97bc9c5c	196	TPPStreamCompiler__getSymbolTableString	part_012	converted
0x97bc9d20	220	TPPStreamCompiler__dumpSymbolTableInfo	part_012	converted
0x97bc9dfc	4	TPPStreamCompiler__reportStats	part_012	converted
0x97bc9e00	324	TPPStreamCompiler__reset	part_012	converted
0x97bc9f44	332	TPPStreamCompiler__compile	part_012	converted
0x97bca090	108	TPPStreamCompiler__getStatsString	part_012	converted
0x97bca0fc	144	TPPStreamCompiler__getPPStreamString	part_012	converted
0x97bca18c	148	TPPStreamCompiler__getShaderToProgramString	part_012	converted
0x97bca220	72	TPPStreamCompiler__getTableString	part_012	converted
0x97bca268	72	ConstructCompiler	part_012	converted
0x97bca2b0	24	DeleteCompiler	part_012	converted
0x97bca2c8	748	GetBuiltInInitialSwizzle	part_012	converted
0x97bca5b4	8452	GetBuiltInChunkForSymbol	part_012	converted
0x97bcc6b8	592	GetChunkForSymbol	part_012	converted
0x97bcc93c	4	FunctionTable__FunctionTable	part_012	converted
0x97bcc940	4	FunctionTable__FunctionTable_97bcc940	part_012	converted
0x97bcc944	16	FunctionTable__FunctionTable_97bcc944	part_012	converted
0x97bcc954	8	FunctionTable___FunctionTable	part_012	converted
0x97bcc95c	8	FunctionTable___FunctionTable_97bcc95c	part_012	converted
0x97bcc964	4	FunctionTable___FunctionTable_97bcc964	part_012	converted
0x97bcc968	120	FunctionTable__clear	part_012	converted
0x97bcc9e0	284	FunctionTable__addFunction	part_012	converted
0x97bccafc	168	FunctionTable__removeFunction	part_012	converted
0x97bccba4	20	FunctionTable__setReturnVal	part_012	converted
0x97bccbb8	20	FunctionTable__setEmpty	part_012	converted
0x97bccbcc	20	FunctionTable__setNumParams	part_013	converted
0x97bccbe0	20	FunctionTable__setFirstOp	part_013	converted
0x97bccbf4	20	FunctionTable__setLastOp	part_013	converted
0x97bccc08	168	FunctionTable__updateForRemovingChunk	part_013	converted
0x97bcccb0	132	FunctionTable__findFunction	part_013	converted
0x97bccd34	16	FunctionTable__getFunctionName	part_013	converted
0x97bccd44	20	FunctionTable__getReturnVal	part_013	converted
0x97bccd58	20	FunctionTable__getEmpty	part_013	converted
0x97bccd6c	20	FunctionTable__getNumParams	part_013	converted
0x97bccd80	20	FunctionTable__getFirstOp	part_013	converted
0x97bccd94	20	FunctionTable__getLastOp	part_013	converted
0x97bccda8	4	FunctionTable__dump	part_013	converted
0x97bccdac	60	_InterpreterCreate	part_013	converted
0x97bccde8	48	_InterpreterFree	part_013	converted
0x97bcce18	72	_InterpreterInit	part_013	converted
0x97bcce60	8	_InterpreterShutdown	part_013	converted
0x97bcce68	12	_InterpreterAttachEmulatorContext	part_013	converted
0x97bcce74	1208	_InterpreterPackPixel	part_013	converted
0x97bcd32c	428	_InterpreterUnpackPixel	part_013	converted
0x97bcd4d8	1100	_InterpreterWriteDestination	part_013	converted
0x97bcd924	796	_InterpreterLoadSource	part_013	converted
0x97bcdc40	240	_InterpreterTestCR	part_013	converted
0x97bcdd50	20820	_InterpreterEmulateOp	part_013	converted
0x97bd3068	376	_InterpreterWriteFinalFragmentToBuffer	part_013	converted
0x97bd31e0	1020	_InterpreterRun	part_013	converted
0x97bd35dc	12	_InterpreterTextureSamplerCreate	part_013	converted
0x97bd35e8	16	_InterpreterTextureSamplerInitialise	part_013	converted
0x97bd35fc	8	_InterpreterTextureSamplerAttachGLDContext	part_013	converted
0x97bd3604	8	_InterpreterTextureSamplerSetProjectionEnabled	part_013	converted
0x97bd360c	8	_InterpreterTextureSamplerSetLodBiasEnabled	part_013	converted
0x97bd3614	12	_InterpreterTextureSamplerAttachDerivatives	part_013	converted
0x97bd3620	512	_InterpreterTextureSamplerSampleTexel1D	part_013	converted
0x97bd3820	512	_InterpreterTextureSamplerSampleTexel2D	part_013	converted
0x97bd3a20	512	_InterpreterTextureSamplerSampleTexel3D	part_013	converted
0x97bd3c28	528	_InterpreterTextureSamplerWrapCoordinate	part_013	converted
0x97bd3e38	276	_InterpreterTextureSamplerCalculateLambda1D	part_013	converted
0x97bd3f4c	348	_InterpreterTextureSamplerCalculateLambda2D	part_013	converted
0x97bd40a8	360	_InterpreterTextureSamplerCalculateLambda3D	part_013	converted
0x97bd4210	876	_InterpreterTextureSamplerSampleTexel1DFromLevel	part_013	converted
0x97bd457c	1196	_InterpreterTextureSamplerSampleTexel2DFromLevel	part_013	converted
0x97bd4a28	1768	_InterpreterTextureSamplerSampleTexel3DFromLevel	part_013	converted
0x97bd5110	1056	_InterpreterTextureSamplerSampleTexelRECTFromLevel	part_013	converted
0x97bd5530	172	_InterpreterTextureSamplerLoadTexel1D	part_013	converted
0x97bd55dc	188	_InterpreterTextureSamplerLoadTexel2D	part_013	converted
0x97bd5698	204	_InterpreterTextureSamplerLoadTexel3D	part_013	converted
0x97bd5764	60	_InterpreterNoiseGeneratorCreate	part_013	converted
0x97bd57a0	280	_InterpreterNoiseGeneratorInitialise	part_013	converted
0x97bd58bc	156	_InterpreterNoiseGeneratorSmoothHermiteCurve	part_013	converted
0x97bd5958	100	_InterpreterNoiseGeneratorInterpolate	part_013	converted
0x97bd59bc	476	_InterpreterNoiseGeneratorInterpolatedNoise1D	part_013	converted
0x97bd5b98	544	_InterpreterNoiseGeneratorInterpolatedNoise2D	part_013	converted
0x97bd5db8	784	_InterpreterNoiseGeneratorInterpolatedNoise3D	part_013	converted
0x97bd60c8	240	_InterpreterNoiseGeneratorCalculate1D	part_013	converted
0x97bd61b8	248	_InterpreterNoiseGeneratorCalculate2D	part_013	converted
0x97bd62b0	256	_InterpreterNoiseGeneratorCalculate3D	part_013	converted
0x97bd63b4	60	_InterpreterRasterOpMachineCreate	part_013	converted
0x97bd63f0	16	_InterpreterRasterOpMachineInitialise	part_013	converted
0x97bd6404	8	_InterpreterRasterOpMachineAttachEmulatorContext	part_013	converted
0x97bd640c	8	_InterpreterRasterOpMachineAttachRuntimeCompiler	part_013	converted
0x97bd6414	236	_InterpreterRasterOpMachine_DepthTest	part_013	converted
0x97bd6520	732	_InterpreterRasterOpMachine_DepthAndStencilTest	part_014	converted
0x97bd683c	1548	_InterpreterRasterOpMachine_AlphaTest	part_014	converted
0x97bd6e88	1252	_InterpreterRasterOpMachine_Blending	part_014	converted
0x97bd7394	1208	_InterpreterRasterOpMachine_LogicOp	part_014	converted
0x97bd7874	128	_InterpreterRasterOpMachine_BufferMask	part_014	converted
0x97bd78f4	664	_InterpreterRasterOpMachineCalculateBlendingFactors	part_014	converted
0x97bd7bc8	212	_InterpreterRasterOpMachineUpdateStencilBuffer	part_014	converted
0x97bd7cbc	48	_glpRTCAddAChunk	part_014	converted
0x97bd7cec	88	_PPCRuntimeCompilerCreate	part_014	converted
0x97bd7d44	76	_PPCRuntimeCompilerInitialise	part_014	converted
0x97bd7d90	156	_PPCRuntimeCompilerInitialiseRegisterAllocator	part_014	converted
0x97bd7e2c	224	_PPCRuntimeCompilerInitialiseVariableInfo	part_014	converted
0x97bd7f0c	80	_PPCRuntimeCompilerFree	part_014	converted
0x97bd7f5c	4	_PPCRuntimeCompilerOutputAllRegisters	part_014	converted
0x97bd7f60	12	_PPCRuntimeCompilerAttachEmulatorContext	part_014	converted
0x97bd7f6c	8	_PPCRuntimeCompilerAttachEmulatorProgram	part_014	converted
0x97bd7f74	16	_PPCRuntimeCompilerSetOptionFlags	part_014	converted
0x97bd7f84	224	_PPCRuntimeCompilerCalculateIndirectAddress	part_014	converted
0x97bd8064	2736	_PPCRuntimeCompilerLoadRegister	part_014	converted
0x97bd8b14	2144	_PPCRuntimeCompilerBackupRegister	part_014	converted
0x97bd9374	120	_PPCRuntimeCompilerSaveAllTemporariesToMemory	part_014	converted
0x97bd93ec	1400	_PPCRuntimeCompilerSaveRegisterToMemory	part_014	converted
0x97bd9964	112	_PPCRuntimeCompilerDirtyRegister	part_014	converted
0x97bd99d4	436	_PPCRuntimeCompilerDirtyRegistersWithData	part_014	converted
0x97bd9b88	136	_PPCRuntimeCompilerDirtyRegistersWithIndirectData	part_014	converted
0x97bd9c10	136	_PPCRuntimeCompilerDirtyRegistersContainingAttributes	part_014	converted
0x97bd9c98	136	_PPCRuntimeCompilerDirtyRegistersContainingTemps	part_014	converted
0x97bd9d20	136	_PPCRuntimeCompilerDirtyRegistersContainingParams	part_014	converted
0x97bd9da8	148	_PPCRuntimeCompilerSetRegister	part_014	converted
0x97bd9e3c	560	_PPCRuntimeCompilerRegisterContainsData	part_014	converted
0x97bda06c	16	_PPCRuntimeCompilerGetBaseIndexInRegister	part_014	converted
0x97bda07c	88	_PPCRuntimeCompilerGetOffsetInRegister	part_014	converted
0x97bda0d4	104	_PPCRuntimeCompilerBuildTransferSwizzle	part_014	converted
0x97bda13c	2444	_PPCRuntimeCompilerSwizzleRegisterAV	part_014	converted
0x97bdaac8	88	_PPCRuntimeCompilerFindVariableInfo	part_014	converted
0x97bdab20	348	_PPCRuntimeCompilerLoadSourceNO	part_014	converted
0x97bdac7c	268	_PPCRuntimeCompilerLoadSourceAV	part_014	converted
0x97bdad88	368	_PPCRuntimeCompilerWriteDestinationNO	part_014	converted
0x97bdaef8	748	_PPCRuntimeCompilerWriteDestinationAV	part_014	converted
0x97bdb1e4	576	_PPCRuntimeCompilerTestConditionRegisterAV	part_014	converted
0x97bdb444	568	_PPCRuntimeCompilerWriteFinalFragmentToBuffer	part_014	converted
0x97bdb67c	828	_PPCRuntimeCompilerWritePrologNO	part_014	converted
0x97bdb9b8	352	_PPCRuntimeCompilerWriteEpilogNO	part_014	converted
0x97bdbb18	1132	_PPCRuntimeCompilerWritePrologAV	part_014	converted
0x97bdbf84	304	_PPCRuntimeCompilerWriteEpilogAV	part_014	converted
0x97bdc0b4	548	_PPCRuntimeCompilerStride	part_014	converted
0x97bdc2d8	92	_PPCRuntimeCompilerLoop	part_014	converted
0x97bdc334	5348	_PPCRuntimeCompilerCompileNO	part_014	converted
0x97bdda38	15728	_PPCRuntimeCompilerCompileAV	part_014	converted
0x97be1be0	8	_PPCRuntimeCompilerGetCompiledResult	part_014	converted
0x97be1be8	12	_PPCTextureSamplerCreate	part_014	converted
0x97be1bf4	16	_PPCTextureSamplerInitialise	part_014	converted
0x97be1c08	8	_PPCTextureSamplerAttachGLDContext	part_014	converted
0x97be1c10	8	_PPCTextureSamplerSetProjectionEnabled	part_014	converted
0x97be1c18	8	_PPCTextureSamplerSetLodBiasEnabled	part_014	converted
0x97be1c20	12	_PPCTextureSamplerAttachDerivatives	part_014	converted
0x97be1c2c	48	_glpRTCAddAChunk_97be1c2c	part_014	converted
0x97be1c5c	8	_PPCTextureSamplerSampleTexel1DRTCNO	part_014	converted
0x97be1c64	560	_PPCTextureSamplerSampleTexel2DRTCNO	part_014	converted
0x97be1e94	8	_PPCTextureSamplerSampleTexel3DRTCNO	part_014	converted
0x97be1e9c	488	_PPCTextureSamplerSampleTexelRECTRTCNO	part_015	converted
0x97be2084	144	_PPCTextureSamplerWrapCoordinates1DRTCAV	part_015	converted
0x97be2114	212	_PPCTextureSamplerWrapCoordinates2DRTCAV	part_015	converted
0x97be21e8	328	_PPCTextureSamplerWrapCoordinates3DRTCAV	part_015	converted
0x97be2330	780	_PPCTextureSamplerSampleTexel1DRTCAV	part_015	converted
0x97be263c	780	_PPCTextureSamplerSampleTexel2DRTCAV	part_015	converted
0x97be2948	780	_PPCTextureSamplerSampleTexel3DRTCAV	part_015	converted
0x97be2c58	960	_PPCTextureSamplerSampleTexel1DFromLevelRTCAV	part_015	converted
0x97be3018	1172	_PPCTextureSamplerSampleTexel2DFromLevelRTCAV	part_015	converted
0x97be34ac	1612	_PPCTextureSamplerSampleTexel3DFromLevelRTCAV	part_015	converted
0x97be3af8	1084	_PPCTextureSamplerSampleTexelRECTFromLevelRTCAV	part_015	converted
0x97be3f34	56	_PPCNoiseGeneratorCreate	part_015	converted
0x97be3f6c	280	_PPCNoiseGeneratorInitialise	part_015	converted
0x97be4088	48	_glpRTCAddAChunk_97be4088	part_015	converted
0x97be40b8	228	_PPCNoiseGeneratorCalculate1DAVRTC	part_015	converted
0x97be419c	228	_PPCNoiseGeneratorCalculate2DAVRTC	part_015	converted
0x97be4280	228	_PPCNoiseGeneratorCalculate3DAVRTC	part_015	converted
0x97be4364	8	_PPCNoiseGeneratorCalculate4DAVRTC	part_015	converted
0x97be436c	60	_PPCRasterOpMachineCreate	part_015	converted
0x97be43a8	16	_PPCRasterOpMachineInitialise	part_015	converted
0x97be43bc	8	_PPCRasterOpMachineAttachEmulatorContext	part_015	converted
0x97be43c4	8	_PPCRasterOpMachineAttachRuntimeCompiler	part_015	converted
0x97be43cc	272	_PPCRasterOpMachine_DepthTestRTCAV	part_015	converted
0x97be44fc	1172	_PPCRasterOpMachine_DepthAndStencilTestRTCAV	part_015	converted
0x97be49d0	616	_PPCRasterOpMachine_AlphaTestRTCAV	part_015	converted
0x97be4c58	888	_PPCRasterOpMachine_BlendingRTCAV	part_015	converted
0x97be4ff8	520	_PPCRasterOpMachine_LogicOpRTCAV	part_015	converted
0x97be5234	208	_PPCRasterOpMachine_BufferMaskRTCAV	part_015	converted
0x97be5304	400	_PPCRasterOpMachineCalculateBlendingFactorsRTCAV	part_015	converted
0x97be54d0	468	_PPCRasterOpMachineUpdateStencilBufferRTCAV	part_015	converted
0x97be56c4	56	_PPCConstantsAndScratchCreate	part_015	converted
0x97be5700	1196	_PPCConstantsAndScratchInitialise	part_015	converted
0x97be5bac	8	_PPEmulatorAttachProgram	part_015	converted
0x97be5bb4	24	_PPEmulatorGetEmulationLevel	part_015	converted
0x97be5bcc	24	_PPEmulatorFramebufferFormat	part_015	converted
0x97be5be4	8	_PPEmulatorEmulateSingleOp	part_015	converted
0x97be5bec	116	_PPEmulatorRun	part_015	converted
0x97be5c60	576	_PPEmulatorBuild	part_015	converted
0x97be5ea0	8	_PPEmulatorRunNoop	part_015	converted
0x97be5ea8	108	_PPEmulatorVariableSwizzleFromMask	part_015	converted
0x97be5f14	68	_PPEmulatorVariableMaskFromSwizzle	part_015	converted
0x97be5f58	144	_ncpy	part_015	converted
0x97be5fe8	676	_glpWriteSizeTypePrecision	part_015	converted
0x97be62a0	224	_glpWritePrecision	part_015	converted
0x97be6380	236	_glpWriteOperandSize	part_015	converted
0x97be646c	472	_glpWriteSizeType	part_015	converted
0x97be6658	216	_glpWriteClampSat	part_015	converted
0x97be6730	2328	_glpWriteDestinationOperand	part_015	converted
0x97be70a0	820	_glpWriteAddressOperand	part_015	converted
0x97be73d4	1476	_glpWriteSourceOperandType	part_015	converted
0x97be79ac	488	_glpWriteSourceOperandSwizzle	part_015	converted
0x97be7b94	1024	_glpWriteSourceOperandExtendedSwizzle	part_015	converted
0x97be7fc0	380	_glpWriteSourceOperand	part_015	converted
0x97be813c	796	_glpWriteBranchOperand	part_015	converted
0x97be8478	736	_glpWriteTextureOperand	part_015	converted
0x97be8778	4416	_glpDisassemble1Op	part_015	converted
0x97be9b20	96	_isTempArrayStart	part_015	converted
0x97be9b80	96	_isParamArrayStart	part_015	converted
0x97be9be0	212	_InsertLabel	part_015	converted
0x97be9cb4	124	_adjustAllocation	part_015	converted
0x97be9d30	27772	_glpPPDisassemble	part_016	converted
0x97bf0d2c	112	_handleDigit	part_016	converted
0x97bf0d9c	116	_PPStreamChunkCreateWithType	part_016	converted
0x97bf0e10	212	_PPStreamChunkCompare	part_016	converted
0x97bf0f14	84	_PPStreamChunkListInsertChunkBeforeChunk	part_016	converted
0x97bf0f68	116	_PPStreamChunkListInsertChunkAfterChunk	part_016	converted
0x97bf0fdc	88	_PPStreamChunkListRemoveChunkNoFree	part_016	converted
0x97bf1034	132	_PPStreamChunkListCompare	part_016	converted
0x97bf10b8	636	_PPStreamDuplicate	part_016	converted
0x97bf1334	92	_PPStreamAddTempUsageArray	part_016	converted
0x97bf1390	84	_PPStreamAddAddressUsage	part_016	converted
0x97bf13e4	92	_PPStreamAddParamBindingArray	part_016	converted
0x97bf1440	288	_PPStreamInsertOperationBeforeChunk	part_016	converted
0x97bf1560	236	_PPStreamInsertOperationAfterChunk	part_016	converted
0x97bf164c	128	_PPStreamAddLabel	part_016	converted
0x97bf16cc	96	_PPStreamRemoveLabelsAtOperationIndex	part_016	converted
0x97bf172c	92	_PPStreamAddRasterOp	part_016	converted
0x97bf1788	1212	_PPStreamAttachStream	part_016	converted
0x97bf1c44	328	_PPStreamCompare	part_016	converted
0x97bf1d8c	332	_PPStreamRenumberOperandIndices	part_016	converted
0x97bf1ed8	56	_renumberTempArrayIndices	part_016	converted
0x97bf1f10	56	_renumberParamArrayIndices	part_016	converted
0x97bf1f48	72	_renumberLabels	part_016	converted
0x97bf1f90	148	_renumberTargets	part_016	converted
0x97bf20a8	84	_PPStreamChangeBranchTargets	part_016	converted
0x97bf20fc	612	_PPStreamPackIndices	part_016	converted
0x97bf2360	168	_PPStreamSortParamConstants	part_016	converted
0x97bf2408	340	_PPStreamResolveBranches	part_016	converted
0x97bf255c	152	_PPStreamGetArray	part_016	converted
0x97bf25f4	240	_PPStreamFindDuplicateChunk	part_016	converted
0x97bf2714	192	_PPStreamRemoveOperation	part_016	converted
0x97bf27d4	124	_adjustAllocation_97bf27d4	part_016	converted
0x97bf2850	144	_ncpy_97bf2850	part_016	converted
0x97bf28e0	180	_glpSourceSign	part_016	converted
0x97bf2994	1080	_glpSourceType	part_016	converted
0x97bf2dcc	504	_glpSourceComponents	part_016	converted
0x97bf2fc4	244	_glpWriteComponentsWithDestinationSwizzle	part_016	converted
0x97bf30b8	128	_glpWriteSourceOperand_97bf30b8	part_016	converted
0x97bf3138	1312	_glpWriteDestinationMask	part_016	converted
0x97bf3658	348	_glpWriteDestinationOperand_97bf3658	part_016	converted
0x97bf37b4	760	_glpWriteTextureOperand_97bf37b4	part_016	converted
0x97bf3acc	56112	_glpDisassemble2Op	part_016	converted
0x97c017c0	96	_isParamArrayStart_97c017c0	part_016	converted
0x97c01820	15972	_glpPPShaderToProgramString	part_016	converted
0x97c057a4	472	_glpPPShaderToProgram	part_016	converted
0x97c0597c	12	_glpFreePPShaderToProgram	part_016	converted
0x97c05988	344	_glpUniformToFloat	part_016	converted
0x97c05ae0	144	_glpUniformsToFloats	part_016	converted
0x97c05b70	112	_handleDigit_97c05b70	part_016	converted
0x97c05be0	68	_clearFuncInfoList	part_016	converted
0x97c05c24	60	_UpdateFunctionIndex	part_016	converted
0x97c05c60	188	_RecordFunctionCall	part_016	converted
0x97c05d1c	72	_RecordFunctionEdge	part_016	converted
0x97c05d64	92	_ClearJumpTable	part_016	converted
0x97c05dc0	396	_AddOpToJumpTable	part_016	converted
0x97c05fd0	68	_UpdateFunctionTable	part_016	converted
0x97c06014	48	_FindFunctionIndex	part_016	converted
0x97c06044	1488	_InlineFunctionsBranch	part_016	converted
0x97c06614	84	_IsParamSampler	part_016	converted
0x97c06668	152	_GetStreamArray	part_016	converted
0x97c06700	164	_FindMatchingAvailableCopy	part_017	converted
0x97c067a4	444	_UpdateACUsingAvailableCopyTable	part_017	converted
0x97c06960	1196	_AddToAvailableCopyTable	part_017	converted
0x97c06e0c	304	_FindInAvailableCopyTableSource	part_017	converted
0x97c06f3c	756	_CheckRemoveAvailableCopyTable	part_017	converted
0x97c07230	580	_ReplaceUsingAvailableCopyTable	part_017	converted
0x97c07474	152	_RemoveFromAvailableCopyTable	part_017	converted
0x97c0750c	80	_CopyPropagateOperation	part_017	converted
0x97c0755c	132	_EndLocalAvailableCopyList	part_017	converted
0x97c075e0	236	_LocalCopyPropagator	part_017	converted
0x97c076cc	144	_EmbedSamplerParamIndices	part_017	converted
0x97c0775c	916	_LinearizeFixOutputReads	part_017	converted
0x97c07af0	320	_glpPPShaderLinearizeStreamMgr	part_017	converted
0x97c07c30	156	_glpPPShaderLinearize	part_017	converted
0x97c07ccc	12	_glpFreePPShaderLinearize	part_017	converted
0x97c07cd8	104	_BitSetNew	part_017	converted
0x97c07d40	64	_BitSetClone	part_017	converted
0x97c07d80	52	_BitSetFree	part_017	converted
0x97c07db4	8	_BitSetGetSizeInBits	part_017	converted
0x97c07dbc	88	_BitSetGetEquals	part_017	converted
0x97c07e14	88	_BitSetSetEquals	part_017	converted
0x97c07e6c	88	_BitSetClearEquals	part_017	converted
0x97c07ec4	84	_BitSetSetRangeEquals	part_017	converted
0x97c07f18	100	_BitSetSetRangeEqualsInternal	part_017	converted
0x97c07f7c	60	_BitSetExpandEquals	part_017	converted
0x97c07fb8	112	_BitSetSetSizeEquals	part_017	converted
0x97c08030	136	_BitSetNextSetBit	part_017	converted
0x97c080b8	128	_BitSetAndEquals	part_017	converted
0x97c08138	128	_BitSetAndNotEquals	part_017	converted
0x97c081b8	128	_BitSetOrEquals	part_017	converted
0x97c08238	128	_BitSetXorEquals	part_017	converted
0x97c082b8	120	_BitSetCopyEquals	part_017	converted
0x97c08330	144	_BitSetEqualsTest	part_017	converted
0x97c083c0	136	_BitSetAndTest	part_017	converted
0x97c08448	136	_BitSetAndNotTest	part_017	converted
0x97c084d0	136	_BitSetOrTest	part_017	converted
0x97c08558	136	_BitSetXorTest	part_017	converted
0x97c085e0	4	_defaultHashFunction	part_017	converted
0x97c085e4	8	_defaultEqualsFunction	part_017	converted
0x97c085ec	192	_HashSetNew	part_017	converted
0x97c086ac	132	_HashSetFree	part_017	converted
0x97c08730	272	_HashSetAdd	part_017	converted
0x97c08840	176	_HashSetGet	part_017	converted
0x97c088f0	184	_HashSetRemove	part_017	converted
0x97c089a8	24	_HashSetIteratorSetup	part_017	converted
0x97c089c0	160	_HashSetIteratorNext	part_017	converted
0x97c08a60	84	_HashTableNew	part_017	converted
0x97c08ab4	160	_HashTableFree	part_017	converted
0x97c08b54	336	_HashTableAdd	part_017	converted
0x97c08ca4	184	_HashTableGet	part_017	converted
0x97c08d5c	196	_HashTableRemove	part_017	converted
0x97c08e20	32	_GetValidArgs	part_017	converted
0x97c08e40	164	_GetStreamArray_97c08e40	part_017	converted
0x97c08ee4	168	_GetRegisterIndicies	part_017	converted
0x97c08f8c	160	_GetRegister	part_017	converted
0x97c09040	364	_BuildGenKill	part_017	converted
0x97c091ac	240	_BuildLiveOut	part_017	converted
0x97c0929c	436	_BuildInterferenceSets	part_017	converted
0x97c09450	612	_RegistersMerge	part_017	converted
0x97c096b4	440	_DeadCodeEliminationSimple	part_017	converted
0x97c0986c	140	_RegistersReInterfere	part_018	converted
0x97c098f8	568	_RegistersReplace	part_018	converted
0x97c09b30	628	_RegistersCleanup	part_018	converted
0x97c09db8	40	_RegisterIsMergeable	part_018	converted
0x97c09de0	168	_RegisterCanMerge	part_018	converted
0x97c09e88	40	_RegisterIsFixed	part_018	converted
0x97c09eb0	136	_RegisterVectorCanMerge	part_018	converted
0x97c09f38	116	_RegisterVectorIsFixed	part_018	converted
0x97c09fac	232	_RegisterAdd	part_018	converted
0x97c0a094	16	_RegisterFree	part_018	converted
0x97c0a0a4	1324	_InstructionAdd	part_018	converted
0x97c0a65c	88	_InstructionFree	part_018	converted
0x97c0a6b4	160	_BlockAdd	part_018	converted
0x97c0a754	236	_BlockFree	part_018	converted
0x97c0a840	104	_RegistersInitialize	part_018	converted
0x97c0a8a8	424	_Registerify	part_018	converted
0x97c0aa50	124	_RegistersFree	part_018	converted
0x97c0aacc	148	_GetOrAddBlock	part_018	converted
0x97c0ab60	84	_GetBlockFrom	part_018	converted
0x97c0abb4	36	_GetBlock	part_018	converted
0x97c0abd8	752	_Blockify	part_018	converted
0x97c0b054	144	_BlockAddSuccessor	part_018	converted
0x97c0b0e4	16	_BlockAddPredecessor	part_018	converted
0x97c0b0f4	124	_BlocksFree	part_018	converted
0x97c0b170	152	_ProgramNew	part_018	converted
0x97c0b208	76	_ProgramFree	part_018	converted
0x97c0b254	468	_FlattenIfs	part_018	converted
0x97c0b4ac	36	_regEqualsFunction	part_018	converted
0x97c0b4d0	128	_AddTempRegister	part_018	converted
0x97c0b550	436	_AddConstantParam	part_018	converted
0x97c0b704	544	_GetRegisterTypeInfo	part_018	converted
0x97c0b938	3384	_FlattenIf	part_018	converted
0x97c0c670	208	_IsBadUsage	part_018	converted
0x97c0c740	220	_ClearDestedOpRegisters	part_018	converted
0x97c0c81c	92	_ClearDestedRegisters	part_018	converted
0x97c0c878	100	_ClearRegisterState	part_018	converted
0x97c0c8dc	8892	_EmulateOp	part_018	converted
0x97c0efd8	96	_UpdateScope	part_018	converted
0x97c0f094	240	_GetOpRegs	part_018	converted
0x97c0f184	2520	_DetectConstantLoopsSimple	part_018	converted
0x97c0fb5c	1808	_UnrollConstantLoopsSimple	part_018	converted
0x97c102f4	596	_UnrollConstantLoopSimple	part_018	converted
0x97c10548	384	_RepifyConstantLoopSimple	part_018	converted
0x97c106c8	536	_ConstantPropagateFold	part_018	converted
0x97c108e0	68	_glpDCBAlloc	part_018	converted
0x97c10a24	12	_glpDCBFree	part_018	converted
0x97c10a30	200	_PPParserMacroCreateFromMacro	part_018	converted
0x97c10af8	100	_PPParserIdentifierCreateFromIdentifier	part_018	converted
0x97c10b5c	172	_PPParserScopeCreateFromScope	part_018	converted
0x97c10c08	16	_PPParserInitFromParent	part_018	converted
0x97c10c18	44	_PPParserInherit	part_018	converted
0x97c10c44	92	_PPParserDeclareNVAddressRegisters	part_018	converted
0x97c10ca0	236	_PPParserParseBlock	part_018	converted
0x97c10d8c	240	_PPParserParseDefaultArray	part_018	converted
0x97c10e7c	320	_PPParserParseRangeArray	part_018	converted
0x97c10fbc	620	_PPParserParseIndirectArray	part_018	converted
0x97c11228	340	_PPParserParseAddressDeclaration	part_018	converted
0x97c1137c	68	_PPParserParseBranchLabel	part_018	converted
0x97c113c0	256	_PPParserParseLabel	part_018	converted
0x97c114c0	348	_PPParserParseAddressDestination	part_018	converted
0x97c1161c	972	_PPParserParseBranchCondition	part_019	converted
0x97c119e8	140	_PPParserParseAddressSourceVar	part_019	converted
0x97c11a74	720	_PPParserParseMacroDeclaration	part_019	converted
0x97c11d44	664	_PPParserExpandMacro	part_019	converted
0x97c11fdc	912	_PPParserBuildErrorString	part_019	converted
0x97c12464	156	_pow_10	part_019	converted
0x97c12500	824	_glp_strtod	part_019	converted
0x97c12838	1096	_glp_dtostr	part_019	converted
0x97c12c80	68	std____throw_bad_exception	part_019	converted
0x97c12cc4	68	std____throw_bad_alloc	part_019	converted
0x97c12d08	68	std____throw_bad_cast	part_019	converted
0x97c12d4c	68	std____throw_bad_typeid	part_019	converted
0x97c12d90	132	std____throw_logic_error	part_019	converted
0x97c12e18	132	std____throw_domain_error	part_019	converted
0x97c12ea0	132	std____throw_invalid_argument	part_019	converted
0x97c12f28	132	std____throw_length_error	part_019	converted
0x97c12fb0	132	std____throw_out_of_range	part_019	converted
0x97c13038	132	std____throw_runtime_error	part_019	converted
0x97c130c0	132	std____throw_range_error	part_019	converted
0x97c13148	132	std____throw_overflow_error	part_019	converted
0x97c131d0	132	std____throw_underflow_error	part_019	converted
0x97c13258	8	std__string___M_data	part_019	converted
0x97c13260	12	std__string___M_data_97c13260	part_019	converted
0x97c1326c	12	std__string___M_rep	part_019	converted
0x97c13278	12	std__string___M_ibegin	part_019	converted
0x97c13284	12	std__string__size	part_019	converted
0x97c13290	20	std__string___M_iend	part_019	converted
0x97c132a4	12	std__string___Rep___M_is_leaked	part_019	converted
0x97c132b0	20	std__string___M_leak	part_019	converted
0x97c132c4	112	std__string___M_check	part_019	converted
0x97c13334	100	std__string___M_fold	part_019	converted
0x97c13398	36	std__string___S_copy_chars	part_019	converted
0x97c133bc	36	std__string___S_copy_chars_97c133bc	part_019	converted
0x97c133e0	36	std__string___S_copy_chars_97c133e0	part_019	converted
0x97c13404	36	std__string___S_copy_chars_97c13404	part_019	converted
0x97c13428	24	std__string___Rep___M_is_shared	part_019	converted
0x97c13440	12	std__string__capacity	part_019	converted
0x97c1344c	4	std__string__get_allocator	part_019	converted
0x97c13450	8	std__string___Rep___M_refdata	part_019	converted
0x97c13458	32	std__string___Rep___M_dispose	part_019	converted
0x97c13478	12	std__string___Rep___M_set_sharable	part_019	converted
0x97c13484	340	std__string___M_mutate	part_019	converted
0x97c135dc	12	std__string___Rep___M_set_leaked	part_019	converted
0x97c135e8	84	std__string___M_leak_hard	part_019	converted
0x97c1363c	28	std__string___S_empty_rep	part_019	converted
0x97c13658	4	std__string__string	part_019	converted
0x97c1365c	4	std__string__string_97c1365c	part_019	converted
0x97c13660	4	std__string___Alloc_hider___Alloc_hider	part_019	converted
0x97c13664	4	std__string___Alloc_hider___Alloc_hider_97c13664	part_019	converted
0x97c13668	8	std__string___Alloc_hider___Alloc_hider_97c13668	part_019	converted
0x97c13670	28	std__string___Rep___M_refcopy	part_019	converted
0x97c1368c	84	std__string__string_97c1368c	part_019	converted
0x97c136e0	4	std__string__string_97c136e0	part_019	converted
0x97c136e4	4	std__string__string_97c136e4	part_019	converted
0x97c136e8	76	std__string__string_97c136e8	part_019	converted
0x97c13734	4	std__string__string_97c13734	part_019	converted
0x97c13738	4	std__string__string_97c13738	part_019	converted
0x97c1373c	48	std__string___Rep___M_grab	part_019	converted
0x97c1376c	152	std__string__string_97c1376c	part_019	converted
0x97c13808	4	std__string__string_97c13808	part_019	converted
0x97c1380c	4	std__string__string_97c1380c	part_020	converted
0x97c13810	120	std__string__string_97c13810	part_020	converted
0x97c1388c	4	std__string__string_97c1388c	part_020	converted
0x97c13890	4	std__string__string_97c13890	part_020	converted
0x97c13894	124	std__string__string_97c13894	part_020	converted
0x97c13910	4	std__string__string_97c13910	part_020	converted
0x97c13914	4	std__string__string_97c13914	part_020	converted
0x97c13918	80	std__string__string_97c13918	part_020	converted
0x97c13968	4	std__string__string_97c13968	part_020	converted
0x97c1396c	4	std__string__string_97c1396c	part_020	converted
0x97c13970	104	std__string__string_97c13970	part_020	converted
0x97c139d8	4	std__string__string_97c139d8	part_020	converted
0x97c139dc	4	std__string__string_97c139dc	part_020	converted
0x97c139e0	76	std__string__string_97c139e0	part_020	converted
0x97c13a2c	8	std__string___string	part_020	converted
0x97c13a34	8	std__string___string_97c13a34	part_020	converted
0x97c13a3c	92	std__string___string_97c13a3c	part_020	converted
0x97c13a98	4	std__string__operator_	part_020	converted
0x97c13a9c	12	std__string__max_size	part_020	converted
0x97c13aa8	252	std__string__assign	part_020	converted
0x97c13ba4	260	std__string__assign_97c13ba4	part_020	converted
0x97c13ca8	260	std__string__operator__97c13ca8	part_020	converted
0x97c13dac	100	std__string__assign_97c13dac	part_020	converted
0x97c13e10	96	std__string__operator__97c13e10	part_020	converted
0x97c13e70	64	std__string__begin	part_020	converted
0x97c13eb0	12	std__string__begin_97c13eb0	part_020	converted
0x97c13ebc	72	std__string__end	part_020	converted
0x97c13f04	20	std__string__end_97c13f04	part_020	converted
0x97c13f18	60	std__string__rbegin	part_020	converted
0x97c13f54	60	std__string__rbegin_97c13f54	part_020	converted
0x97c13f90	60	std__string__rend	part_020	converted
0x97c13fcc	60	std__string__rend_97c13fcc	part_020	converted
0x97c14008	12	std__string__length	part_020	converted
0x97c14014	316	std__string__replace	part_020	converted
0x97c14150	344	std__string__replace_97c14150	part_020	converted
0x97c142a8	376	std__string__erase	part_020	converted
0x97c14420	448	std__string__resize	part_020	converted
0x97c145e0	8	std__string__resize_97c145e0	part_020	converted
0x97c145e8	224	std__string__reserve	part_020	converted
0x97c146cc	20	std__string__clear	part_020	converted
0x97c146e0	20	std__string__empty	part_020	converted
0x97c146f4	12	std__string__operator__	part_020	converted
0x97c14700	56	std__string__operator___97c14700	part_020	converted
0x97c14738	88	std__string__at	part_020	converted
0x97c14790	96	std__string__at_97c14790	part_020	converted
0x97c147f0	4	std__string__operator___97c147f0	part_020	converted
0x97c147f4	64	std__string__append	part_020	converted
0x97c14834	64	std__string__operator___97c14834	part_020	converted
0x97c14874	12	std__string__operator___97c14874	part_020	converted
0x97c14880	164	std__string__append_97c14880	part_020	converted
0x97c14924	216	std__string__append_97c14924	part_020	converted
0x97c149fc	132	std__string__append_97c149fc	part_020	converted
0x97c14a80	128	std__string__append_97c14a80	part_020	converted
0x97c14b00	96	std__string__push_back	part_020	converted
0x97c14b60	180	std__string__assign_97c14b60	part_020	converted
0x97c14c18	120	std__string__assign_97c14c18	part_020	converted
0x97c14c90	16	std__string__insert	part_020	converted
0x97c14ca0	332	std__string__insert_97c14ca0	part_020	converted
0x97c14dec	388	std__string__insert_97c14dec	part_020	converted
0x97c14f70	332	std__string__insert_97c14f70	part_020	converted
0x97c150bc	72	std__string__insert_97c150bc	part_021	converted
0x97c15104	92	std__string__insert_97c15104	part_021	converted
0x97c15160	148	std__string__insert_97c15160	part_021	converted
0x97c151f4	128	std__string__erase_97c151f4	part_021	converted
0x97c15274	132	std__string__erase_97c15274	part_021	converted
0x97c152f8	12	std__string__replace_97c152f8	part_021	converted
0x97c15304	136	std__string__replace_97c15304	part_021	converted
0x97c1538c	80	std__string__replace_97c1538c	part_021	converted
0x97c153dc	120	std__string__replace_97c153dc	part_021	converted
0x97c15454	96	std__string__replace_97c15454	part_021	converted
0x97c154b4	96	std__string__replace_97c154b4	part_021	converted
0x97c15514	80	std__string__replace_97c15514	part_021	converted
0x97c15564	180	std__string__replace_97c15564	part_021	converted
0x97c15618	96	std__string__replace_97c15618	part_021	converted
0x97c15678	96	std__string__replace_97c15678	part_021	converted
0x97c156d8	96	std__string__replace_97c156d8	part_021	converted
0x97c15738	140	std__string___S_construct	part_021	converted
0x97c157c4	132	std__string__copy	part_021	converted
0x97c15848	140	std__string__swap	part_021	converted
0x97c158d4	48	std__string__c_str	part_021	converted
0x97c15904	8	std__string__data	part_021	converted
0x97c1590c	128	std__string__find	part_021	converted
0x97c1598c	12	std__string__find_97c1598c	part_021	converted
0x97c15998	72	std__string__find_97c15998	part_021	converted
0x97c159e0	96	std__string__find_97c159e0	part_021	converted
0x97c15a40	12	std__string__rfind	part_021	converted
0x97c15a4c	148	std__string__rfind_97c15a4c	part_021	converted
0x97c15ae0	72	std__string__rfind_97c15ae0	part_021	converted
0x97c15b28	92	std__string__rfind_97c15b28	part_021	converted
0x97c15b84	12	std__string__find_first_of	part_021	converted
0x97c15b90	152	std__string__find_first_of_97c15b90	part_021	converted
0x97c15c28	72	std__string__find_first_of_97c15c28	part_021	converted
0x97c15c70	4	std__string__find_first_of_97c15c70	part_021	converted
0x97c15c74	12	std__string__find_last_of	part_021	converted
0x97c15c80	144	std__string__find_last_of_97c15c80	part_021	converted
0x97c15d10	72	std__string__find_last_of_97c15d10	part_021	converted
0x97c15d58	4	std__string__find_last_of_97c15d58	part_021	converted
0x97c15d5c	12	std__string__find_first_not_of	part_021	converted
0x97c15d68	124	std__string__find_first_not_of_97c15d68	part_021	converted
0x97c15de4	72	std__string__find_first_not_of_97c15de4	part_021	converted
0x97c15e2c	68	std__string__find_first_not_of_97c15e2c	part_021	converted
0x97c15e70	12	std__string__find_last_not_of	part_021	converted
0x97c15e7c	136	std__string__find_last_not_of_97c15e7c	part_021	converted
0x97c15f04	72	std__string__find_last_not_of_97c15f04	part_021	converted
0x97c15f4c	84	std__string__find_last_not_of_97c15f4c	part_021	converted
0x97c15fa0	112	std__string__substr	part_021	converted
0x97c16010	96	std__string__compare	part_021	converted
0x97c16070	188	std__string__compare_97c16070	part_021	converted
0x97c1612c	240	std__string__compare_97c1612c	part_021	converted
0x97c1621c	112	std__string__compare_97c1621c	part_021	converted
0x97c1628c	188	std__string__compare_97c1628c	part_021	converted
0x97c16348	220	std__string__compare_97c16348	part_021	converted
0x97c16424	12	std__string___Rep__operator__	part_021	converted
0x97c16430	384	std__string___Rep___S_create	part_021	converted
0x97c165cc	152	std__string___Rep___M_destroy	part_021	converted
0x97c16674	148	std__string___Rep___M_clone	part_021	converted
0x97c16708	164	std__operator_	part_021	converted
0x97c167c4	108	std__operator__97c167c4	part_021	converted
0x97c16848	68	std__operator__97c16848	part_021	converted
0x97c168a4	24	__gnu_cxx__operator__	part_021	converted
0x97c168bc	24	__gnu_cxx__operator___97c168bc	part_022	converted
0x97c168d4	4	std__string__string_char__	part_022	converted
0x97c168d8	4	std__string__string_char___97c168d8	part_022	converted
0x97c168dc	80	std__string__string_char___97c168dc	part_022	converted
0x97c1692c	4	std__string__string_char_const__	part_022	converted
0x97c16930	4	std__string__string_char_const___97c16930	part_022	converted
0x97c16934	80	std__string__string_char_const___97c16934	part_022	converted
0x97c16984	4	std__string__string___gnu_cxx____normal_iterator_char__std__string__	part_022	converted
0x97c16988	4	std__string__string___gnu_cxx____normal_iterator_char__std__string___97c16988	part_022	converted
0x97c1698c	80	std__string__string___gnu_cxx____normal_iterator_char__std__string___97c1698c	part_022	converted
0x97c169dc	4	std__string__string___gnu_cxx____normal_iterator_char_const__std__string__	part_022	converted
0x97c169e0	4	std__string__string___gnu_cxx____normal_iterator_char_const__std__string___97c169e0	part_022	converted
0x97c169e4	80	std__string__string___gnu_cxx____normal_iterator_char_const__std__string___97c169e4	part_022	converted
0x97c16a34	148	std__string___M_replace___gnu_cxx____normal_iterator_char__std__string__	part_022	converted
0x97c16ae4	148	std__string___M_replace___gnu_cxx____normal_iterator_char_const__std__string__	part_022	converted
0x97c16b94	148	std__string___M_replace_char__	part_022	converted
0x97c16c44	148	std__string___M_replace_char_const__	part_022	converted
0x97c16cf4	168	std__string___M_replace_safe___gnu_cxx____normal_iterator_char__std__string__	part_022	converted
0x97c16d9c	168	std__string___M_replace_safe___gnu_cxx____normal_iterator_char_const__std__string__	part_022	converted
0x97c16e44	164	std__string___M_replace_safe_char__	part_022	converted
0x97c16ee8	164	std__string___M_replace_safe_char_const__	part_022	converted
0x97c16f8c	152	std__string___S_construct___gnu_cxx____normal_iterator_char__std__string__	part_022	converted
0x97c17024	152	std__string___S_construct___gnu_cxx____normal_iterator_char_const__std__string__	part_022	converted
0x97c170bc	176	std__string___S_construct_char__	part_022	converted
0x97c1716c	176	std__string___S_construct_char_const__	part_022	converted
0x97c1721c	76	std____destroy_aux_std__string__	part_022	converted
0x97c17268	164	operator_new	part_022	converted
0x97c1731c	48	___cxa_pure_virtual	part_022	converted
0x97c1734c	40	operator_delete	part_022	converted
0x97c17374	4	std__allocator_char___allocator	part_022	converted
0x97c17378	4	std__allocator_char___allocator_97c17378	part_022	converted
0x97c1737c	4	std__allocator_char___allocator_97c1737c	part_022	converted
0x97c17380	4	std__allocator_char___allocator_97c17380	part_022	converted
0x97c17384	4	std__allocator_char___allocator_97c17384	part_022	converted
0x97c17388	4	std__allocator_char___allocator_97c17388	part_022	converted
0x97c1738c	8	std__allocator_char____allocator	part_022	converted
0x97c17394	8	std__allocator_char____allocator_97c17394	part_022	converted
0x97c1739c	4	std__allocator_char____allocator_97c1739c	part_022	converted
0x97c173a0	8	std__allocator_char___address	part_022	converted
0x97c173a8	8	std__allocator_char___address_97c173a8	part_022	converted
0x97c173b0	8	std__allocator_char___max_size	part_022	converted
0x97c173b8	16	std____default_alloc_template_true_0____S_freelist_index	part_022	converted
0x97c173c8	4	std____default_alloc_template_true_0____Lock___Lock	part_022	converted
0x97c173cc	4	std____default_alloc_template_true_0____Lock___Lock_97c173cc	part_022	converted
0x97c173d0	28	std____default_alloc_template_true_0____Lock___Lock_97c173d0	part_022	converted
0x97c173ec	8	std____default_alloc_template_true_0____Lock____Lock	part_022	converted
0x97c173f4	8	std____default_alloc_template_true_0____Lock____Lock_97c173f4	part_022	converted
0x97c173fc	28	std____default_alloc_template_true_0____Lock____Lock_97c173fc	part_022	converted
0x97c17418	12	std____default_alloc_template_true_0____S_round_up	part_022	converted
0x97c17424	264	std____default_alloc_template_true_0___allocate	part_022	converted
0x97c17544	272	std__allocator_char___allocate	part_022	converted
0x97c1766c	136	std____default_alloc_template_true_0___deallocate	part_022	converted
0x97c176f4	140	std__allocator_char___deallocate	part_022	converted
0x97c17780	20	std__allocator_char___construct	part_022	converted
0x97c17794	4	std__allocator_char___destroy	part_022	converted
0x97c17798	4	std__allocator_wchar_t___allocator	part_022	converted
0x97c1779c	4	std__allocator_wchar_t___allocator_97c1779c	part_022	converted
0x97c177a0	4	std__allocator_wchar_t___allocator_97c177a0	part_022	converted
0x97c177a4	4	std__allocator_wchar_t___allocator_97c177a4	part_022	converted
0x97c177a8	4	std__allocator_wchar_t___allocator_97c177a8	part_022	converted
0x97c177ac	4	std__allocator_wchar_t___allocator_97c177ac	part_023	converted
0x97c177b0	8	std__allocator_wchar_t____allocator	part_023	converted
0x97c177b8	8	std__allocator_wchar_t____allocator_97c177b8	part_023	converted
0x97c177c0	4	std__allocator_wchar_t____allocator_97c177c0	part_023	converted
0x97c177c4	8	std__allocator_wchar_t___address	part_023	converted
0x97c177cc	8	std__allocator_wchar_t___address_97c177cc	part_023	converted
0x97c177d4	12	std__allocator_wchar_t___max_size	part_023	converted
0x97c177e0	88	std__allocator_wchar_t___allocate	part_023	converted
0x97c17838	12	std__allocator_wchar_t___deallocate	part_023	converted
0x97c17844	20	std__allocator_wchar_t___construct	part_023	converted
0x97c17858	4	std__allocator_wchar_t___destroy	part_023	converted
0x97c1785c	152	std____default_alloc_template_true_0____S_refill	part_023	converted
0x97c178f4	368	std____default_alloc_template_true_0____S_chunk_alloc	part_023	converted
0x97c17a64	172	std____default_alloc_template_true_0___reallocate	part_023	converted
0x97c17b10	32	operator_delete__	part_023	converted
0x97c17b30	36	operator_new__	part_023	converted
0x97c17b64	4	std__logic_error__logic_error	part_023	converted
0x97c17b68	4	std__logic_error__logic_error_97c17b68	part_023	converted
0x97c17b6c	76	std__logic_error__logic_error_97c17b6c	part_023	converted
0x97c17bcc	8	std__logic_error___logic_error	part_023	converted
0x97c17bd4	8	std__logic_error___logic_error_97c17bd4	part_023	converted
0x97c17bdc	8	std__logic_error___logic_error_97c17bdc	part_023	converted
0x97c17be4	136	std__logic_error___logic_error_97c17be4	part_023	converted
0x97c17c6c	48	std__logic_error__what	part_023	converted
0x97c17c9c	4	std__domain_error__domain_error	part_023	converted
0x97c17ca0	4	std__domain_error__domain_error_97c17ca0	part_023	converted
0x97c17ca4	68	std__domain_error__domain_error_97c17ca4	part_023	converted
0x97c17ce8	4	std__invalid_argument__invalid_argument	part_023	converted
0x97c17cec	4	std__invalid_argument__invalid_argument_97c17cec	part_023	converted
0x97c17cf0	68	std__invalid_argument__invalid_argument_97c17cf0	part_023	converted
0x97c17d34	4	std__length_error__length_error	part_023	converted
0x97c17d38	4	std__length_error__length_error_97c17d38	part_023	converted
0x97c17d3c	68	std__length_error__length_error_97c17d3c	part_023	converted
0x97c17d80	4	std__out_of_range__out_of_range	part_023	converted
0x97c17d84	4	std__out_of_range__out_of_range_97c17d84	part_023	converted
0x97c17d88	68	std__out_of_range__out_of_range_97c17d88	part_023	converted
0x97c17dcc	4	std__runtime_error__runtime_error	part_023	converted
0x97c17dd0	4	std__runtime_error__runtime_error_97c17dd0	part_023	converted
0x97c17dd4	76	std__runtime_error__runtime_error_97c17dd4	part_023	converted
0x97c17e34	8	std__runtime_error___runtime_error	part_023	converted
0x97c17e3c	8	std__runtime_error___runtime_error_97c17e3c	part_023	converted
0x97c17e44	8	std__runtime_error___runtime_error_97c17e44	part_023	converted
0x97c17e4c	136	std__runtime_error___runtime_error_97c17e4c	part_023	converted
0x97c17ed4	48	std__runtime_error__what	part_023	converted
0x97c17f04	4	std__range_error__range_error	part_023	converted
0x97c17f08	4	std__range_error__range_error_97c17f08	part_023	converted
0x97c17f0c	68	std__range_error__range_error_97c17f0c	part_023	converted
0x97c17f50	4	std__overflow_error__overflow_error	part_023	converted
0x97c17f54	4	std__overflow_error__overflow_error_97c17f54	part_023	converted
0x97c17f58	68	std__overflow_error__overflow_error_97c17f58	part_023	converted
0x97c17f9c	4	std__underflow_error__underflow_error	part_023	converted
0x97c17fa0	4	std__underflow_error__underflow_error_97c17fa0	part_023	converted
0x97c17fa4	68	std__underflow_error__underflow_error_97c17fa4	part_023	converted
0x97c17fe8	8	std__type_info___type_info	part_023	converted
0x97c17ff0	8	std__type_info___type_info_97c17ff0	part_023	converted
0x97c17ff8	8	std__type_info___type_info_97c17ff8	part_023	converted
0x97c18000	44	std__type_info___type_info_97c18000	part_023	converted
0x97c1802c	8	std__bad_cast___bad_cast	part_023	converted
0x97c18034	8	std__bad_cast___bad_cast_97c18034	part_023	converted
0x97c1803c	8	std__bad_cast___bad_cast_97c1803c	part_023	converted
0x97c18044	88	std__bad_cast___bad_cast_97c18044	part_024	converted
0x97c1809c	8	std__bad_typeid___bad_typeid	part_024	converted
0x97c180a4	8	std__bad_typeid___bad_typeid_97c180a4	part_024	converted
0x97c180ac	8	std__bad_typeid___bad_typeid_97c180ac	part_024	converted
0x97c180b4	88	std__bad_typeid___bad_typeid_97c180b4	part_024	converted
0x97c1810c	76	std__type_info__operator__	part_024	converted
0x97c18158	8	std__type_info____is_pointer_p	part_024	converted
0x97c18160	8	std__type_info____is_function_p	part_024	converted
0x97c18168	4	std__type_info____do_catch	part_024	converted
0x97c1816c	8	std__type_info____do_upcast	part_024	converted
0x97c18174	8	__cxxabiv1____class_type_info_____class_type_info	part_024	converted
0x97c1817c	8	__cxxabiv1____class_type_info_____class_type_info_97c1817c	part_024	converted
0x97c18184	8	__cxxabiv1____class_type_info_____class_type_info_97c18184	part_024	converted
0x97c1818c	104	__cxxabiv1____class_type_info_____class_type_info_97c1818c	part_024	converted
0x97c181f4	8	__cxxabiv1____si_class_type_info_____si_class_type_info	part_024	converted
0x97c181fc	8	__cxxabiv1____si_class_type_info_____si_class_type_info_97c181fc	part_024	converted
0x97c18204	8	__cxxabiv1____si_class_type_info_____si_class_type_info_97c18204	part_024	converted
0x97c1820c	104	__cxxabiv1____si_class_type_info_____si_class_type_info_97c1820c	part_024	converted
0x97c18274	8	__cxxabiv1____vmi_class_type_info_____vmi_class_type_info	part_024	converted
0x97c1827c	8	__cxxabiv1____vmi_class_type_info_____vmi_class_type_info_97c1827c	part_024	converted
0x97c18284	8	__cxxabiv1____vmi_class_type_info_____vmi_class_type_info_97c18284	part_024	converted
0x97c1828c	104	__cxxabiv1____vmi_class_type_info_____vmi_class_type_info_97c1828c	part_024	converted
0x97c182f4	124	__cxxabiv1____class_type_info____do_catch	part_024	converted
0x97c18370	120	__cxxabiv1____class_type_info____do_upcast	part_024	converted
0x97c183e8	20	__cxxabiv1____class_type_info____do_find_public_src	part_024	converted
0x97c183fc	136	__cxxabiv1____si_class_type_info____do_find_public_src	part_024	converted
0x97c18484	248	__cxxabiv1____vmi_class_type_info____do_find_public_src	part_024	converted
0x97c1857c	128	__cxxabiv1____class_type_info____do_dyncast	part_024	converted
0x97c185fc	244	__cxxabiv1____si_class_type_info____do_dyncast	part_024	converted
0x97c186f0	1092	__cxxabiv1____vmi_class_type_info____do_dyncast	part_024	converted
0x97c18b34	84	__cxxabiv1____class_type_info____do_upcast_97c18b34	part_024	converted
0x97c18b88	116	__cxxabiv1____si_class_type_info____do_upcast	part_024	converted
0x97c18bfc	556	__cxxabiv1____vmi_class_type_info____do_upcast	part_024	converted
0x97c18e28	328	___dynamic_cast	part_024	converted
0x97c18f70	8	std__exception___exception	part_024	converted
0x97c18f78	8	std__exception___exception_97c18f78	part_024	converted
0x97c18f80	8	std__exception___exception_97c18f80	part_024	converted
0x97c18f88	72	std__exception___exception_97c18f88	part_024	converted
0x97c18fd0	8	std__bad_exception___bad_exception	part_024	converted
0x97c18fd8	8	std__bad_exception___bad_exception_97c18fd8	part_024	converted
0x97c18fe0	8	std__bad_exception___bad_exception_97c18fe0	part_024	converted
0x97c18fe8	88	std__bad_exception___bad_exception_97c18fe8	part_024	converted
0x97c19040	16	std__exception__what	part_024	converted
0x97c19050	100	std__set_new_handler	part_024	converted
0x97c190c4	8	std__bad_alloc___bad_alloc	part_024	converted
0x97c190cc	8	std__bad_alloc___bad_alloc_97c190cc	part_024	converted
0x97c190d4	8	std__bad_alloc___bad_alloc_97c190d4	part_024	converted
0x97c190dc	88	std__bad_alloc___bad_alloc_97c190dc	part_024	converted
0x97c19218	152	___cxa_free_exception	part_024	converted
0x97c192b0	88	__gxx_exception_cleanup	part_024	converted
0x97c19308	216	___cxa_throw	part_024	converted
0x97c193e0	120	size_of_encoded_value	part_024	converted
0x97c19458	172	base_of_encoded_value	part_024	converted
0x97c19504	48	read_uleb128	part_024	converted
0x97c19534	76	read_sleb128	part_024	converted
0x97c19580	312	read_encoded_value_with_base	part_024	converted
0x97c196ec	216	parse_lsda_header	part_024	converted
0x97c197c4	84	get_ttype_entry	part_024	converted
0x97c19818	152	get_adjusted_ptr	part_024	converted
0x97c198b0	124	check_exception_spec	part_024	converted
0x97c19de8	32	__cxxabiv1____terminate	part_025	converted
0x97c19e0c	56	std__terminate	part_025	converted
0x97c19e44	28	__cxxabiv1____unexpected	part_025	converted
0x97c19e60	56	std__unexpected	part_025	converted
0x97c19e98	100	std__set_terminate	part_025	converted
0x97c19f0c	100	std__set_unexpected	part_025	converted
0x97c19f80	108	___cxa_begin_catch	part_025	converted
0x97c19fec	144	___cxa_end_catch	part_025	converted
0x97c1a07c	44	std__uncaught_exception	part_025	converted
0x97c1a0a8	32	get_globals_init_once	part_025	converted
0x97c1a0c8	52	___cxa_get_globals_fast	part_025	converted
0x97c1a0fc	220	___cxa_get_globals	part_025	converted
0x97c1a1d8	76	___eprintf	part_025	converted
0x97c1a23c	16	FUN_97c1a23c	part_025	converted
0x97c1a24c	12	FUN_97c1a24c	part_025	converted
0x97c1a258	4	FUN_97c1a258	part_025	converted
0x97c1a25c	24	FUN_97c1a25c	part_025	converted
0x97c1a28c	60	FUN_97c1a28c	part_025	converted
0x97c1a2c8	120	_size_of_encoded_value	part_025	converted
0x97c1a340	172	_base_of_encoded_value	part_025	converted
0x97c1a3ec	48	_read_uleb128	part_025	converted
0x97c1a41c	76	_read_sleb128	part_025	converted
0x97c1a468	312	_read_encoded_value_with_base	part_025	converted
0x97c1a5d4	8	__Unwind_GetLanguageSpecificData	part_025	converted
0x97c1a5dc	8	__Unwind_GetRegionStart	part_025	converted
0x97c1a5e4	56	__Unwind_FindEnclosingFunction	part_025	converted
0x97c1a61c	8	__Unwind_GetDataRelBase	part_025	converted
0x97c1a624	8	__Unwind_GetTextRelBase	part_025	converted
0x97c1a62c	348	_extract_cie_info	part_025	converted
0x97c1a788	1212	_execute_stack_op	part_025	converted
0x97c1aee8	1084	_execute_cfa_program	part_025	converted
0x97c1b3e4	328	_uw_frame_state_for	part_025	converted
0x97c1b52c	236	___frame_state_for	part_025	converted
0x97c1b618	320	_uw_update_context_1	part_025	converted
0x97c1b758	68	_uw_update_context	part_025	converted
0x97c1b79c	132	_uw_init_context_1	part_025	converted
0x97c1b820	652	_uw_install_context_1	part_025	converted
0x97c1baac	192	__Unwind_RaiseException_Phase2	part_025	converted
0x97c1bb6c	284	__Unwind_RaiseException	part_025	converted
0x97c1bc88	260	__Unwind_ForcedUnwind_Phase2	part_025	converted
0x97c1bd8c	148	__Unwind_ForcedUnwind	part_025	converted
0x97c1be20	152	__Unwind_Resume	part_025	converted
0x97c1beb8	20	__Unwind_DeleteException	part_025	converted
0x97c1becc	16	__Unwind_GetGR	part_025	converted
0x97c1bedc	16	__Unwind_SetGR	part_025	converted
0x97c1beec	8	__Unwind_GetIP	part_025	converted
0x97c1bef4	8	__Unwind_SetIP	part_025	converted
0x97c1befc	1192	_init_dwarf_reg_size_table	part_025	converted
0x97c1c3a4	120	_size_of_encoded_value_97c1c3a4	part_025	converted
0x97c1c41c	48	_read_uleb128_97c1c41c	part_025	converted
0x97c1c44c	76	_read_sleb128_97c1c44c	part_025	converted
0x97c1c498	312	_read_encoded_value_with_base_97c1c498	part_025	converted
0x97c1c604	88	___register_frame_info_bases	part_025	converted
0x97c1c65c	12	___register_frame_info	part_025	converted
0x97c1c668	88	___register_frame	part_025	converted
0x97c1c6c0	68	___register_frame_info_table_bases	part_025	converted
0x97c1c710	68	___register_frame_table	part_025	converted
0x97c1c748	240	___deregister_frame_info_bases	part_025	converted
0x97c1c83c	72	___deregister_frame	part_025	converted
0x97c1c884	120	_base_from_object	part_025	converted
0x97c1c8fc	200	_get_cie_encoding	part_026	converted
0x97c1c9ec	152	_fde_single_encoding_compare	part_026	converted
0x97c1ca84	188	_fde_mixed_encoding_compare	part_026	converted
0x97c1cb40	568	_frame_heapsort	part_026	converted
0x97c1cd78	308	_classify_object_over_fdes	part_026	converted
0x97c1ceac	332	_add_fdes	part_026	converted
0x97c1cff8	352	_linear_search_fdes	part_026	converted
0x97c1d158	624	_search_object	part_026	converted
0x97c1d3c8	356	__Unwind_Find_registered_FDE	part_026	converted
0x97c1d52c	196	_live_image_destructor	part_026	converted
0x97c1d5f0	224	__Unwind_Find_FDE	part_026	converted
0x97c1d6d0	732	_init_object	part_026	converted
0x97c1d9ac	556	_examine_objects	part_026	converted
0x97c1dbd8	296	_fde_split	part_026	converted
0x97c1dd00	252	save_world	part_026	converted
0x97c1de10	264	eh_rest_world_r10	part_026	converted
0x97c30ae0	4	std__string__string_97c30ae0	part_026	converted
0x97c30ae4	100	std__string__string_97c30ae4	part_026	converted
0x97c30b48	4	std__string__string_97c30b48	part_026	converted
0x97c30b4c	148	std__string__string_97c30b4c	part_026	converted
0x97c30be0	388	std___Rb_tree_std__string_std__pair_std__string_const_TSymbol___std___Select1st_std__pair_std__string_const_TSymbol____std__less_std__string__pool_allocator_std__pair_std__string_const_TSymbol______insert_unique	part_026	converted
0x97c30d64	12	std__string___Rep___M_destroy_97c30d64	part_026	converted
0x97c30d70	196	std__string___S_construct_char_const___97c30d70	part_026	converted
0x97c30e34	148	std__string___Rep___M_clone_97c30e34	part_026	converted
0x97c30ec8	356	std___Rb_tree_std__string_std__pair_std__string_const_TSymbol___std___Select1st_std__pair_std__string_const_TSymbol____std__less_std__string__pool_allocator_std__pair_std__string_const_TSymbol_______M_insert	part_026	converted
0x97c3102c	172	std__string___Rep___S_create_97c3102c	part_026	converted
0x97c310d8	144	std___Rb_tree_base_iterator___M_decrement	part_026	converted
0x97c31168	328	std___Rb_tree_rebalance	part_026	converted
0x97c312b0	8	TType__getTypeName	part_026	converted
0x97c312b8	36	TType___TType	part_026	converted
0x97c312dc	36	TType___TType_97c312dc	part_026	converted
0x97c31300	12	TType__isArray	part_026	converted
0x97c3130c	40	TType__getInstanceSize	part_026	converted
0x97c31334	12	TType__isMatrix	part_026	converted
0x97c31340	40	TType__isVector	part_026	converted
0x97c31368	32	TType__setType	part_026	converted
0x97c31388	40	TType__setType_97c31388	part_026	converted
0x97c313b0	132	TType__setTypeName	part_026	converted
0x97c31434	132	TType__setFieldName	part_026	converted
0x97c314b8	8	TType__getFieldName	part_026	converted
0x97c314c0	12	TType__getBasicType	part_026	converted
0x97c314cc	12	TType__getQualifier	part_026	converted
0x97c314d8	16	TType__changeQualifier	part_026	converted
0x97c314e8	16	TType__getNominalSize	part_026	converted
0x97c314f8	92	std___Rb_tree_rotate_left	part_026	converted
0x97c31554	92	std___Rb_tree_rotate_right	part_026	converted
0x97c315b0	200	std__string__assign_97c315b0	part_026	converted
0x97c31678	252	std__vector_TIntermNode__pool_allocator_TIntermNode______M_insert_aux	part_026	converted
0x97c31774	96	std__vector_TIntermNode__pool_allocator_TIntermNode_____erase	part_026	converted
0x97c317d4	152	std__vector_TIntermNode__pool_allocator_TIntermNode_____insert	part_026	converted
0x97c3186c	424	std__vector_TIntermNode__pool_allocator_TIntermNode______M_range_insert___gnu_cxx____normal_iterator_TIntermNode___std__vector_TIntermNode__pool_allocator_TIntermNode_____	part_026	converted
0x97c31a14	280	std___Rb_tree_std__string_std__pair_std__string_const_std__string__std___Select1st_std__pair_std__string_const_std__string___std__less_std__string__pool_allocator_std__pair_std__string_const_std__string_____operator_	part_026	converted
0x97c31b2c	280	std___Rb_tree_std__string_std__pair_std__string_const_std__string__std___Select1st_std__pair_std__string_const_std__string___std__less_std__string__pool_allocator_std__pair_std__string_const_std__string______M_copy	part_026	converted
0x97c31c44	284	TType__setStructSize	part_026	converted
0x97c31d60	8	TIntermNode__getLine	part_026	converted
0x97c31d68	8	TIntermNode__setLine	part_026	converted
0x97c31d70	8	TIntermNode__getAsConstantUnion	part_026	converted
0x97c31d78	8	TIntermNode__getAsAggregate	part_026	converted
0x97c31d80	8	TIntermNode__getAsBinaryNode	part_026	converted
0x97c31d88	8	TIntermNode__getAsSelectionNode	part_026	converted
0x97c31d90	8	TIntermNode__getAsSymbolNode	part_027	converted
0x97c31d98	4	TIntermTyped__getAsTyped	part_027	converted
0x97c31d9c	152	TIntermTyped__setType	part_027	converted
0x97c31e34	192	TIntermTyped__getType	part_027	converted
0x97c31ef4	8	TIntermTyped__getTypePointer	part_027	converted
0x97c31efc	12	TIntermTyped__getBasicType	part_027	converted
0x97c31f08	12	TIntermTyped__getQualifier	part_027	converted
0x97c31f14	16	TIntermTyped__getNominalSize	part_027	converted
0x97c31f24	40	TIntermTyped__getSize	part_027	converted
0x97c31f4c	12	TIntermTyped__isMatrix	part_027	converted
0x97c31f58	12	TIntermTyped__isArray	part_027	converted
0x97c31f64	40	TIntermTyped__isVector	part_027	converted
0x97c31f8c	52	TIntermTyped___TIntermTyped	part_027	converted
0x97c31fc0	52	TIntermTyped___TIntermTyped_97c31fc0	part_027	converted
0x97c31ff4	192	std___Rb_tree_std__string_std__pair_std__string_const_std__string__std___Select1st_std__pair_std__string_const_std__string___std__less_std__string__pool_allocator_std__pair_std__string_const_std__string______M_erase	part_027	converted
0x97c320b4	8	TIntermNode__getAsTyped	part_027	converted
0x97c320bc	36	TIntermNode___TIntermNode	part_027	converted
0x97c320e0	36	TIntermNode___TIntermNode_97c320e0	part_027	converted
0x97c32104	280	getQualifierString	part_027	converted
0x97c3226c	220	TType__getBasicString	part_027	converted
0x97c32384	8	TIntermSymbol__getId	part_027	converted
0x97c3238c	8	TIntermSymbol__getSymbol	part_027	converted
0x97c32394	4	TIntermSymbol__getAsSymbolNode	part_027	converted
0x97c32398	4	TIntermConstantUnion__getAsConstantUnion	part_027	converted
0x97c3239c	8	TIntermOperator__promote	part_027	converted
0x97c323a4	8	TIntermBinary__setLeft	part_027	converted
0x97c323ac	8	TIntermBinary__setRight	part_027	converted
0x97c323b4	8	TIntermBinary__getLeft	part_027	converted
0x97c323bc	8	TIntermBinary__getRight	part_027	converted
0x97c323c4	4	TIntermBinary__getAsBinaryNode	part_027	converted
0x97c323c8	8	TIntermUnary__setOperand	part_027	converted
0x97c323d0	8	TIntermUnary__getOperand	part_027	converted
0x97c323d8	176	TIntermAggregate___TIntermAggregate	part_027	converted
0x97c32488	176	TIntermAggregate___TIntermAggregate_97c32488	part_027	converted
0x97c32538	4	TIntermAggregate__getAsAggregate	part_027	converted
0x97c3253c	8	TIntermAggregate__setOperator	part_027	converted
0x97c32544	8	TIntermAggregate__getSequence	part_027	converted
0x97c3254c	8	TIntermAggregate__setName	part_027	converted
0x97c32554	8	TIntermAggregate__getName	part_027	converted
0x97c3255c	12	TIntermAggregate__setUserDefined	part_027	converted
0x97c32568	8	TIntermAggregate__isUserDefined	part_027	converted
0x97c32570	8	TIntermAggregate__getQualifier	part_027	converted
0x97c32578	8	TIntermSelection__getCondition	part_027	converted
0x97c32580	8	TIntermSelection__getTrueBlock	part_027	converted
0x97c32588	8	TIntermSelection__getFalseBlock	part_027	converted
0x97c32590	4	TIntermSelection__getAsSelectionNode	part_027	converted
0x97c32594	96	std___Rb_tree_std__string_std__pair_std__string_const_std__string__std___Select1st_std__pair_std__string_const_std__string___std__less_std__string__pool_allocator_std__pair_std__string_const_std__string_____clear	part_027	converted
0x97c325f4	36	TIntermBranch___TIntermBranch	part_027	converted
0x97c32618	36	TIntermBranch___TIntermBranch_97c32618	part_027	converted
0x97c3263c	36	TIntermLoop___TIntermLoop	part_027	converted
0x97c32660	36	TIntermLoop___TIntermLoop_97c32660	part_027	converted
0x97c32684	52	TIntermSelection___TIntermSelection	part_027	converted
0x97c326b8	52	TIntermSelection___TIntermSelection_97c326b8	part_027	converted
0x97c326ec	52	TIntermUnary___TIntermUnary	part_027	converted
0x97c32720	52	TIntermUnary___TIntermUnary_97c32720	part_027	converted
0x97c32754	52	TIntermBinary___TIntermBinary	part_027	converted
0x97c32788	52	TIntermBinary___TIntermBinary_97c32788	part_027	converted
0x97c327bc	52	TIntermConstantUnion___TIntermConstantUnion	part_027	converted
0x97c327f0	52	TIntermConstantUnion___TIntermConstantUnion_97c327f0	part_027	converted
0x97c32824	148	TIntermSymbol___TIntermSymbol	part_027	converted
0x97c328b8	148	TIntermSymbol___TIntermSymbol_97c328b8	part_028	converted
0x97c3294c	276	std___Rb_tree_std__string_std__pair_std__string_const_TSymbol___std___Select1st_std__pair_std__string_const_TSymbol____std__less_std__string__pool_allocator_std__pair_std__string_const_TSymbol______find	part_028	converted
0x97c32a60	4	std__string__string_97c32a60	part_028	converted
0x97c32a64	180	std__string__string_97c32a64	part_028	converted
0x97c32b18	112	std__string__compare_97c32b18	part_028	converted
0x97c32b88	340	std__operator__97c32b88	part_028	converted
0x97c32cdc	176	std___Rb_tree_std__string_std__pair_std__string_const_TBehavior__std___Select1st_std__pair_std__string_const_TBehavior___std__less_std__string__pool_allocator_std__pair_std__string_const_TBehavior_____lower_bound	part_028	converted
0x97c32d8c	568	std___Rb_tree_std__string_std__pair_std__string_const_TBehavior__std___Select1st_std__pair_std__string_const_TBehavior___std__less_std__string__pool_allocator_std__pair_std__string_const_TBehavior_____insert_unique	part_028	converted
0x97c32fc4	112	std__string__append_97c32fc4	part_028	converted
0x97c33034	116	std__string__append_97c33034	part_028	converted
0x97c330a8	176	std__string___S_construct___gnu_cxx____normal_iterator_char__std__string___97c330a8	part_028	converted
0x97c33158	216	std__string__reserve_97c33158	part_028	converted
0x97c33230	152	std__string___M_replace_safe_char_const___97c33230	part_028	converted
0x97c332c8	172	std__string___M_replace_char_const___97c332c8	part_028	converted
0x97c33374	356	std___Rb_tree_std__string_std__pair_std__string_const_TBehavior__std___Select1st_std__pair_std__string_const_TBehavior___std__less_std__string__pool_allocator_std__pair_std__string_const_TBehavior______M_insert	part_028	converted
0x97c334d8	388	std___Rb_tree_std__string_std__pair_std__string_const_TBehavior__std___Select1st_std__pair_std__string_const_TBehavior___std__less_std__string__pool_allocator_std__pair_std__string_const_TBehavior_____insert_unique_97c334d8	part_028	converted
0x97c3365c	152	std__string___M_replace_safe___gnu_cxx____normal_iterator_char__std__string___97c3365c	part_028	converted
0x97c336f4	344	std__string___M_mutate_97c336f4	part_028	converted
0x97c3384c	4	std__string__string_char_const___97c3384c	part_028	converted
0x97c33850	76	std__string__string_char_const___97c33850	part_028	converted
0x97c3389c	640	std__vector_TPoolAllocator__tAllocState_std__allocator_TPoolAllocator__tAllocState_____M_insert_aux	part_028	converted
0x97c33b1c	92	std____uninitialized_copy_aux___gnu_cxx____normal_iterator_TPoolAllocator__tAllocState__std__vector_TPoolAllocator__tAllocState_std__allocator_TPoolAllocator__tAllocState______gnu_cxx____normal_iterator_TPoolAllocator__tAllocState__std__vector_TPoolAllocator__tAllocState_std__allocator_TPoolAllocator__tAllocState____	part_028	converted
0x97c33b78	128	std___Rb_tree_std__string_std__pair_std__string_const_TBehavior__std___Select1st_std__pair_std__string_const_TBehavior___std__less_std__string__pool_allocator_std__pair_std__string_const_TBehavior______M_erase	part_028	converted
0x97c33bf8	516	std__vector_TSymbolTableLevel__std__allocator_TSymbolTableLevel______M_insert_aux	part_028	converted
0x97c33dfc	108	std__string__append_97c33dfc	part_028	converted
0x97c33e68	128	std___Rb_tree_std__string_std__pair_std__string_const_TSymbol___std___Select1st_std__pair_std__string_const_TSymbol____std__less_std__string__pool_allocator_std__pair_std__string_const_TSymbol_______M_erase	part_028	converted
0x97c33ee8	384	std__vector_TParameter_pool_allocator_TParameter_____M_insert_aux	part_028	converted
0x97c34068	88	std___Rb_tree_TVector_TTypeLine___std__pair_TVector_TTypeLine__const_TVector_TTypeLine____std___Select1st_std__pair_TVector_TTypeLine__const_TVector_TTypeLine_____std__less_TVector_TTypeLine____std__allocator_std__pair_TVector_TTypeLine__const_TVector_TTypeLine________M_erase	part_028	converted
0x97c340c0	160	std__string__replace_97c340c0	part_028	converted
0x97c34160	92	std____uninitialized_copy_aux___gnu_cxx____normal_iterator_TParameter__std__vector_TParameter_pool_allocator_TParameter______gnu_cxx____normal_iterator_TParameter__std__vector_TParameter_pool_allocator_TParameter____	part_028	converted
0x97c341bc	120	std___Rb_tree_base_iterator___M_increment	part_028	converted
0x97c34234	800	TType__copyType	part_028	converted
0x97c34554	36	TSymbol___TSymbol	part_028	converted
0x97c34578	36	TSymbol___TSymbol_97c34578	part_028	converted
0x97c3459c	8	TSymbol__getMangledName	part_028	converted
0x97c345a4	8	TSymbol__isFunction	part_028	converted
0x97c345ac	8	TSymbol__isVariable	part_028	converted
0x97c345b4	52	TVariable___TVariable	part_028	converted
0x97c345e8	52	TVariable___TVariable_97c345e8	part_028	converted
0x97c3461c	8	TVariable__isVariable	part_028	converted
0x97c34624	8	TFunction__isFunction	part_028	converted
0x97c3462c	8	TFunction__getMangledName	part_028	converted
0x97c34634	108	std___Rb_tree_TVector_TTypeLine___std__pair_TVector_TTypeLine__const_TVector_TTypeLine____std___Select1st_std__pair_TVector_TTypeLine__const_TVector_TTypeLine_____std__less_TVector_TTypeLine____std__allocator_std__pair_TVector_TTypeLine__const_TVector_TTypeLine_______find	part_028	converted
0x97c346a0	384	std__vector_TTypeLine_pool_allocator_TTypeLine_____M_insert_aux	part_028	converted
0x97c34820	92	std____uninitialized_copy_aux___gnu_cxx____normal_iterator_TTypeLine__std__vector_TTypeLine_pool_allocator_TTypeLine______gnu_cxx____normal_iterator_TTypeLine__std__vector_TTypeLine_pool_allocator_TTypeLine____	part_028	converted
0x97c3487c	64	std__operator__97c3487c	part_028	converted
0x97c348bc	252	std__vector_int_pool_allocator_int_____M_insert_aux	part_028	converted
0x97c349b8	288	std___Rb_tree_std__string_std__pair_std__string_const_TBehavior__std___Select1st_std__pair_std__string_const_TBehavior___std__less_std__string__pool_allocator_std__pair_std__string_const_TBehavior_____find	part_028	converted
0x97c34ad8	36	TShHandleBase___TShHandleBase	part_028	converted
0x97c34afc	36	TShHandleBase___TShHandleBase_97c34afc	part_028	converted
0x97c34b20	8	TShHandleBase__getAsCompiler	part_028	converted
0x97c34b28	8	TShHandleBase__getAsLinker	part_028	converted
0x97c34b30	4	TGenericLinker__getAsLinker	part_028	converted
0x97c34b34	88	TCompiler___TCompiler	part_028	converted
0x97c34b8c	92	TCompiler___TCompiler_97c34b8c	part_028	converted
0x97c34be8	8	TCompiler__getInfoSink	part_028	converted
0x97c34bf0	8	TCompiler__getPPStream	part_028	converted
0x97c34bf8	4	TCompiler__getAsCompiler	part_028	converted
0x97c34bfc	8	TCompiler__linkable	part_028	converted
0x97c34c04	8	TCompiler__getStatsString	part_028	converted
0x97c34c0c	8	TCompiler__getPPStreamString	part_029	converted
0x97c34c14	8	TCompiler__getShaderToProgramString	part_029	converted
0x97c34c1c	8	TCompiler__getTableString	part_029	converted
0x97c34c24	4	TCompiler__setOpimizationLevel	part_029	converted
0x97c34c28	4	TCompiler__setDebugOptions	part_029	converted
0x97c34c2c	60	TCompiler__getNewCompilationAllocator	part_029	converted
0x97c34c68	8	TPPStreamCompiler__setOpimizationLevel	part_029	converted
0x97c34c70	8	TPPStreamCompiler__setDebugOptions	part_029	converted
0x97c34c78	8	TPPStreamCompiler__getPPStream	part_029	converted
0x97c34c80	64	std__domain_error___domain_error	part_029	converted
0x97c34cc0	64	std__invalid_argument___invalid_argument	part_029	converted
0x97c34d00	64	std__length_error___length_error	part_029	converted
0x97c34d40	64	std__out_of_range___out_of_range	part_029	converted
0x97c34d80	64	std__range_error___range_error	part_029	converted
0x97c34dc0	64	std__overflow_error___overflow_error	part_029	converted
0x97c34e00	64	std__underflow_error___underflow_error	part_029	converted
0x97c34e40	76	std__domain_error___domain_error_97c34e40	part_029	converted
0x97c34e8c	76	std__invalid_argument___invalid_argument_97c34e8c	part_029	converted
0x97c34ed8	76	std__length_error___length_error_97c34ed8	part_029	converted
0x97c34f24	76	std__out_of_range___out_of_range_97c34f24	part_029	converted
0x97c34f70	76	std__range_error___range_error_97c34f70	part_029	converted
0x97c34fbc	76	std__overflow_error___overflow_error_97c34fbc	part_029	converted
0x97c35008	76	std__underflow_error___underflow_error_97c35008	part_029	converted
0x97c3aff8	1	std__domain_error___domain_error_97c3aff8	part_029	converted
0x97c3b020	1	std__invalid_argument___invalid_argument_97c3b020	part_029	converted
0x97c3b048	1	std__length_error___length_error_97c3b048	part_029	converted
0x97c3b070	1	std__out_of_range___out_of_range_97c3b070	part_029	converted
0x97c3b098	1	std__range_error___range_error_97c3b098	part_029	converted
0x97c3b0c0	1	std__overflow_error___overflow_error_97c3b0c0	part_029	converted
0x97c3b0e8	1	std__underflow_error___underflow_error_97c3b0e8	part_029	converted
0x97c3b110	1	std__domain_error___domain_error_97c3b110	part_029	converted
0x97c3b13c	1	std__invalid_argument___invalid_argument_97c3b13c	part_029	converted
0x97c3b168	1	std__length_error___length_error_97c3b168	part_029	converted
0x97c3b194	1	std__out_of_range___out_of_range_97c3b194	part_029	converted
0x97c3b1c0	1	std__range_error___range_error_97c3b1c0	part_029	converted
0x97c3b1ec	1	std__overflow_error___overflow_error_97c3b1ec	part_029	converted
0x97c3b218	1	std__underflow_error___underflow_error_97c3b218	part_029	converted
0xa7b7f000	1	__gnu_cxx__operator___a7b7f000	part_029	converted
0xa7b7f004	1	__gnu_cxx__operator___a7b7f004	part_029	converted
0xa7b7f008	1	std__string__find_last_of_a7b7f008	part_029	converted
0xa7b7f00c	1	std__string__find_last_of_a7b7f00c	part_029	converted
0xa7b7f010	1	std__string__find_last_of_a7b7f010	part_029	converted
0xa7b7f014	1	std__string__find_last_of_a7b7f014	part_029	converted
0xa7b7f018	1	std__string__find_first_of_a7b7f018	part_029	converted
0xa7b7f01c	1	std__string__find_first_of_a7b7f01c	part_029	converted
0xa7b7f020	1	std__string__find_first_of_a7b7f020	part_029	converted
0xa7b7f024	1	std__string__find_first_of_a7b7f024	part_029	converted
0xa7b7f028	1	std__string__get_allocator_a7b7f028	part_029	converted
0xa7b7f02c	1	std__string__find_last_not_of_a7b7f02c	part_029	converted
0xa7b7f030	1	std__string__find_last_not_of_a7b7f030	part_029	converted
0xa7b7f034	1	std__string__find_last_not_of_a7b7f034	part_029	converted
0xa7b7f038	1	std__string__find_last_not_of_a7b7f038	part_029	converted
0xa7b7f03c	1	std__string__find_first_not_of_a7b7f03c	part_029	converted
0xa7b7f040	1	std__string__find_first_not_of_a7b7f040	part_029	converted
0xa7b7f044	1	std__string__find_first_not_of_a7b7f044	part_029	converted
0xa7b7f048	1	std__string__find_first_not_of_a7b7f048	part_029	converted
0xa7b7f04c	1	std__string__end_a7b7f04c	part_029	converted
0xa7b7f050	1	std__string___Rep___M_is_leaked_a7b7f050	part_029	converted
0xa7b7f054	1	std__string___Rep___M_is_shared_a7b7f054	part_029	converted
0xa7b7f058	1	std__string__data_a7b7f058	part_029	converted
0xa7b7f05c	1	std__string__find_a7b7f05c	part_030	converted
0xa7b7f060	1	std__string__find_a7b7f060	part_030	converted
0xa7b7f064	1	std__string__find_a7b7f064	part_030	converted
0xa7b7f068	1	std__string__find_a7b7f068	part_030	converted
0xa7b7f06c	1	std__string__rend_a7b7f06c	part_030	converted
0xa7b7f070	1	std__string__size_a7b7f070	part_030	converted
0xa7b7f074	1	std__string__begin_a7b7f074	part_030	converted
0xa7b7f078	1	std__string__c_str_a7b7f078	part_030	converted
0xa7b7f07c	1	std__string__empty_a7b7f07c	part_030	converted
0xa7b7f080	1	std__string__rfind_a7b7f080	part_030	converted
0xa7b7f084	1	std__string__rfind_a7b7f084	part_030	converted
0xa7b7f088	1	std__string__rfind_a7b7f088	part_030	converted
0xa7b7f08c	1	std__string__rfind_a7b7f08c	part_030	converted
0xa7b7f090	1	std__string___M_rep_a7b7f090	part_030	converted
0xa7b7f094	1	std__string__length_a7b7f094	part_030	converted
0xa7b7f098	1	std__string__rbegin_a7b7f098	part_030	converted
0xa7b7f09c	1	std__string___M_data_a7b7f09c	part_030	converted
0xa7b7f0a0	1	std__string___M_fold_a7b7f0a0	part_030	converted
0xa7b7f0a4	1	std__string___M_iend_a7b7f0a4	part_030	converted
0xa7b7f0a8	1	std__string__compare_a7b7f0a8	part_030	converted
0xa7b7f0ac	1	std__string__compare_a7b7f0ac	part_030	converted
0xa7b7f0b0	1	std__string__capacity_a7b7f0b0	part_030	converted
0xa7b7f0b4	1	std__string__max_size_a7b7f0b4	part_030	converted
0xa7b7f0b8	1	std__string___M_ibegin_a7b7f0b8	part_030	converted
0xa7b7f0bc	1	std__string__operator___a7b7f0bc	part_030	converted
0xa7b7f0c0	1	std__string___Alloc_hider___Alloc_hider_a7b7f0c0	part_030	converted
0xa7b7f0c4	1	std__string___Alloc_hider___Alloc_hider_a7b7f0c4	part_030	converted
0xa7b7f0c8	1	std__string___Alloc_hider___Alloc_hider_a7b7f0c8	part_030	converted
0xa7b7f0cc	1	std__string___S_empty_rep_a7b7f0cc	part_030	converted
0xa7b7f0d0	1	std__string___S_copy_chars_a7b7f0d0	part_030	converted
0xa7b7f0d4	1	std__string___S_copy_chars_a7b7f0d4	part_030	converted
0xa7b7f0d8	1	std__string___S_copy_chars_a7b7f0d8	part_030	converted
0xa7b7f0dc	1	std__string___S_copy_chars_a7b7f0dc	part_030	converted
0xa7b7f0e0	1	std__string___Rep___M_dispose_a7b7f0e0	part_030	converted
0xa7b7f0e4	1	std__string___Rep___M_refcopy_a7b7f0e4	part_030	converted
0xa7b7f0e8	1	std__string___Rep___M_refdata_a7b7f0e8	part_030	converted
0xa7b7f0ec	1	std__string___Rep___M_set_leaked_a7b7f0ec	part_030	converted
0xa7b7f0f0	1	std__string___Rep___M_set_sharable_a7b7f0f0	part_030	converted
0xa7b7f0f4	1	std__string___Rep___M_grab_a7b7f0f4	part_030	converted
0xa7b7f0f8	1	std__string___Rep__operator___a7b7f0f8	part_030	converted
0xa7b7f0fc	1	std__string__swap_a7b7f0fc	part_030	converted
0xa7b7f100	1	std__string__clear_a7b7f100	part_030	converted
0xa7b7f104	1	std__string__append_a7b7f104	part_030	converted
0xa7b7f108	1	std__string__insert_a7b7f108	part_030	converted
0xa7b7f10c	1	std__string__insert_a7b7f10c	part_030	converted
0xa7b7f110	1	std__string__resize_a7b7f110	part_030	converted
0xa7b7f114	1	std__string___M_data_a7b7f114	part_030	converted
0xa7b7f118	1	std__string___M_leak_a7b7f118	part_030	converted
0xa7b7f11c	1	std__string__replace_a7b7f11c	part_030	converted
0xa7b7f120	1	std__string__replace_a7b7f120	part_030	converted
0xa7b7f124	1	std__string__replace_a7b7f124	part_030	converted
0xa7b7f128	1	std__string__string_a7b7f128	part_030	converted
0xa7b7f12c	1	std__string__string_a7b7f12c	part_030	converted
0xa7b7f130	1	std__string__string_a7b7f130	part_030	converted
0xa7b7f134	1	std__string__string_a7b7f134	part_030	converted
0xa7b7f138	1	std__string__string_a7b7f138	part_030	converted
0xa7b7f13c	1	std__string__string_a7b7f13c	part_030	converted
0xa7b7f140	1	std__string__string_a7b7f140	part_030	converted
0xa7b7f144	1	std__string__string_a7b7f144	part_030	converted
0xa7b7f148	1	std__string__string___gnu_cxx____normal_iterator_char_const__std__string___a7b7f148	part_030	converted
0xa7b7f14c	1	std__string__string___gnu_cxx____normal_iterator_char__std__string___a7b7f14c	part_031	converted
0xa7b7f150	1	std__string__string_char_const___a7b7f150	part_031	converted
0xa7b7f154	1	std__string__string_char___a7b7f154	part_031	converted
0xa7b7f158	1	std__string__string_a7b7f158	part_031	converted
0xa7b7f15c	1	std__string__string_a7b7f15c	part_031	converted
0xa7b7f160	1	std__string__string_a7b7f160	part_031	converted
0xa7b7f164	1	std__string__string_a7b7f164	part_031	converted
0xa7b7f168	1	std__string__string_a7b7f168	part_031	converted
0xa7b7f16c	1	std__string__string_a7b7f16c	part_031	converted
0xa7b7f170	1	std__string__string_a7b7f170	part_031	converted
0xa7b7f174	1	std__string__string_a7b7f174	part_031	converted
0xa7b7f178	1	std__string__string___gnu_cxx____normal_iterator_char_const__std__string___a7b7f178	part_031	converted
0xa7b7f17c	1	std__string__string___gnu_cxx____normal_iterator_char__std__string___a7b7f17c	part_031	converted
0xa7b7f180	1	std__string__string_char_const___a7b7f180	part_031	converted
0xa7b7f184	1	std__string__string_char___a7b7f184	part_031	converted
0xa7b7f188	1	std__string__string_a7b7f188	part_031	converted
0xa7b7f18c	1	std__string___string_a7b7f18c	part_031	converted
0xa7b7f190	1	std__string___string_a7b7f190	part_031	converted
0xa7b7f194	1	std__string___string_a7b7f194	part_031	converted
0xa7b7f198	1	std__string__operator__a7b7f198	part_031	converted
0xa7b7f19c	1	std__string__operator___a7b7f19c	part_031	converted
0xa7b7f1a0	1	std__string__operator___a7b7f1a0	part_031	converted
0xa7b7f1a4	1	std__string__operator___a7b7f1a4	part_031	converted
0xa7b7f1a8	1	std____destroy_aux_std__string___a7b7f1a8	part_031	converted
0xa7b7f1ac	1	operator_delete_a7b7f1ac	part_031	converted
0xa7b7f1b0	1	std__allocator_char___address_a7b7f1b0	part_031	converted
0xa7b7f1b4	1	std__allocator_char___address_a7b7f1b4	part_031	converted
0xa7b7f1b8	1	std__allocator_char___max_size_a7b7f1b8	part_031	converted
0xa7b7f1bc	1	std__allocator_wchar_t___address_a7b7f1bc	part_031	converted
0xa7b7f1c0	1	std__allocator_wchar_t___address_a7b7f1c0	part_031	converted
0xa7b7f1c4	1	std__allocator_wchar_t___max_size_a7b7f1c4	part_031	converted
0xa7b7f1c8	1	std__allocator_char___destroy_a7b7f1c8	part_031	converted
0xa7b7f1cc	1	std__allocator_char___construct_a7b7f1cc	part_031	converted
0xa7b7f1d0	1	std__allocator_char___allocator_a7b7f1d0	part_031	converted
0xa7b7f1d4	1	std__allocator_char___allocator_a7b7f1d4	part_031	converted
0xa7b7f1d8	1	std__allocator_char___allocator_a7b7f1d8	part_031	converted
0xa7b7f1dc	1	std__allocator_char___allocator_a7b7f1dc	part_031	converted
0xa7b7f1e0	1	std__allocator_char___allocator_a7b7f1e0	part_031	converted
0xa7b7f1e4	1	std__allocator_char___allocator_a7b7f1e4	part_031	converted
0xa7b7f1e8	1	std__allocator_char____allocator_a7b7f1e8	part_031	converted
0xa7b7f1ec	1	std__allocator_char____allocator_a7b7f1ec	part_031	converted
0xa7b7f1f0	1	std__allocator_char____allocator_a7b7f1f0	part_031	converted
0xa7b7f1f4	1	std__allocator_wchar_t___deallocate_a7b7f1f4	part_031	converted
0xa7b7f1f8	1	std__allocator_wchar_t___destroy_a7b7f1f8	part_031	converted
0xa7b7f1fc	1	std__allocator_wchar_t___construct_a7b7f1fc	part_031	converted
0xa7b7f200	1	std__allocator_wchar_t___allocator_a7b7f200	part_031	converted
0xa7b7f204	1	std__allocator_wchar_t___allocator_a7b7f204	part_031	converted
0xa7b7f208	1	std__allocator_wchar_t___allocator_a7b7f208	part_031	converted
0xa7b7f20c	1	std__allocator_wchar_t___allocator_a7b7f20c	part_031	converted
0xa7b7f210	1	std__allocator_wchar_t___allocator_a7b7f210	part_031	converted
0xa7b7f214	1	std__allocator_wchar_t___allocator_a7b7f214	part_031	converted
0xa7b7f218	1	std__allocator_wchar_t____allocator_a7b7f218	part_031	converted
0xa7b7f21c	1	std__allocator_wchar_t____allocator_a7b7f21c	part_031	converted
0xa7b7f220	1	std__allocator_wchar_t____allocator_a7b7f220	part_031	converted
0xa7b7f224	1	std____default_alloc_template_true_0____S_round_up_a7b7f224	part_031	converted
0xa7b7f228	1	std____default_alloc_template_true_0____S_freelist_index_a7b7f228	part_031	converted
0xa7b7f22c	1	std____default_alloc_template_true_0____Lock___Lock_a7b7f22c	part_031	converted
0xa7b7f230	1	std____default_alloc_template_true_0____Lock___Lock_a7b7f230	part_031	converted
0xa7b7f234	1	std____default_alloc_template_true_0____Lock___Lock_a7b7f234	part_031	converted
0xa7b7f238	1	std____default_alloc_template_true_0____Lock____Lock_a7b7f238	part_031	converted
0xa7b7f23c	1	std____default_alloc_template_true_0____Lock____Lock_a7b7f23c	part_032	converted
0xa7b7f240	1	std____default_alloc_template_true_0____Lock____Lock_a7b7f240	part_032	converted
0xa7b7f244	1	operator_delete___a7b7f244	part_032	converted
0xa7b7f248	1	std__logic_error__what_a7b7f248	part_032	converted
0xa7b7f24c	1	std__runtime_error__what_a7b7f24c	part_032	converted
0xa7b7f250	1	std__logic_error__logic_error_a7b7f250	part_032	converted
0xa7b7f254	1	std__logic_error__logic_error_a7b7f254	part_032	converted
0xa7b7f258	1	std__logic_error___logic_error_a7b7f258	part_032	converted
0xa7b7f25c	1	std__logic_error___logic_error_a7b7f25c	part_032	converted
0xa7b7f260	1	std__logic_error___logic_error_a7b7f260	part_032	converted
0xa7b7f264	1	std__logic_error___logic_error_a7b7f264	part_032	converted
0xa7b7f268	1	std__range_error__range_error_a7b7f268	part_032	converted
0xa7b7f26c	1	std__range_error__range_error_a7b7f26c	part_032	converted
0xa7b7f270	1	std__domain_error__domain_error_a7b7f270	part_032	converted
0xa7b7f274	1	std__domain_error__domain_error_a7b7f274	part_032	converted
0xa7b7f278	1	std__length_error__length_error_a7b7f278	part_032	converted
0xa7b7f27c	1	std__length_error__length_error_a7b7f27c	part_032	converted
0xa7b7f280	1	std__out_of_range__out_of_range_a7b7f280	part_032	converted
0xa7b7f284	1	std__out_of_range__out_of_range_a7b7f284	part_032	converted
0xa7b7f288	1	std__runtime_error__runtime_error_a7b7f288	part_032	converted
0xa7b7f28c	1	std__runtime_error__runtime_error_a7b7f28c	part_032	converted
0xa7b7f290	1	std__runtime_error___runtime_error_a7b7f290	part_032	converted
0xa7b7f294	1	std__runtime_error___runtime_error_a7b7f294	part_032	converted
0xa7b7f298	1	std__runtime_error___runtime_error_a7b7f298	part_032	converted
0xa7b7f29c	1	std__runtime_error___runtime_error_a7b7f29c	part_032	converted
0xa7b7f2a0	1	std__overflow_error__overflow_error_a7b7f2a0	part_032	converted
0xa7b7f2a4	1	std__overflow_error__overflow_error_a7b7f2a4	part_032	converted
0xa7b7f2a8	1	std__underflow_error__underflow_error_a7b7f2a8	part_032	converted
0xa7b7f2ac	1	std__underflow_error__underflow_error_a7b7f2ac	part_032	converted
0xa7b7f2b0	1	std__invalid_argument__invalid_argument_a7b7f2b0	part_032	converted
0xa7b7f2b4	1	std__invalid_argument__invalid_argument_a7b7f2b4	part_032	converted
0xa7b7f2b8	1	__cxxabiv1____class_type_info_____class_type_info_a7b7f2b8	part_032	converted
0xa7b7f2bc	1	__cxxabiv1____class_type_info_____class_type_info_a7b7f2bc	part_032	converted
0xa7b7f2c0	1	__cxxabiv1____class_type_info_____class_type_info_a7b7f2c0	part_032	converted
0xa7b7f2c4	1	__cxxabiv1____si_class_type_info_____si_class_type_info_a7b7f2c4	part_032	converted
0xa7b7f2c8	1	__cxxabiv1____si_class_type_info_____si_class_type_info_a7b7f2c8	part_032	converted
0xa7b7f2cc	1	__cxxabiv1____si_class_type_info_____si_class_type_info_a7b7f2cc	part_032	converted
0xa7b7f2d0	1	__cxxabiv1____vmi_class_type_info_____vmi_class_type_info_a7b7f2d0	part_032	converted
0xa7b7f2d4	1	__cxxabiv1____vmi_class_type_info_____vmi_class_type_info_a7b7f2d4	part_032	converted
0xa7b7f2d8	1	__cxxabiv1____vmi_class_type_info_____vmi_class_type_info_a7b7f2d8	part_032	converted
0xa7b7f2dc	1	__cxxabiv1____class_type_info____do_catch_a7b7f2dc	part_032	converted
0xa7b7f2e0	1	__cxxabiv1____class_type_info____do_upcast_a7b7f2e0	part_032	converted
0xa7b7f2e4	1	__cxxabiv1____class_type_info____do_dyncast_a7b7f2e4	part_032	converted
0xa7b7f2e8	1	__cxxabiv1____class_type_info____do_find_public_src_a7b7f2e8	part_032	converted
0xa7b7f2ec	1	__cxxabiv1____si_class_type_info____do_upcast_a7b7f2ec	part_032	converted
0xa7b7f2f0	1	__cxxabiv1____si_class_type_info____do_dyncast_a7b7f2f0	part_032	converted
0xa7b7f2f4	1	__cxxabiv1____si_class_type_info____do_find_public_src_a7b7f2f4	part_032	converted
0xa7b7f2f8	1	std__type_info____do_catch_a7b7f2f8	part_032	converted
0xa7b7f2fc	1	std__type_info____do_upcast_a7b7f2fc	part_032	converted
0xa7b7f300	1	std__type_info____is_pointer_p_a7b7f300	part_032	converted
0xa7b7f304	1	std__type_info____is_function_p_a7b7f304	part_032	converted
0xa7b7f308	1	std__type_info__operator___a7b7f308	part_032	converted
0xa7b7f30c	1	std__bad_typeid___bad_typeid_a7b7f30c	part_032	converted
0xa7b7f310	1	std__bad_typeid___bad_typeid_a7b7f310	part_032	converted
0xa7b7f314	1	std__bad_typeid___bad_typeid_a7b7f314	part_032	converted
0xa7b7f318	1	std__bad_typeid___bad_typeid_a7b7f318	part_032	converted
0xa7b7f31c	1	std__bad_cast___bad_cast_a7b7f31c	part_032	converted
0xa7b7f320	1	std__bad_cast___bad_cast_a7b7f320	part_032	converted
0xa7b7f324	1	std__bad_cast___bad_cast_a7b7f324	part_032	converted
0xa7b7f328	1	std__bad_cast___bad_cast_a7b7f328	part_032	converted
0xa7b7f32c	1	std__type_info___type_info_a7b7f32c	part_033	converted
0xa7b7f330	1	std__type_info___type_info_a7b7f330	part_033	converted
0xa7b7f334	1	std__type_info___type_info_a7b7f334	part_033	converted
0xa7b7f338	1	std__type_info___type_info_a7b7f338	part_033	converted
0xa7b7f33c	1	std__exception__what_a7b7f33c	part_033	converted
0xa7b7f340	1	std__bad_exception___bad_exception_a7b7f340	part_033	converted
0xa7b7f344	1	std__bad_exception___bad_exception_a7b7f344	part_033	converted
0xa7b7f348	1	std__bad_exception___bad_exception_a7b7f348	part_033	converted
0xa7b7f34c	1	std__bad_exception___bad_exception_a7b7f34c	part_033	converted
0xa7b7f350	1	std__exception___exception_a7b7f350	part_033	converted
0xa7b7f354	1	std__exception___exception_a7b7f354	part_033	converted
0xa7b7f358	1	std__exception___exception_a7b7f358	part_033	converted
0xa7b7f35c	1	std__exception___exception_a7b7f35c	part_033	converted
0xa7b7f360	1	std__bad_alloc___bad_alloc_a7b7f360	part_033	converted
0xa7b7f364	1	std__bad_alloc___bad_alloc_a7b7f364	part_033	converted
0xa7b7f368	1	std__bad_alloc___bad_alloc_a7b7f368	part_033	converted
0xa7b7f36c	1	std__bad_alloc___bad_alloc_a7b7f36c	part_033	converted
0xa7b7f370	1	size_of_encoded_value_a7b7f370	part_033	converted
0xa7b7f374	1	base_of_encoded_value_a7b7f374	part_033	converted
0xa7b7f378	1	read_uleb128_a7b7f378	part_033	converted
0xa7b7f37c	1	read_sleb128_a7b7f37c	part_033	converted
0xa7b7f380	1	read_encoded_value_with_base_a7b7f380	part_033	converted
0xa7b7f384	1	get_ttype_entry_a7b7f384	part_033	converted
0xa7b7f388	1	std__uncaught_exception_a7b7f388	part_033	converted
0xa7b7f394	1	get_globals_init_once_a7b7f394	part_033	converted
