0x1770	32	FUN_00001770	part_000	converted
0x17b8	120	FUN_000017b8	part_000	converted
0x1830	204	FUN_00001830	part_000	converted
0x18fc	504	FUN_000018fc	part_000	converted
0x1af4	32	FUN_00001af4	part_000	converted
0x1b34	528	FUN_00001b34	part_000	converted
0x1d44	32	FUN_00001d44	part_000	converted
0x1e24	268	FUN_00001e24	part_000	converted
0x1f30	32	FUN_00001f30	part_000	converted
0x1f70	292	FUN_00001f70	part_000	converted
0x2094	32	FUN_00002094	part_000	converted
0x222c	32	FUN_0000222c	part_000	converted
0x2348	32	FUN_00002348	part_000	converted
0x23a8	672	FUN_000023a8	part_000	converted
0x2648	32	FUN_00002648	part_000	converted
0x2728	32	FUN_00002728	part_000	converted
0x2748	92	FUN_00002748	part_000	converted
0x27a4	32	FUN_000027a4	part_000	converted
0x27d0	776	FUN_000027d0	part_000	converted
0x5630	1116	_gldSetInteger	part_000	converted
0x5aa0	616	_gldGetInteger	part_000	converted
0x5d50	96	_gldCreateBuffer	part_000	converted
0x5db0	244	FUN_00005db0	part_000	converted
0x5eb0	184	FUN_00005eb0	part_000	converted
0x5f70	164	_gldFlushBuffer	part_000	converted
0x6020	60	_gldGetMemoryPluginData	part_000	converted
0x6060	100	_gldSetMemoryPluginData	part_000	converted
0x60d0	212	_gldFinishMemoryPluginData	part_000	converted
0x61b0	156	_gldTestMemoryPluginData	part_000	converted
0x6260	212	_gldDestroyMemoryPluginData	part_000	converted
0x6340	236	_gldReclaimBuffer	part_000	converted
0x6430	56	_gldDestroyBuffer	part_000	converted
0x6470	312	FUN_00006470	part_000	converted
0x65b0	328	FUN_000065b0	part_000	converted
0x6700	1696	_gldCreateContext	part_000	converted
0x6dd0	216	_gldDestroyContext	part_000	converted
0x6ec0	128	_gldCreateShared	part_000	converted
0x6f40	76	_gldDestroyShared	part_000	converted
0x6f90	128	_gldReclaimContext	part_000	converted
0x7020	164	FUN_00007020	part_000	converted
0x70d0	1804	_gldAttachDrawable	part_000	converted
0x7830	20	_gldGetError	part_000	converted
0x7850	408	_gldCreateFence	part_000	converted
0x79f0	76	_gldDestroyFence	part_000	converted
0x7a40	232	_gldTestObject	part_000	converted
0x7b30	300	_gldFinishObject	part_000	converted
0x7c70	104	_gldCreateFramebuffer	part_000	converted
0x7ce0	4	_gldReclaimFramebuffer	part_000	converted
0x7cf0	96	_gldDestroyFramebuffer	part_000	converted
0x7d50	368	FUN_00007d50	part_000	converted
0x7ec0	256	FUN_00007ec0	part_000	converted
0x7fc0	112	FUN_00007fc0	part_000	converted
0x8030	128	FUN_00008030	part_000	converted
0x80b0	1980	_gldChoosePixelFormat	part_000	converted
0x8a10	52	_gldDestroyPixelFormat	part_000	converted
0x8a50	500	_gldGetRendererInfo	part_000	converted
0x8c60	156	_gldInitializeLibrary	part_000	converted
0x8d10	56	_gldTerminateLibrary	part_000	converted
0x8d50	16	_gldIsTextureResident	part_000	converted
0x8d60	164	_gldCreateTexture	part_000	converted
0x8e10	76	_gldCreateTextureLevel	part_001	converted
0x8e60	20	_gldModifyTexture	part_001	converted
0x8e80	204	_gldModifyTextureLevel	part_001	converted
0x8f60	520	_gldGetTextureLevelInfo	part_001	converted
0x9180	264	_gldDeleteTextureLevel	part_001	converted
0x9290	396	_gldReclaimTexture	part_001	converted
0x9420	56	_gldDeleteTexture	part_001	converted
0x9460	80	_gldCreatePipelineProgram	part_001	converted
0x94b0	48	_gldModifyPipelineProgram	part_001	converted
0x94e0	84	_gldRelatePipelineProgram	part_001	converted
0x9540	36	_gldGetPipelineProgramInfo	part_001	converted
0x9570	104	_gldDestroyPipelineProgram	part_001	converted
0x95e0	192	FUN_000095e0	part_001	converted
0x9b70	88	FUN_00009b70	part_001	converted
0x9bd0	164	FUN_00009bd0	part_001	converted
0x9c80	76	_gldDestroyQuery	part_001	converted
0x9cd0	152	FUN_00009cd0	part_001	converted
0x9d70	248	FUN_00009d70	part_001	converted
0x9e70	532	_gldCreateQuery	part_001	converted
0xa0f0	48	FUN_0000a0f0	part_001	converted
0xa120	92	FUN_0000a120	part_001	converted
0xa180	344	FUN_0000a180	part_001	converted
0xa2f0	184	FUN_0000a2f0	part_001	converted
0xa3f0	592	FUN_0000a3f0	part_001	converted
0xa670	100	FUN_0000a670	part_001	converted
0xa6e0	292	FUN_0000a6e0	part_001	converted
0xa820	452	FUN_0000a820	part_001	converted
0xa9f0	244	FUN_0000a9f0	part_001	converted
0xaaf0	244	FUN_0000aaf0	part_001	converted
0xabf0	184	FUN_0000abf0	part_001	converted
0xacb0	568	FUN_0000acb0	part_001	converted
0xb150	280	FUN_0000b150	part_001	converted
0xb270	296	FUN_0000b270	part_001	converted
0xb3a0	332	FUN_0000b3a0	part_001	converted
0xb4f0	292	FUN_0000b4f0	part_001	converted
0xb620	72	FUN_0000b620	part_001	converted
0xb670	80	FUN_0000b670	part_001	converted
0xb6c0	80	_gldCreateVertexArray	part_001	converted
0xb710	56	_gldFlushVertexArray	part_001	converted
0xb750	276	FUN_0000b750	part_001	converted
0xb880	244	FUN_0000b880	part_001	converted
0xb980	184	FUN_0000b980	part_001	converted
0xba40	248	_gldModifyVertexArray	part_001	converted
0xbb40	220	_gldReclaimVertexArray	part_001	converted
0xbc20	56	_gldDestroyVertexArray	part_001	converted
0xbc60	248	FUN_0000bc60	part_001	converted
0xbd60	264	FUN_0000bd60	part_001	converted
0xbe70	272	FUN_0000be70	part_001	converted
0xbfa0	1332	FUN_0000bfa0	part_001	converted
0xc8a0	136	FUN_0000c8a0	part_001	converted
0xc930	284	FUN_0000c930	part_001	converted
0xca50	312	FUN_0000ca50	part_001	converted
0xcb90	572	FUN_0000cb90	part_001	converted
0xcdf0	156	FUN_0000cdf0	part_001	converted
0xce90	924	FUN_0000ce90	part_001	converted
0xd240	308	FUN_0000d240	part_001	converted
0xd380	2976	FUN_0000d380	part_001	converted
0xdf50	648	FUN_0000df50	part_001	converted
0xe1f0	4068	FUN_0000e1f0	part_001	converted
0xf250	932	FUN_0000f250	part_001	converted
0xf620	27520	FUN_0000f620	part_002	converted
0x16fc0	272	FUN_00016fc0	part_002	converted
0x17100	84	FUN_00017100	part_002	converted
0x17160	236	FUN_00017160	part_002	converted
0x17260	168	FUN_00017260	part_002	converted
0x17310	1008	FUN_00017310	part_002	converted
0x17720	36	FUN_00017720	part_002	converted
0x17750	748	FUN_00017750	part_002	converted
0x17a40	200	FUN_00017a40	part_002	converted
0x17b20	740	FUN_00017b20	part_002	converted
0x17e10	204	FUN_00017e10	part_002	converted
0x18a40	3636	FUN_00018a40	part_002	converted
0x199a0	68	FUN_000199a0	part_002	converted
0x199f0	212	FUN_000199f0	part_002	converted
0x19ad0	360	FUN_00019ad0	part_002	converted
0x19c50	308	FUN_00019c50	part_002	converted
0x19db0	544	FUN_00019db0	part_002	converted
0x1a010	176	FUN_0001a010	part_002	converted
0x1a0d0	32	FUN_0001a0d0	part_002	converted
0x1a0f0	388	FUN_0001a0f0	part_002	converted
0x1a280	588	FUN_0001a280	part_002	converted
0x1a5c0	28	_gldFlush	part_002	converted
0x1a5e0	136	_gldFinish	part_002	converted
0x1a9d0	588	FUN_0001a9d0	part_002	converted
0x1ac30	464	FUN_0001ac30	part_002	converted
0x1ae20	768	FUN_0001ae20	part_002	converted
0x1b150	88	FUN_0001b150	part_002	converted
0x1b1b0	20	_gldFreeVertexBuffer	part_002	converted
0x1b1d0	4	_gldCompleteVertexBuffer	part_002	converted
0x1b1e0	676	_gldAllocVertexBuffer	part_002	converted
0x1b4b0	44	FUN_0001b4b0	part_002	converted
0x1b510	1304	FUN_0001b510	part_002	converted
0x1bac0	904	FUN_0001bac0	part_002	converted
0x1be50	868	FUN_0001be50	part_002	converted
0x1c380	3664	FUN_0001c380	part_002	converted
0x1d7c0	148	FUN_0001d7c0	part_002	converted
0x1d880	704	FUN_0001d880	part_002	converted
0x1db50	180	FUN_0001db50	part_002	converted
0x1dc10	976	FUN_0001dc10	part_002	converted
0x1dff0	140	FUN_0001dff0	part_002	converted
0x1e080	480	_gldPageoffBuffer	part_002	converted
0x1e280	1184	FUN_0001e280	part_002	converted
0x1e730	332	FUN_0001e730	part_002	converted
0x1fd00	1208	FUN_0001fd00	part_002	converted
0x20210	280	FUN_00020210	part_002	converted
0x20330	216	FUN_00020330	part_002	converted
0x20b00	40	FUN_00020b00	part_002	converted
0x22290	2632	_gldUpdateDispatch	part_002	converted
0x22ce0	456	_gldInitDispatch	part_002	converted
0x22eb0	536	FUN_00022eb0	part_002	converted
0x230d0	1544	FUN_000230d0	part_002	converted
0x23700	360	FUN_00023700	part_002	converted
0x24fb0	16	FUN_00024fb0	part_002	converted
0x24fc0	4	FUN_00024fc0	part_002	converted
0x24fd0	4	FUN_00024fd0	part_002	converted
0x24fe0	2908	FUN_00024fe0	part_002	converted
0x25bf0	408	FUN_00025bf0	part_002	converted
0x25da0	264	FUN_00025da0	part_002	converted
0x25ec0	1372	FUN_00025ec0	part_002	converted
0x26440	500	FUN_00026440	part_002	converted
0x26650	792	FUN_00026650	part_003	converted
0x269a0	516	FUN_000269a0	part_003	converted
0x27990	2360	FUN_00027990	part_003	converted
0x28350	3820	FUN_00028350	part_003	converted
0x29c00	1624	FUN_00029c00	part_003	converted
0x2a3d0	3968	FUN_0002a3d0	part_003	converted
0x2b3b0	4	FUN_0002b3b0	part_003	converted
0x2b3c0	464	FUN_0002b3c0	part_003	converted
0x2b5a0	404	_gldGetQueryInfo	part_003	converted
0x2b7f0	968	FUN_0002b7f0	part_003	converted
0x2be90	12	FUN_0002be90	part_003	converted
0x2bea0	116	FUN_0002bea0	part_003	converted
0x2bf30	180	FUN_0002bf30	part_003	converted
0x2c020	148	FUN_0002c020	part_003	converted
0x2c0c0	180	FUN_0002c0c0	part_003	converted
0x2c180	164	FUN_0002c180	part_003	converted
0x2c230	1144	FUN_0002c230	part_003	converted
0x2c6c0	184	FUN_0002c6c0	part_003	converted
0x2c790	932	FUN_0002c790	part_003	converted
0x2cb40	200	FUN_0002cb40	part_003	converted
0x2cc10	28	FUN_0002cc10	part_003	converted
0x2cc30	276	FUN_0002cc30	part_003	converted
0x2cd50	236	FUN_0002cd50	part_003	converted
0x2ce40	492	FUN_0002ce40	part_003	converted
0x2d030	456	FUN_0002d030	part_003	converted
0x2d210	140	FUN_0002d210	part_003	converted
0x2d2b0	2388	FUN_0002d2b0	part_003	converted
0x2dcf0	236	FUN_0002dcf0	part_003	converted
0x2ddf0	3396	FUN_0002ddf0	part_003	converted
0x2ebc0	596	FUN_0002ebc0	part_003	converted
0x2ee30	1476	FUN_0002ee30	part_003	converted
0x2f410	148	FUN_0002f410	part_003	converted
0x2f4d0	708	FUN_0002f4d0	part_003	converted
0x2fac0	2252	FUN_0002fac0	part_003	converted
0x303d0	68	FUN_000303d0	part_003	converted
0x30420	392	FUN_00030420	part_003	converted
0x305b0	492	FUN_000305b0	part_003	converted
0x307a0	148	FUN_000307a0	part_003	converted
0x30840	124	FUN_00030840	part_003	converted
0x308c0	192	FUN_000308c0	part_003	converted
0x30990	40	FUN_00030990	part_003	converted
0x309c0	136	FUN_000309c0	part_003	converted
0x30a50	8	FUN_00030a50	part_003	converted
0x30a60	240	FUN_00030a60	part_003	converted
0x30b50	236	FUN_00030b50	part_003	converted
0x30c50	684	FUN_00030c50	part_003	converted
0x30f00	88	FUN_00030f00	part_003	converted
0x30f60	492	FUN_00030f60	part_003	converted
0x31170	164	FUN_00031170	part_003	converted
0x31220	280	FUN_00031220	part_003	converted
0x31340	1352	FUN_00031340	part_003	converted
0x31890	176	_gldGetTextureLevel	part_003	converted
0x31940	1972	FUN_00031940	part_003	converted
0x32100	8252	FUN_00032100	part_003	converted
0x341a0	92	FUN_000341a0	part_003	converted
0x39100	188	FUN_00039100	part_003	converted
0x391f0	84	_gldGetVersion	part_003	converted
0x39250	204	_gldGetString	part_003	converted
0x39330	724	FUN_00039330	part_003	converted
0x3b160	284	FUN_0003b160	part_003	converted
0x3b280	772	FUN_0003b280	part_004	converted
0x3b5b0	100	FUN_0003b5b0	part_004	converted
0x3b620	592	FUN_0003b620	part_004	converted
0x3b870	2500	FUN_0003b870	part_004	converted
0x3c310	236	FUN_0003c310	part_004	converted
0x3c400	4136	FUN_0003c400	part_004	converted
0x3d590	2944	FUN_0003d590	part_004	converted
0x3e250	188	FUN_0003e250	part_004	converted
0x3e320	120	FUN_0003e320	part_004	converted
0x3e3a0	116	FUN_0003e3a0	part_004	converted
0x3e420	152	FUN_0003e420	part_004	converted
0x3e4c0	8	FUN_0003e4c0	part_004	converted
0x3e4d0	276	FUN_0003e4d0	part_004	converted
0x3e600	1352	FUN_0003e600	part_004	converted
0x3eb70	296	FUN_0003eb70	part_004	converted
0x3ed50	60	FUN_0003ed50	part_004	converted
0x3ed90	160	FUN_0003ed90	part_004	converted
0x3ee30	88	FUN_0003ee30	part_004	converted
0x3eea0	168	FUN_0003eea0	part_004	converted
0x3ef50	240	FUN_0003ef50	part_004	converted
0x3f050	336	FUN_0003f050	part_004	converted
0x3f1c0	700	FUN_0003f1c0	part_004	converted
0x3f4e0	232	FUN_0003f4e0	part_004	converted
0x3f5d0	12	FUN_0003f5d0	part_004	converted
0x3f5e0	112	FUN_0003f5e0	part_004	converted
0x3f660	220	FUN_0003f660	part_004	converted
0x3f750	232	FUN_0003f750	part_004	converted
0x3f850	396	FUN_0003f850	part_004	converted
0x3f9f0	472	FUN_0003f9f0	part_004	converted
0x3fbf0	392	FUN_0003fbf0	part_004	converted
0x44c90	2856	FUN_00044c90	part_004	converted
0x457f0	2412	FUN_000457f0	part_004	converted
0x46180	1528	FUN_00046180	part_004	converted
0x467a0	632	FUN_000467a0	part_004	converted
0x46a30	1080	FUN_00046a30	part_004	converted
0x46e90	7800	FUN_00046e90	part_004	converted
0x48da0	6552	FUN_00048da0	part_004	converted
0x4a7d0	80	FUN_0004a7d0	part_004	converted
0x4a860	112	FUN_0004a860	part_004	converted
0x4a8f0	140	FUN_0004a8f0	part_004	converted
0x4a990	100	FUN_0004a990	part_004	converted
0x4aa00	136	FUN_0004aa00	part_004	converted
0x4aa90	196	FUN_0004aa90	part_004	converted
0x4ab60	304	FUN_0004ab60	part_004	converted
0x4ac90	1272	FUN_0004ac90	part_004	converted
0x4b190	700	FUN_0004b190	part_004	converted
0x4b480	148	FUN_0004b480	part_004	converted
0x4b5d0	296	FUN_0004b5d0	part_004	converted
0x4b710	188	FUN_0004b710	part_004	converted
0x4b980	616	FUN_0004b980	part_004	converted
0x4bbf0	1244	FUN_0004bbf0	part_004	converted
0x4c100	336	FUN_0004c100	part_004	converted
0x4c260	732	FUN_0004c260	part_004	converted
0x4cde0	72	FUN_0004cde0	part_004	converted
0x4ce30	680	FUN_0004ce30	part_004	converted
0x4d100	1264	FUN_0004d100	part_004	converted
0x4d620	328	FUN_0004d620	part_004	converted
0x4d770	840	FUN_0004d770	part_004	converted
0x4dac0	272	FUN_0004dac0	part_004	converted
0x4dbe0	76	FUN_0004dbe0	part_004	converted
0x4dc30	220	FUN_0004dc30	part_005	converted
0x4dd10	40	FUN_0004dd10	part_005	converted
0x4dd40	116	FUN_0004dd40	part_005	converted
0x4de30	180	FUN_0004de30	part_005	converted
0x4def0	2428	FUN_0004def0	part_005	converted
0x4e880	252	FUN_0004e880	part_005	converted
0x4e990	208	FUN_0004e990	part_005	converted
0x4ea70	260	FUN_0004ea70	part_005	converted
0x4eba0	476	FUN_0004eba0	part_005	converted
0x4ed90	692	FUN_0004ed90	part_005	converted
0x4f080	192	FUN_0004f080	part_005	converted
0x4f160	352	FUN_0004f160	part_005	converted
0x4f2e0	616	FUN_0004f2e0	part_005	converted
0x4f550	452	FUN_0004f550	part_005	converted
0x4f720	1348	FUN_0004f720	part_005	converted
0x4fc80	252	FUN_0004fc80	part_005	converted
0x4fd80	492	FUN_0004fd80	part_005	converted
0x4ff70	416	FUN_0004ff70	part_005	converted
0x50140	424	FUN_00050140	part_005	converted
0x50300	3048	FUN_00050300	part_005	converted
0x50ef0	284	FUN_00050ef0	part_005	converted
0x51010	1024	FUN_00051010	part_005	converted
0x51420	3152	FUN_00051420	part_005	converted
0x520c0	436	FUN_000520c0	part_005	converted
0x52280	2608	FUN_00052280	part_005	converted
0x52cc0	372	FUN_00052cc0	part_005	converted
0x52ee0	128	FUN_00052ee0	part_005	converted
0x52f60	148	FUN_00052f60	part_005	converted
0x53000	52	FUN_00053000	part_005	converted
0x53060	4	FUN_00053060	part_005	converted
0x53070	36	FUN_00053070	part_005	converted
0x530a0	24	FUN_000530a0	part_005	converted
0x530c0	184	FUN_000530c0	part_005	converted
0x53220	284	FUN_00053220	part_005	converted
0x53340	368	FUN_00053340	part_005	converted
0x534c0	260	FUN_000534c0	part_005	converted
0x53730	132	FUN_00053730	part_005	converted
0x538e0	164	FUN_000538e0	part_005	converted
0x53990	244	FUN_00053990	part_005	converted
0x53a90	100	FUN_00053a90	part_005	converted
0x53b00	84	FUN_00053b00	part_005	converted
0x53b60	568	FUN_00053b60	part_005	converted
0x53dc0	20	FUN_00053dc0	part_005	converted
0x53de0	268	FUN_00053de0	part_005	converted
0x53ef0	12	FUN_00053ef0	part_005	converted
0x53f00	124	FUN_00053f00	part_005	converted
0x53f80	124	FUN_00053f80	part_005	converted
0x54000	128	FUN_00054000	part_005	converted
0x54080	276	FUN_00054080	part_005	converted
0x541a0	196	FUN_000541a0	part_005	converted
0x543b0	164	FUN_000543b0	part_005	converted
0x54460	8	FUN_00054460	part_005	converted
0x54470	272	FUN_00054470	part_005	converted
0x54590	288	FUN_00054590	part_005	converted
0x546d0	284	FUN_000546d0	part_005	converted
0x547f0	324	FUN_000547f0	part_005	converted
0x54940	56	FUN_00054940	part_005	converted
0x54980	260	FUN_00054980	part_005	converted
0x54a90	120	FUN_00054a90	part_005	converted
0x54b20	240	FUN_00054b20	part_005	converted
0x54c10	388	FUN_00054c10	part_006	converted
0x54da0	36	FUN_00054da0	part_006	converted
0x54dd0	376	FUN_00054dd0	part_006	converted
0x54f50	380	FUN_00054f50	part_006	converted
0x550e0	244	FUN_000550e0	part_006	converted
0x551f0	244	FUN_000551f0	part_006	converted
0x55300	184	FUN_00055300	part_006	converted
0x553c0	556	FUN_000553c0	part_006	converted
0x55610	1008	FUN_00055610	part_006	converted
0x55a30	48	FUN_00055a30	part_006	converted
0x55a60	220	FUN_00055a60	part_006	converted
0x55b50	428	FUN_00055b50	part_006	converted
0x55d00	148	FUN_00055d00	part_006	converted
0x55da0	1756	FUN_00055da0	part_006	converted
0x564c0	1668	FUN_000564c0	part_006	converted
0x56b80	80	FUN_00056b80	part_006	converted
0x56be0	816	FUN_00056be0	part_006	converted
0x56f20	988	FUN_00056f20	part_006	converted
0x57340	1768	FUN_00057340	part_006	converted
0x57af0	144	FUN_00057af0	part_006	converted
0x57b80	360	FUN_00057b80	part_006	converted
0x59cb0	824	FUN_00059cb0	part_006	converted
0x5b010	932	FUN_0005b010	part_006	converted
0x5b4f0	304	FUN_0005b4f0	part_006	converted
0x5b620	824	FUN_0005b620	part_006	converted
0x5ba90	304	FUN_0005ba90	part_006	converted
0x5bbc0	928	FUN_0005bbc0	part_006	converted
0x5bf60	1672	FUN_0005bf60	part_006	converted
0x5cc20	320	FUN_0005cc20	part_006	converted
0x5cd60	1228	FUN_0005cd60	part_006	converted
0x5d9c0	824	FUN_0005d9c0	part_006	converted
0x5e0d0	1676	FUN_0005e0d0	part_006	converted
0x5e770	108	FUN_0005e770	part_006	converted
0x5e7f0	3156	FUN_0005e7f0	part_006	converted
0x61dc0	224	FUN_00061dc0	part_006	converted
0x61eb0	604	FUN_00061eb0	part_006	converted
0x62120	252	FUN_00062120	part_006	converted
0x62220	272	FUN_00062220	part_006	converted
0x62490	120	FUN_00062490	part_006	converted
0x62a70	116	FUN_00062a70	part_006	converted
0x62af0	5624	FUN_00062af0	part_006	converted
0x64230	1256	FUN_00064230	part_006	converted
0x64720	304	FUN_00064720	part_006	converted
0x64850	436	FUN_00064850	part_006	converted
0x64a10	1304	FUN_00064a10	part_006	converted
0x64f40	708	FUN_00064f40	part_006	converted
0x651e0	400	FUN_000651e0	part_006	converted
0x65370	636	FUN_00065370	part_006	converted
0x65610	152	FUN_00065610	part_006	converted
0x656b0	780	FUN_000656b0	part_006	converted
0x65ea0	1912	FUN_00065ea0	part_006	converted
0x6fd10	180	FUN_0006fd10	part_006	converted
0x6fdd0	1812	FUN_0006fdd0	part_006	converted
0x70520	252	FUN_00070520	part_006	converted
0x70630	1412	FUN_00070630	part_006	converted
0x70bf0	80	FUN_00070bf0	part_006	converted
0x70c70	84	FUN_00070c70	part_006	converted
0x70cd0	144	FUN_00070cd0	part_006	converted
0x70d80	3624	FUN_00070d80	part_006	converted
0x738c0	2852	FUN_000738c0	part_006	converted
0x744d0	1412	FUN_000744d0	part_007	converted
0x74a70	192	FUN_00074a70	part_007	converted
0x74b30	204	FUN_00074b30	part_007	converted
0x76770	352	FUN_00076770	part_007	converted
0x768e0	384	FUN_000768e0	part_007	converted
0x76ac0	188	FUN_00076ac0	part_007	converted
0x76b80	116	FUN_00076b80	part_007	converted
0x76c10	72	FUN_00076c10	part_007	converted
0x76c60	480	FUN_00076c60	part_007	converted
0x76e70	356	FUN_00076e70	part_007	converted
0x774c0	156	FUN_000774c0	part_007	converted
0x77560	228	FUN_00077560	part_007	converted
0x77650	76	FUN_00077650	part_007	converted
0x776b0	176	FUN_000776b0	part_007	converted
0x77760	72	FUN_00077760	part_007	converted
0x777b0	56	FUN_000777b0	part_007	converted
0x77800	64	FUN_00077800	part_007	converted
0x77850	12	FUN_00077850	part_007	converted
0x77860	792	FUN_00077860	part_007	converted
0x77ba0	140	FUN_00077ba0	part_007	converted
0x77c40	124	FUN_00077c40	part_007	converted
0x77cd0	24	FUN_00077cd0	part_007	converted
0x77cf0	20	FUN_00077cf0	part_007	converted
0x77d10	120	FUN_00077d10	part_007	converted
0x77d90	1176	FUN_00077d90	part_007	converted
0x78250	132	FUN_00078250	part_007	converted
0x782e0	20	FUN_000782e0	part_007	converted
0x78300	200	FUN_00078300	part_007	converted
0x78700	84	FUN_00078700	part_007	converted
0x78760	448	FUN_00078760	part_007	converted
0x78950	64	FUN_00078950	part_007	converted
0x78a10	356	FUN_00078a10	part_007	converted
0x78b80	560	FUN_00078b80	part_007	converted
0x78db0	68	FUN_00078db0	part_007	converted
0x78e00	228	FUN_00078e00	part_007	converted
0x78ef0	24	FUN_00078ef0	part_007	converted
0x78f10	92	FUN_00078f10	part_007	converted
0x78f80	2340	FUN_00078f80	part_007	converted
0x798f0	28	FUN_000798f0	part_007	converted
0x79910	248	FUN_00079910	part_007	converted
0x79a20	92	FUN_00079a20	part_007	converted
0x79a90	100	FUN_00079a90	part_007	converted
0x79b00	200	FUN_00079b00	part_007	converted
0x79bd0	532	FUN_00079bd0	part_007	converted
0x79e10	88	FUN_00079e10	part_007	converted
0x79e70	488	FUN_00079e70	part_007	converted
0x7a060	16	FUN_0007a060	part_007	converted
0x7a070	156	FUN_0007a070	part_007	converted
0x7a110	100	FUN_0007a110	part_007	converted
0x7a1a0	756	FUN_0007a1a0	part_007	converted
0x7a4a0	1544	FUN_0007a4a0	part_007	converted
0x7aae0	1460	FUN_0007aae0	part_007	converted
0x7b0d0	5660	FUN_0007b0d0	part_007	converted
0x7c760	4940	FUN_0007c760	part_007	converted
0x7dcd0	88	FUN_0007dcd0	part_007	converted
0x7dd30	160	FUN_0007dd30	part_007	converted
0x83110	856	FUN_00083110	part_007	converted
0x83470	828	FUN_00083470	part_007	converted
0x837b0	188	FUN_000837b0	part_007	converted
0x83870	1012	FUN_00083870	part_007	converted
0x83c80	12	FUN_00083c80	part_008	converted
0x83c90	372	FUN_00083c90	part_008	converted
0x86710	152	FUN_00086710	part_008	converted
0x867b0	140	FUN_000867b0	part_008	converted
0x86840	228	FUN_00086840	part_008	converted
0x86930	204	FUN_00086930	part_008	converted
0x86a10	96	FUN_00086a10	part_008	converted
0x86a80	284	FUN_00086a80	part_008	converted
0x86ba0	1840	FUN_00086ba0	part_008	converted
0x872e0	1296	FUN_000872e0	part_008	converted
0x879f0	732	FUN_000879f0	part_008	converted
0x87e80	764	FUN_00087e80	part_008	converted
0x88190	740	FUN_00088190	part_008	converted
0x88480	268	FUN_00088480	part_008	converted
0x885b0	860	FUN_000885b0	part_008	converted
0x88920	892	FUN_00088920	part_008	converted
0x88e70	112	FUN_00088e70	part_008	converted
0x88ee0	28	FUN_00088ee0	part_008	converted
0x88f00	184	FUN_00088f00	part_008	converted
0x88fd0	332	FUN_00088fd0	part_008	converted
0x89140	28	FUN_00089140	part_008	converted
0x89160	44	FUN_00089160	part_008	converted
0x89190	124	FUN_00089190	part_008	converted
0x89280	156	FUN_00089280	part_008	converted
0x89320	264	FUN_00089320	part_008	converted
0x89430	348	FUN_00089430	part_008	converted
0x895b0	364	FUN_000895b0	part_008	converted
0x89740	88	FUN_00089740	part_008	converted
0x897b0	164	FUN_000897b0	part_008	converted
0x89a20	144	FUN_00089a20	part_008	converted
0x89ac0	144	FUN_00089ac0	part_008	converted
0x89b60	168	FUN_00089b60	part_008	converted
0x89c10	128	FUN_00089c10	part_008	converted
0x89ca0	144	FUN_00089ca0	part_008	converted
0x8aa40	3780	FUN_0008aa40	part_008	converted
0x8ace0	464	FUN_0008ace0	part_008	converted
0x8aec0	136	FUN_0008aec0	part_008	converted
0x8b160	864	FUN_0008b160	part_008	converted
0x8b300	396	FUN_0008b300	part_008	converted
0x8b4b0	496	FUN_0008b4b0	part_008	converted
0x8b6d0	624	FUN_0008b6d0	part_008	converted
0x8b960	132	FUN_0008b960	part_008	converted
0x8b9f0	2664	FUN_0008b9f0	part_008	converted
0x8c490	248	FUN_0008c490	part_008	converted
0x8c590	3768	FUN_0008c590	part_008	converted
0x8d470	1744	FUN_0008d470	part_008	converted
0x8dbd0	100	FUN_0008dbd0	part_008	converted
0x8dc40	12	FUN_0008dc40	part_008	converted
0x8dc50	336	FUN_0008dc50	part_008	converted
0x8dda0	408	FUN_0008dda0	part_008	converted
0x8df50	880	FUN_0008df50	part_008	converted
0x8e2e0	168	FUN_0008e2e0	part_008	converted
0x8ebb0	4284	FUN_0008ebb0	part_008	converted
0x8f520	456	FUN_0008f520	part_008	converted
0x8f760	144	FUN_0008f760	part_008	converted
0x8f7f0	884	FUN_0008f7f0	part_008	converted
0x8fb70	248	FUN_0008fb70	part_008	converted
0x8fc70	1028	FUN_0008fc70	part_008	converted
0x900a0	944	FUN_000900a0	part_008	converted
0x90470	952	FUN_00090470	part_008	converted
0x90840	264	FUN_00090840	part_009	converted
0x90960	48	FUN_00090960	part_009	converted
0x90990	772	FUN_00090990	part_009	converted
0x90ca0	1240	FUN_00090ca0	part_009	converted
0x911a0	316	FUN_000911a0	part_009	converted
0x912f0	208	FUN_000912f0	part_009	converted
0x913e0	224	FUN_000913e0	part_009	converted
0x914e0	492	FUN_000914e0	part_009	converted
0x916d0	420	FUN_000916d0	part_009	converted
0x91880	248	FUN_00091880	part_009	converted
0x91980	176	FUN_00091980	part_009	converted
0x91a30	352	FUN_00091a30	part_009	converted
0x91b90	460	FUN_00091b90	part_009	converted
0x91d70	300	FUN_00091d70	part_009	converted
0x91eb0	648	FUN_00091eb0	part_009	converted
0x92150	200	FUN_00092150	part_009	converted
0x92220	296	FUN_00092220	part_009	converted
0x92350	512	FUN_00092350	part_009	converted
0x92570	796	FUN_00092570	part_009	converted
0x928a0	792	FUN_000928a0	part_009	converted
0x92bf0	328	FUN_00092bf0	part_009	converted
0x92d40	340	FUN_00092d40	part_009	converted
0x92ea0	324	FUN_00092ea0	part_009	converted
0x93000	288	FUN_00093000	part_009	converted
0x93130	168	FUN_00093130	part_009	converted
0x931e0	404	FUN_000931e0	part_009	converted
0x93510	1220	FUN_00093510	part_009	converted
0x939e0	52	FUN_000939e0	part_009	converted
0x93a20	24	FUN_00093a20	part_009	converted
0x93a40	3576	FUN_00093a40	part_009	converted
0x94840	3400	FUN_00094840	part_009	converted
0x955e0	40	FUN_000955e0	part_009	converted
0x95610	1840	FUN_00095610	part_009	converted
0x95dd0	1792	FUN_00095dd0	part_009	converted
0x96500	52	FUN_00096500	part_009	converted
0x96540	172	FUN_00096540	part_009	converted
0x96600	1872	FUN_00096600	part_009	converted
0x96d80	1700	FUN_00096d80	part_009	converted
0x97440	4212	FUN_00097440	part_009	converted
0x98500	6432	FUN_00098500	part_009	converted
0x99e50	1796	FUN_00099e50	part_009	converted
0x9a590	848	FUN_0009a590	part_009	converted
0x9a910	120	FUN_0009a910	part_009	converted
0x9a990	104	FUN_0009a990	part_009	converted
0x9aa00	1232	FUN_0009aa00	part_009	converted
0x9af00	172	FUN_0009af00	part_009	converted
0x9afc0	1084	FUN_0009afc0	part_009	converted
0x9b430	848	FUN_0009b430	part_009	converted
0x9b790	172	FUN_0009b790	part_009	converted
0x9b850	892	FUN_0009b850	part_009	converted
0x9bd00	96	FUN_0009bd00	part_009	converted
0x9bd60	160	FUN_0009bd60	part_009	converted
0x9be00	2216	FUN_0009be00	part_009	converted
0x9c700	248	FUN_0009c700	part_009	converted
0x9c800	744	FUN_0009c800	part_009	converted
0x9cb10	280	FUN_0009cb10	part_009	converted
0x9cc30	712	FUN_0009cc30	part_009	converted
0x9cf10	224	FUN_0009cf10	part_009	converted
0x9cff0	132	FUN_0009cff0	part_009	converted
0x9d080	596	FUN_0009d080	part_009	converted
0x9d2e0	184	FUN_0009d2e0	part_010	converted
0x9d3b0	64	FUN_0009d3b0	part_010	converted
0x9d410	5944	FUN_0009d410	part_010	converted
0x9eb90	560	FUN_0009eb90	part_010	converted
0x9edd0	708	FUN_0009edd0	part_010	converted
0x9f0b0	4444	FUN_0009f0b0	part_010	converted
0xa0290	96	FUN_000a0290	part_010	converted
0xa0300	80	FUN_000a0300	part_010	converted
0xa0350	36	FUN_000a0350	part_010	converted
0xa0380	476	FUN_000a0380	part_010	converted
0xa0570	124	FUN_000a0570	part_010	converted
0xa05f0	704	FUN_000a05f0	part_010	converted
0xa0ba0	188	FUN_000a0ba0	part_010	converted
0xa0c60	260	FUN_000a0c60	part_010	converted
0xa0d70	372	FUN_000a0d70	part_010	converted
0xa0ef0	144	FUN_000a0ef0	part_010	converted
0xa0f90	152	FUN_000a0f90	part_010	converted
0xa1090	200	FUN_000a1090	part_010	converted
0xa11a0	64	FUN_000a11a0	part_010	converted
0xa11f0	192	FUN_000a11f0	part_010	converted
0xa12b0	52	FUN_000a12b0	part_010	converted
0xa12f0	612	FUN_000a12f0	part_010	converted
0xa1570	312	FUN_000a1570	part_010	converted
0xa16b0	148	FUN_000a16b0	part_010	converted
0xa1750	772	FUN_000a1750	part_010	converted
0xa1a60	328	FUN_000a1a60	part_010	converted
0xa1bc0	328	FUN_000a1bc0	part_010	converted
0xa1d20	156	FUN_000a1d20	part_010	converted
0xa1dc0	168	FUN_000a1dc0	part_010	converted
0xa1e70	176	FUN_000a1e70	part_010	converted
0xa1f20	144	FUN_000a1f20	part_010	converted
0xa1fb0	160	FUN_000a1fb0	part_010	converted
0xa2050	168	FUN_000a2050	part_010	converted
0xa2100	192	FUN_000a2100	part_010	converted
0xa21d0	100	FUN_000a21d0	part_010	converted
0xa2240	232	FUN_000a2240	part_010	converted
0xa2330	120	FUN_000a2330	part_010	converted
0xa2530	288	FUN_000a2530	part_010	converted
0xa2660	392	FUN_000a2660	part_010	converted
0xa27f0	272	FUN_000a27f0	part_010	converted
0xa2910	8	FUN_000a2910	part_010	converted
0xa2920	648	FUN_000a2920	part_010	converted
0xa2bb0	400	FUN_000a2bb0	part_010	converted
0xa2d60	276	FUN_000a2d60	part_010	converted
0xa2e90	708	FUN_000a2e90	part_010	converted
0xa3160	804	FUN_000a3160	part_010	converted
0xa3490	196	FUN_000a3490	part_010	converted
0xa3560	164	FUN_000a3560	part_010	converted
0xa3610	88	FUN_000a3610	part_010	converted
0xa3670	48	FUN_000a3670	part_010	converted
0xa36b0	212	FUN_000a36b0	part_010	converted
0xa3790	716	FUN_000a3790	part_010	converted
0xa3a60	372	FUN_000a3a60	part_010	converted
0xa3be0	2056	FUN_000a3be0	part_010	converted
0xa43f0	148	FUN_000a43f0	part_010	converted
0xa4490	184	FUN_000a4490	part_010	converted
0xa4550	372	FUN_000a4550	part_010	converted
0xa46d0	144	FUN_000a46d0	part_010	converted
0xa4760	8	FUN_000a4760	part_010	converted
0xa4770	504	FUN_000a4770	part_010	converted
0xa4980	4768	FUN_000a4980	part_011	converted
0xa5c40	624	FUN_000a5c40	part_011	converted
0xa5ec0	620	FUN_000a5ec0	part_011	converted
0xa6140	896	FUN_000a6140	part_011	converted
0xa6500	828	FUN_000a6500	part_011	converted
0xa6860	1096	FUN_000a6860	part_011	converted
0xa6cb0	656	FUN_000a6cb0	part_011	converted
0xa6f70	8	FUN_000a6f70	part_011	converted
0xa7050	2324	FUN_000a7050	part_011	converted
0xa7970	240	FUN_000a7970	part_011	converted
0xa7a60	496	FUN_000a7a60	part_011	converted
0xa7d10	344	FUN_000a7d10	part_011	converted
0xa7e80	24	FUN_000a7e80	part_011	converted
0xa7ea0	48	FUN_000a7ea0	part_011	converted
0xa7ee0	980	FUN_000a7ee0	part_011	converted
0xa82c0	96	FUN_000a82c0	part_011	converted
0xa8320	20	FUN_000a8320	part_011	converted
0xa8340	720	FUN_000a8340	part_011	converted
0xa8630	968	FUN_000a8630	part_011	converted
0xa8a00	488	FUN_000a8a00	part_011	converted
0xa8c00	356	FUN_000a8c00	part_011	converted
0xa8d70	168	FUN_000a8d70	part_011	converted
0xa8e20	544	FUN_000a8e20	part_011	converted
0xa9070	1476	FUN_000a9070	part_011	converted
0xa9640	1116	FUN_000a9640	part_011	converted
0xa9ac0	7656	FUN_000a9ac0	part_011	converted
0xab900	60	FUN_000ab900	part_011	converted
0xab940	96	FUN_000ab940	part_011	converted
0xab9b0	240	FUN_000ab9b0	part_011	converted
0xabab0	164	FUN_000abab0	part_011	converted
0xabb60	96	FUN_000abb60	part_011	converted
0xabbd0	312	FUN_000abbd0	part_011	converted
0xabd10	1640	FUN_000abd10	part_011	converted
0xac540	476	FUN_000ac540	part_011	converted
0xac720	7944	FUN_000ac720	part_011	converted
0xaec40	3872	FUN_000aec40	part_011	converted
0xafe40	5932	FUN_000afe40	part_011	converted
0xb15d0	180	FUN_000b15d0	part_011	converted
0xb1690	476	FUN_000b1690	part_011	converted
0xb1870	800	FUN_000b1870	part_011	converted
0xb1b90	748	FUN_000b1b90	part_011	converted
0xb1e80	932	FUN_000b1e80	part_011	converted
0xb2260	692	FUN_000b2260	part_011	converted
0xb25a0	2216	FUN_000b25a0	part_011	converted
0xb2e60	636	FUN_000b2e60	part_011	converted
0xb30e0	1352	FUN_000b30e0	part_011	converted
0xb3630	3316	FUN_000b3630	part_011	converted
0xb4400	2136	FUN_000b4400	part_011	converted
0xb4f50	180	FUN_000b4f50	part_011	converted
0xb5010	132	FUN_000b5010	part_011	converted
0xb50a0	228	FUN_000b50a0	part_011	converted
0xb5190	4	FUN_000b5190	part_011	converted
0xb51a0	376	FUN_000b51a0	part_011	converted
0xb5320	204	FUN_000b5320	part_011	converted
0xb5400	928	FUN_000b5400	part_011	converted
0xb57a0	688	FUN_000b57a0	part_011	converted
0xb5a60	244	FUN_000b5a60	part_011	converted
0xb5ba0	36	FUN_000b5ba0	part_011	converted
0xb5fb0	100	FUN_000b5fb0	part_011	converted
0xb6020	1360	FUN_000b6020	part_011	converted
0xb6580	2448	FUN_000b6580	part_012	converted
0xb6f20	928	FUN_000b6f20	part_012	converted
0xb72d0	11108	FUN_000b72d0	part_012	converted
0xb9f10	11376	FUN_000b9f10	part_012	converted
0xbd9a0	160	FUN_000bd9a0	part_012	converted
0xbda40	1016	FUN_000bda40	part_012	converted
0xbde70	1504	FUN_000bde70	part_012	converted
0xbf400	1260	FUN_000bf400	part_012	converted
0xbf910	796	FUN_000bf910	part_012	converted
0xbfcc0	440	FUN_000bfcc0	part_012	converted
0xbfed0	2464	FUN_000bfed0	part_012	converted
0xc3d60	232	FUN_000c3d60	part_012	converted
0xc5e60	1524	FUN_000c5e60	part_012	converted
0xc6e90	88	FUN_000c6e90	part_012	converted
0xc6ff0	464	FUN_000c6ff0	part_012	converted
0xc71e0	76	FUN_000c71e0	part_012	converted
0xc7240	44	FUN_000c7240	part_012	converted
0xc7270	24	FUN_000c7270	part_012	converted
0xc7290	88	FUN_000c7290	part_012	converted
0xc72f0	88	FUN_000c72f0	part_012	converted
0xc7350	72	FUN_000c7350	part_012	converted
0xc73a0	20	FUN_000c73a0	part_012	converted
0xc73c0	144	FUN_000c73c0	part_012	converted
0xc7460	468	FUN_000c7460	part_012	converted
0xc7650	680	FUN_000c7650	part_012	converted
0xc7930	2004	FUN_000c7930	part_012	converted
0xc8110	1252	FUN_000c8110	part_012	converted
0xc8600	316	FUN_000c8600	part_012	converted
0xc8760	104	FUN_000c8760	part_012	converted
0xc87d0	296	FUN_000c87d0	part_012	converted
0xc8910	400	FUN_000c8910	part_012	converted
0xc8aa0	780	FUN_000c8aa0	part_012	converted
0xc8de0	76	FUN_000c8de0	part_012	converted
0xc8e30	28	FUN_000c8e30	part_012	converted
0xc8e50	7396	FUN_000c8e50	part_012	converted
0xcae90	7760	FUN_000cae90	part_012	converted
0xcd05c	244	FUN_000cd05c	part_012	converted
0xcd1b0	20	FUN_000cd1b0	part_012	converted
0xcd1ec	40	FUN_000cd1ec	part_012	converted
0xcd214	40	FUN_000cd214	part_012	converted
0xcd23c	40	FUN_000cd23c	part_012	converted
0xcd264	40	FUN_000cd264	part_012	converted
0xcd290	88	FUN_000cd290	part_012	converted
0xcd388	28	FUN_000cd388	part_012	converted
0xcd3a4	96	FUN_000cd3a4	part_012	converted
0xcd404	1952	FUN_000cd404	part_012	converted
0xcdba4	64	FUN_000cdba4	part_012	converted
0xcdbe4	60	FUN_000cdbe4	part_012	converted
0xcdc3c	996	FUN_000cdc3c	part_012	converted
0xce038	24	FUN_000ce038	part_012	converted
0xce050	248	FUN_000ce050	part_012	converted
0xce148	836	FUN_000ce148	part_012	converted
0xce4e4	48	FUN_000ce4e4	part_012	converted
0xce514	864	FUN_000ce514	part_012	converted
0xce88c	480	FUN_000ce88c	part_012	converted
0xcea6c	660	FUN_000cea6c	part_012	converted
0xced58	1288	FUN_000ced58	part_012	converted
0xcf2ec	1952	FUN_000cf2ec	part_012	converted
0xcfc94	144	FUN_000cfc94	part_012	converted
0xcfd24	524	FUN_000cfd24	part_012	converted
0xcff30	252	FUN_000cff30	part_013	converted
0xd002c	728	FUN_000d002c	part_013	converted
0xd0304	84	FUN_000d0304	part_013	converted
0xd035c	84	FUN_000d035c	part_013	converted
0xd03b4	152	FUN_000d03b4	part_013	converted
0xd0450	56	FUN_000d0450	part_013	converted
0xd0488	604	FUN_000d0488	part_013	converted
0xd0888	516	FUN_000d0888	part_013	converted
0xd0b68	1344	FUN_000d0b68	part_013	converted
0xd10a8	52	FUN_000d10a8	part_013	converted
0xd10dc	712	FUN_000d10dc	part_013	converted
0xd13a4	640	FUN_000d13a4	part_013	converted
0xd1624	536	FUN_000d1624	part_013	converted
0xd183c	13160	FUN_000d183c	part_013	converted
0xd4df8	16	FUN_000d4df8	part_013	converted
0xd4e08	92	FUN_000d4e08	part_013	converted
0xd4e64	40	FUN_000d4e64	part_013	converted
0xd4e8c	84	FUN_000d4e8c	part_013	converted
0xd4ef0	628	FUN_000d4ef0	part_013	converted
0xd51a0	460	FUN_000d51a0	part_013	converted
0xd5390	548	FUN_000d5390	part_013	converted
0xd55c0	832	FUN_000d55c0	part_013	converted
0xd5900	2612	FUN_000d5900	part_013	converted
0xd6340	4540	FUN_000d6340	part_013	converted
0xd7520	3832	FUN_000d7520	part_013	converted
0xd8450	5856	FUN_000d8450	part_013	converted
0xd9b58	84	FUN_000d9b58	part_013	converted
0xd9bac	228	FUN_000d9bac	part_013	converted
0xd9c90	228	FUN_000d9c90	part_013	converted
0xd9d74	228	FUN_000d9d74	part_013	converted
0xd9e58	64	FUN_000d9e58	part_013	converted
0xd9e98	156	FUN_000d9e98	part_013	converted
0xd9f3c	60	FUN_000d9f3c	part_013	converted
0xd9f80	32	FUN_000d9f80	part_013	converted
0xd9fa0	32	FUN_000d9fa0	part_013	converted
0xd9fc0	32	FUN_000d9fc0	part_013	converted
0xd9fe0	72	FUN_000d9fe0	part_013	converted
0xda028	72	FUN_000da028	part_013	converted
0xda070	44	FUN_000da070	part_013	converted
0xda09c	36	FUN_000da09c	part_013	converted
0xda0c0	720	FUN_000da0c0	part_013	converted
0xda394	68	FUN_000da394	part_013	converted
0xda420	24	FUN_000da420	part_013	converted
0xda458	96	FUN_000da458	part_013	converted
0xda4b8	720	FUN_000da4b8	part_013	converted
0xda78c	244	FUN_000da78c	part_013	converted
0xda8a8	40	FUN_000da8a8	part_013	converted
0xda8d0	16	FUN_000da8d0	part_013	converted
0xda8e0	20	FUN_000da8e0	part_013	converted
0xda8f4	8	FUN_000da8f4	part_013	converted
0xda8fc	8	FUN_000da8fc	part_013	converted
0xda904	128	FUN_000da904	part_013	converted
0xda984	120	FUN_000da984	part_013	converted
0xda9fc	180	FUN_000da9fc	part_013	converted
0xdaab0	412	FUN_000daab0	part_013	converted
0xdac4c	204	FUN_000dac4c	part_013	converted
0xdad30	300	FUN_000dad30	part_013	converted
0xdae5c	260	FUN_000dae5c	part_013	converted
0xdaf7c	172	FUN_000daf7c	part_013	converted
0xdb048	224	FUN_000db048	part_013	converted
0xdb128	156	FUN_000db128	part_014	converted
0xdb1c4	304	FUN_000db1c4	part_014	converted
0xdb2f4	92	FUN_000db2f4	part_014	converted
0xdb350	244	FUN_000db350	part_014	converted
0xdb458	260	FUN_000db458	part_014	converted
0xdb574	352	FUN_000db574	part_014	converted
0xdb6d4	196	FUN_000db6d4	part_014	converted
0xdb798	132	FUN_000db798	part_014	converted
0xdb81c	196	FUN_000db81c	part_014	converted
0xdb8e0	88	FUN_000db8e0	part_014	converted
0xdb938	280	FUN_000db938	part_014	converted
0xdba6c	216	FUN_000dba6c	part_014	converted
0xdbb44	124	FUN_000dbb44	part_014	converted
0xdbbc0	284	FUN_000dbbc0	part_014	converted
0xdbcdc	192	FUN_000dbcdc	part_014	converted
0xdbd9c	124	FUN_000dbd9c	part_014	converted
0xdbe18	284	FUN_000dbe18	part_014	converted
0xdbf34	356	FUN_000dbf34	part_014	converted
0xdc098	276	FUN_000dc098	part_014	converted
0xdc1ac	280	FUN_000dc1ac	part_014	converted
0xdc2c4	196	FUN_000dc2c4	part_014	converted
0xdc3b0	164	FUN_000dc3b0	part_014	converted
0xdc454	104	FUN_000dc454	part_014	converted
0xdc4bc	192	FUN_000dc4bc	part_014	converted
0xdc57c	220	FUN_000dc57c	part_014	converted
0xdc658	196	FUN_000dc658	part_014	converted
0xdc71c	268	FUN_000dc71c	part_014	converted
0xdc83c	80	FUN_000dc83c	part_014	converted
0xdc88c	324	FUN_000dc88c	part_014	converted
0xdc9d0	36	FUN_000dc9d0	part_014	converted
0xdc9f4	36	FUN_000dc9f4	part_014	converted
0xdca18	36	FUN_000dca18	part_014	converted
0xdca3c	36	FUN_000dca3c	part_014	converted
0xdca60	212	FUN_000dca60	part_014	converted
0xdcb34	152	FUN_000dcb34	part_014	converted
0xdcbcc	244	FUN_000dcbcc	part_014	converted
0xdccd4	264	FUN_000dccd4	part_014	converted
0xdcdf4	256	FUN_000dcdf4	part_014	converted
0xdcef4	640	FUN_000dcef4	part_014	converted
0xdd1f8	1220	FUN_000dd1f8	part_014	converted
0xdd6bc	988	FUN_000dd6bc	part_014	converted
0xdda98	124	FUN_000dda98	part_014	converted
0xddb14	104	FUN_000ddb14	part_014	converted
0xddb7c	80	FUN_000ddb7c	part_014	converted
0xddbcc	10080	FUN_000ddbcc	part_014	converted
0xe0640	84	FUN_000e0640	part_014	converted
0xe0694	68	FUN_000e0694	part_014	converted
0xe06d8	104	FUN_000e06d8	part_014	converted
0xe0740	80	FUN_000e0740	part_014	converted
0xe0794	36	FUN_000e0794	part_014	converted
0xe07b8	36	FUN_000e07b8	part_014	converted
0xe07dc	84	FUN_000e07dc	part_014	converted
0xe0830	32	FUN_000e0830	part_014	converted
0xe0850	1112	FUN_000e0850	part_014	converted
0xe0ca8	28	FUN_000e0ca8	part_014	converted
0xe0cc8	8	FUN_000e0cc8	part_014	converted
0xe0cd0	308	FUN_000e0cd0	part_014	converted
0xe0e0c	28	FUN_000e0e0c	part_014	converted
0xe0e28	116	FUN_000e0e28	part_014	converted
0xe0ee8	1184	FUN_000e0ee8	part_014	converted
0xe13b4	152	FUN_000e13b4	part_015	converted
0xe1464	28	FUN_000e1464	part_015	converted
0xe1484	80	FUN_000e1484	part_015	converted
0xe14e4	80	FUN_000e14e4	part_015	converted
0xe1534	48	FUN_000e1534	part_015	converted
0xe1564	84	FUN_000e1564	part_015	converted
0xe15b8	36	FUN_000e15b8	part_015	converted
0xe161c	156	FUN_000e161c	part_015	converted
0xe16b8	76	FUN_000e16b8	part_015	converted
0xe1704	88	FUN_000e1704	part_015	converted
0xe175c	88	FUN_000e175c	part_015	converted
0xe17b4	88	FUN_000e17b4	part_015	converted
0xe180c	124	FUN_000e180c	part_015	converted
0xe1888	152	FUN_000e1888	part_015	converted
0xe1920	292	FUN_000e1920	part_015	converted
0xe1a48	292	FUN_000e1a48	part_015	converted
0xe1b70	216	FUN_000e1b70	part_015	converted
0xe1c50	916	FUN_000e1c50	part_015	converted
0xe1fe4	160	FUN_000e1fe4	part_015	converted
0xe2094	1132	FUN_000e2094	part_015	converted
0xe2524	324	FUN_000e2524	part_015	converted
0xe2668	280	FUN_000e2668	part_015	converted
0xe2780	140	FUN_000e2780	part_015	converted
0xe280c	44	FUN_000e280c	part_015	converted
0xe2838	20	FUN_000e2838	part_015	converted
0xe284c	20	FUN_000e284c	part_015	converted
0xe2860	36	FUN_000e2860	part_015	converted
0xe2a04	64	FUN_000e2a04	part_015	converted
0xe2acc	156	FUN_000e2acc	part_015	converted
0xe2b68	140	FUN_000e2b68	part_015	converted
0xe2bf4	132	FUN_000e2bf4	part_015	converted
0xe2c78	620	FUN_000e2c78	part_015	converted
0xe2ee4	32	FUN_000e2ee4	part_015	converted
0xe2f04	136	FUN_000e2f04	part_015	converted
0xe2f8c	76	FUN_000e2f8c	part_015	converted
0xe2fd8	360	FUN_000e2fd8	part_015	converted
0xe3140	260	FUN_000e3140	part_015	converted
0xe3244	196	FUN_000e3244	part_015	converted
0xe3308	196	FUN_000e3308	part_015	converted
0xe33cc	340	FUN_000e33cc	part_015	converted
0xe3544	340	FUN_000e3544	part_015	converted
0xe36bc	664	FUN_000e36bc	part_015	converted
0xe3968	396	FUN_000e3968	part_015	converted
0xe3af4	148	FUN_000e3af4	part_015	converted
0xe3b88	2144	FUN_000e3b88	part_015	converted
0xe43ec	20	FUN_000e43ec	part_015	converted
0xe4400	8	FUN_000e4400	part_015	converted
0xe4408	8	FUN_000e4408	part_015	converted
0xe4410	64	FUN_000e4410	part_015	converted
0xe4450	116	FUN_000e4450	part_015	converted
0xe44c4	456	FUN_000e44c4	part_015	converted
0xe4710	20	FUN_000e4710	part_015	converted
0xe4724	92	FUN_000e4724	part_015	converted
0xe4780	116	FUN_000e4780	part_015	converted
0xe47f4	60	FUN_000e47f4	part_015	converted
0xe4830	260	FUN_000e4830	part_015	converted
0xe4934	260	FUN_000e4934	part_015	converted
0xe4a38	520	FUN_000e4a38	part_015	converted
0xe4c40	1764	FUN_000e4c40	part_015	converted
0xe5384	248	FUN_000e5384	part_015	converted
0xe547c	244	FUN_000e547c	part_016	converted
0xe5570	1060	FUN_000e5570	part_016	converted
0xe59f0	1060	FUN_000e59f0	part_016	converted
0xe5e70	5640	FUN_000e5e70	part_016	converted
0xe7658	48	FUN_000e7658	part_016	converted
0xe7688	60	FUN_000e7688	part_016	converted
0xe76c4	60	FUN_000e76c4	part_016	converted
0xe7700	56	FUN_000e7700	part_016	converted
0xe7738	56	FUN_000e7738	part_016	converted
0xe7770	80	FUN_000e7770	part_016	converted
0xe77c0	52	FUN_000e77c0	part_016	converted
0xe77f4	16	FUN_000e77f4	part_016	converted
0xe7804	188	FUN_000e7804	part_016	converted
0xe78c0	56	FUN_000e78c0	part_016	converted
0xe78f8	44	FUN_000e78f8	part_016	converted
0xe7924	104	FUN_000e7924	part_016	converted
0xe79a0	24	FUN_000e79a0	part_016	converted
0xe79b8	24	FUN_000e79b8	part_016	converted
0xe79d0	12	FUN_000e79d0	part_016	converted
0xe79dc	12	FUN_000e79dc	part_016	converted
0xe79e8	20	FUN_000e79e8	part_016	converted
0xe7a10	20	FUN_000e7a10	part_016	converted
0xe7a24	120	FUN_000e7a24	part_016	converted
0xe7a9c	256	FUN_000e7a9c	part_016	converted
0xe7b9c	252	FUN_000e7b9c	part_016	converted
0xe7c98	88	FUN_000e7c98	part_016	converted
0xe7cf0	108	FUN_000e7cf0	part_016	converted
0xe7d5c	136	FUN_000e7d5c	part_016	converted
0xe7de4	172	FUN_000e7de4	part_016	converted
0xe7e90	168	FUN_000e7e90	part_016	converted
0xe7f38	168	FUN_000e7f38	part_016	converted
0xe7fe0	92	FUN_000e7fe0	part_016	converted
0xe803c	92	FUN_000e803c	part_016	converted
0xe8098	52	FUN_000e8098	part_016	converted
0xe80cc	88	FUN_000e80cc	part_016	converted
0xe8124	664	FUN_000e8124	part_016	converted
0xe83bc	104	FUN_000e83bc	part_016	converted
0xe8424	216	FUN_000e8424	part_016	converted
0xe84fc	468	FUN_000e84fc	part_016	converted
0xe86f0	236	FUN_000e86f0	part_016	converted
0xe87e4	340	FUN_000e87e4	part_016	converted
0xe8938	176	FUN_000e8938	part_016	converted
0xe8a08	376	FUN_000e8a08	part_016	converted
0xe8bac	104	FUN_000e8bac	part_016	converted
0xe8c14	104	FUN_000e8c14	part_016	converted
0xe8c7c	104	FUN_000e8c7c	part_016	converted
0xe8ce4	120	FUN_000e8ce4	part_016	converted
0xe8d5c	120	FUN_000e8d5c	part_016	converted
0xe8dd4	120	FUN_000e8dd4	part_016	converted
0xe8e4c	96	FUN_000e8e4c	part_016	converted
0xe8eac	608	FUN_000e8eac	part_016	converted
0xe910c	120	FUN_000e910c	part_016	converted
0xe9184	136	FUN_000e9184	part_016	converted
0xe920c	136	FUN_000e920c	part_016	converted
0xe9294	280	FUN_000e9294	part_016	converted
0xe93ac	900	FUN_000e93ac	part_016	converted
0xe9730	76	FUN_000e9730	part_016	converted
0xe977c	404	FUN_000e977c	part_016	converted
0xe9910	56	FUN_000e9910	part_016	converted
0xe9948	404	FUN_000e9948	part_016	converted
0xe9adc	292	FUN_000e9adc	part_017	converted
0xe9c00	200	FUN_000e9c00	part_017	converted
0xe9cc8	160	FUN_000e9cc8	part_017	converted
0xe9d68	252	FUN_000e9d68	part_017	converted
0xe9f00	252	FUN_000e9f00	part_017	converted
0xea020	260	FUN_000ea020	part_017	converted
0xea148	260	FUN_000ea148	part_017	converted
0xea270	304	FUN_000ea270	part_017	converted
0xea3c0	136	FUN_000ea3c0	part_017	converted
0xea600	160	FUN_000ea600	part_017	converted
0xea6d0	268	FUN_000ea6d0	part_017	converted
0xea828	600	FUN_000ea828	part_017	converted
0xeaae8	68	FUN_000eaae8	part_017	converted
0xeab2c	68	FUN_000eab2c	part_017	converted
0xeab70	76	FUN_000eab70	part_017	converted
0xeabbc	76	FUN_000eabbc	part_017	converted
0xeac08	88	FUN_000eac08	part_017	converted
0xeac60	88	FUN_000eac60	part_017	converted
0xeacb8	80	FUN_000eacb8	part_017	converted
0xead08	88	FUN_000ead08	part_017	converted
0xead80	80	FUN_000ead80	part_017	converted
0xeadd0	80	FUN_000eadd0	part_017	converted
0xeae20	88	FUN_000eae20	part_017	converted
0xeae98	80	FUN_000eae98	part_017	converted
0xeaee8	132	FUN_000eaee8	part_017	converted
0xeaf6c	88	FUN_000eaf6c	part_017	converted
0xeafe4	132	FUN_000eafe4	part_017	converted
0xeb068	68	FUN_000eb068	part_017	converted
0xeb0ac	88	FUN_000eb0ac	part_017	converted
0xeb124	68	FUN_000eb124	part_017	converted
0xeb168	104	FUN_000eb168	part_017	converted
0xeb1d0	88	FUN_000eb1d0	part_017	converted
0xeb248	104	FUN_000eb248	part_017	converted
0xeb2b0	80	FUN_000eb2b0	part_017	converted
0xeb300	88	FUN_000eb300	part_017	converted
0xeb378	80	FUN_000eb378	part_017	converted
0xeb3c8	600	FUN_000eb3c8	part_017	converted
0xeb688	268	FUN_000eb688	part_017	converted
0xeb824	68	FUN_000eb824	part_017	converted
0xeb868	88	FUN_000eb868	part_017	converted
0xeb8e0	68	FUN_000eb8e0	part_017	converted
0xeb924	68	FUN_000eb924	part_017	converted
0xeb968	88	FUN_000eb968	part_017	converted
0xeb9e0	168	FUN_000eb9e0	part_017	converted
0xebac8	168	FUN_000ebac8	part_017	converted
0xebe70	68	FUN_000ebe70	part_017	converted
0xebeb4	68	FUN_000ebeb4	part_017	converted
0xebef8	88	FUN_000ebef8	part_017	converted
0xebf70	68	FUN_000ebf70	part_017	converted
0xebfb4	68	FUN_000ebfb4	part_017	converted
0xebff8	88	FUN_000ebff8	part_017	converted
0xec070	88	FUN_000ec070	part_017	converted
0xec0c8	88	FUN_000ec0c8	part_017	converted
0xec120	88	FUN_000ec120	part_017	converted
0xec178	88	FUN_000ec178	part_017	converted
0xec1ec	28	FUN_000ec1ec	part_017	converted
0xec208	80	FUN_000ec208	part_017	converted
0xec258	36	FUN_000ec258	part_017	converted
0xec27c	36	FUN_000ec27c	part_017	converted
0xec2a0	36	FUN_000ec2a0	part_017	converted
0xec2c4	36	FUN_000ec2c4	part_018	converted
0xec2e8	136	FUN_000ec2e8	part_018	converted
0xec370	60	FUN_000ec370	part_018	converted
0xec3ac	60	FUN_000ec3ac	part_018	converted
0xec3e8	68	FUN_000ec3e8	part_018	converted
0xec42c	60	FUN_000ec42c	part_018	converted
0xec468	136	FUN_000ec468	part_018	converted
0xec4f0	168	FUN_000ec4f0	part_018	converted
0xec5b8	160	FUN_000ec5b8	part_018	converted
0xec658	88	FUN_000ec658	part_018	converted
0xec6b0	120	FUN_000ec6b0	part_018	converted
0xec728	444	FUN_000ec728	part_018	converted
0xec8e4	60	FUN_000ec8e4	part_018	converted
0xec920	240	FUN_000ec920	part_018	converted
0xeca10	192	FUN_000eca10	part_018	converted
0xecad0	192	FUN_000ecad0	part_018	converted
0xecb90	140	FUN_000ecb90	part_018	converted
0xecc1c	268	FUN_000ecc1c	part_018	converted
0xecd28	424	FUN_000ecd28	part_018	converted
0xeced0	188	FUN_000eced0	part_018	converted
0xecfac	352	FUN_000ecfac	part_018	converted
0xed124	352	FUN_000ed124	part_018	converted
0xed63c	424	FUN_000ed63c	part_018	converted
0xed7e4	184	FUN_000ed7e4	part_018	converted
0xed89c	1244	FUN_000ed89c	part_018	converted
0xedd98	1216	FUN_000edd98	part_018	converted
0xee29c	1216	FUN_000ee29c	part_018	converted
0xee7a0	492	FUN_000ee7a0	part_018	converted
0xee9ac	120	FUN_000ee9ac	part_018	converted
0xeea24	556	FUN_000eea24	part_018	converted
0xeec50	1140	FUN_000eec50	part_018	converted
0xeee4c	920	FUN_000eee4c	part_018	converted
0xef204	660	FUN_000ef204	part_018	converted
0xef498	1084	FUN_000ef498	part_018	converted
0xef8f8	120	FUN_000ef8f8	part_018	converted
0xef970	220	FUN_000ef970	part_018	converted
0xefa4c	860	FUN_000efa4c	part_018	converted
0xefde4	888	FUN_000efde4	part_018	converted
0xf019c	792	FUN_000f019c	part_018	converted
0xf04d4	724	FUN_000f04d4	part_018	converted
0xf07a8	3348	FUN_000f07a8	part_018	converted
0xf14f8	2148	FUN_000f14f8	part_018	converted
0xf1d7c	3108	FUN_000f1d7c	part_018	converted
0xf29f4	488	FUN_000f29f4	part_018	converted
0xf2bdc	128	FUN_000f2bdc	part_018	converted
0xf2c5c	80	FUN_000f2c5c	part_018	converted
0xf2cac	92	FUN_000f2cac	part_018	converted
0xf2d18	144	FUN_000f2d18	part_018	converted
0xf2da8	112	FUN_000f2da8	part_018	converted
0xf2e18	56	FUN_000f2e18	part_018	converted
0xf2f28	92	FUN_000f2f28	part_018	converted
0xf2f84	92	FUN_000f2f84	part_018	converted
0xf2fe0	76	FUN_000f2fe0	part_018	converted
0xf302c	96	FUN_000f302c	part_018	converted
0xf30d4	52	FUN_000f30d4	part_018	converted
0xf3108	52	FUN_000f3108	part_018	converted
0xf313c	24	FUN_000f313c	part_018	converted
0xf3154	60	FUN_000f3154	part_018	converted
0xf3190	88	FUN_000f3190	part_018	converted
0xf31e8	16	FUN_000f31e8	part_018	converted
0xf31f8	96	FUN_000f31f8	part_019	converted
0xf3258	116	FUN_000f3258	part_019	converted
0xf32cc	116	FUN_000f32cc	part_019	converted
0xf3340	88	FUN_000f3340	part_019	converted
0xf3398	96	FUN_000f3398	part_019	converted
0xf33f8	120	FUN_000f33f8	part_019	converted
0xf3470	340	FUN_000f3470	part_019	converted
0xf35c4	168	FUN_000f35c4	part_019	converted
0xf366c	76	FUN_000f366c	part_019	converted
0xf36b8	84	FUN_000f36b8	part_019	converted
0xf370c	88	FUN_000f370c	part_019	converted
0xf3764	84	FUN_000f3764	part_019	converted
0xf37b8	108	FUN_000f37b8	part_019	converted
0xf3824	96	FUN_000f3824	part_019	converted
0xf3884	8	FUN_000f3884	part_019	converted
0xf388c	124	FUN_000f388c	part_019	converted
0xf3908	96	FUN_000f3908	part_019	converted
0xf3968	104	FUN_000f3968	part_019	converted
0xf39d0	96	FUN_000f39d0	part_019	converted
0xf3a30	96	FUN_000f3a30	part_019	converted
0xf3a90	80	FUN_000f3a90	part_019	converted
0xf3ae0	48	FUN_000f3ae0	part_019	converted
0xf3b10	88	FUN_000f3b10	part_019	converted
0xf3b68	88	FUN_000f3b68	part_019	converted
0xf3c30	972	FUN_000f3c30	part_019	converted
0xf403c	1404	FUN_000f403c	part_019	converted
0xf45f8	160	FUN_000f45f8	part_019	converted
0xf4698	148	FUN_000f4698	part_019	converted
0xf472c	124	FUN_000f472c	part_019	converted
0xf47a8	180	FUN_000f47a8	part_019	converted
0xf485c	144	FUN_000f485c	part_019	converted
0xf48ec	144	FUN_000f48ec	part_019	converted
0xf497c	168	FUN_000f497c	part_019	converted
0xf4a24	56	FUN_000f4a24	part_019	converted
0xf4a5c	20	FUN_000f4a5c	part_019	converted
0xf4a84	324	FUN_000f4a84	part_019	converted
0xf4d80	92	FUN_000f4d80	part_019	converted
0xf4ddc	512	FUN_000f4ddc	part_019	converted
0xf4fdc	588	FUN_000f4fdc	part_019	converted
0xf5248	376	FUN_000f5248	part_019	converted
0xf53c0	396	FUN_000f53c0	part_019	converted
0xf554c	352	FUN_000f554c	part_019	converted
0xf56ac	324	FUN_000f56ac	part_019	converted
0xf57f0	540	FUN_000f57f0	part_019	converted
0xf5a0c	512	FUN_000f5a0c	part_019	converted
0xf5c0c	228	FUN_000f5c0c	part_019	converted
0xf5cf0	412	FUN_000f5cf0	part_019	converted
0xf5e8c	264	FUN_000f5e8c	part_019	converted
0xf5f94	304	FUN_000f5f94	part_019	converted
0xf60c4	388	FUN_000f60c4	part_019	converted
0xf6248	532	FUN_000f6248	part_019	converted
0xf645c	376	FUN_000f645c	part_019	converted
0xf65d4	396	FUN_000f65d4	part_019	converted
0xf6760	352	FUN_000f6760	part_019	converted
0xf68c0	324	FUN_000f68c0	part_019	converted
0xf6a04	752	FUN_000f6a04	part_019	converted
0xf6d14	2568	FUN_000f6d14	part_019	converted
0xf771c	340	FUN_000f771c	part_019	converted
0xf7870	340	FUN_000f7870	part_019	converted
0xf79c4	332	FUN_000f79c4	part_019	converted
0xf7b10	228	FUN_000f7b10	part_020	converted
0xf7bf4	228	FUN_000f7bf4	part_020	converted
0xf7cd8	228	FUN_000f7cd8	part_020	converted
0xf7dbc	352	FUN_000f7dbc	part_020	converted
0xf7f1c	296	FUN_000f7f1c	part_020	converted
0xf8044	296	FUN_000f8044	part_020	converted
0xf816c	576	FUN_000f816c	part_020	converted
0xf83cc	412	FUN_000f83cc	part_020	converted
0xf8588	72	FUN_000f8588	part_020	converted
0xf85d0	740	FUN_000f85d0	part_020	converted
0xf88b4	140	FUN_000f88b4	part_020	converted
0xf8960	16	FUN_000f8960	part_020	converted
0xf8970	16	FUN_000f8970	part_020	converted
0xf8980	20	FUN_000f8980	part_020	converted
0xf8994	16	FUN_000f8994	part_020	converted
0xf89a4	16	FUN_000f89a4	part_020	converted
0xf89e8	36	FUN_000f89e8	part_020	converted
0xf8a0c	36	FUN_000f8a0c	part_020	converted
0xf8a30	112	FUN_000f8a30	part_020	converted
0xf8aa0	488	FUN_000f8aa0	part_020	converted
0xf8c88	64	FUN_000f8c88	part_020	converted
0xf8ccc	132	FUN_000f8ccc	part_020	converted
0xf8d50	568	FUN_000f8d50	part_020	converted
0xf8f88	176	FUN_000f8f88	part_020	converted
0xf9038	264	FUN_000f9038	part_020	converted
0xf9140	284	FUN_000f9140	part_020	converted
0xf92fc	480	FUN_000f92fc	part_020	converted
0xf94dc	1268	FUN_000f94dc	part_020	converted
0xf9a58	3748	FUN_000f9a58	part_020	converted
0xfa958	1132	FUN_000fa958	part_020	converted
0xfadc4	448	FUN_000fadc4	part_020	converted
0xfafa4	652	FUN_000fafa4	part_020	converted
0xfb230	420	FUN_000fb230	part_020	converted
0xfb3d4	8428	FUN_000fb3d4	part_020	converted
0xfd50c	188	FUN_000fd50c	part_020	converted
0xfd5c8	24388	FUN_000fd5c8	part_020	converted
0x103d50	40	FUN_00103d50	part_020	converted
0x103d78	220	FUN_00103d78	part_020	converted
0x103e54	28	FUN_00103e54	part_020	converted
0x103e84	56	FUN_00103e84	part_020	converted
0x103ebc	92	FUN_00103ebc	part_020	converted
0x103f18	44	FUN_00103f18	part_020	converted
0x103f44	64	FUN_00103f44	part_020	converted
0x103f84	100	FUN_00103f84	part_020	converted
0x10401c	56	FUN_0010401c	part_020	converted
0x104054	24	FUN_00104054	part_020	converted
0x10406c	68	FUN_0010406c	part_020	converted
0x1040b0	84	FUN_001040b0	part_020	converted
0x104104	124	FUN_00104104	part_020	converted
0x104180	80	FUN_00104180	part_020	converted
0x1041d0	156	FUN_001041d0	part_020	converted
0x10426c	80	FUN_0010426c	part_020	converted
0x1042bc	116	FUN_001042bc	part_020	converted
0x104330	52	FUN_00104330	part_020	converted
0x104364	24	FUN_00104364	part_020	converted
0x1043a0	80	FUN_001043a0	part_020	converted
0x1043f0	108	FUN_001043f0	part_020	converted
0x10445c	132	FUN_0010445c	part_020	converted
0x1044e0	60	FUN_001044e0	part_020	converted
0x10453c	168	FUN_0010453c	part_020	converted
0x1045e4	96	FUN_001045e4	part_021	converted
0x104644	88	FUN_00104644	part_021	converted
0x10469c	44	FUN_0010469c	part_021	converted
0x1046c8	104	FUN_001046c8	part_021	converted
0x104730	120	FUN_00104730	part_021	converted
0x1047a8	88	FUN_001047a8	part_021	converted
0x104800	92	FUN_00104800	part_021	converted
0x10485c	120	FUN_0010485c	part_021	converted
0x1048d4	56	FUN_001048d4	part_021	converted
0x10490c	56	FUN_0010490c	part_021	converted
0x104944	56	FUN_00104944	part_021	converted
0x10497c	36	FUN_0010497c	part_021	converted
0x1049a0	36	FUN_001049a0	part_021	converted
0x1049c4	36	FUN_001049c4	part_021	converted
0x1049e8	172	FUN_001049e8	part_021	converted
0x104a94	80	FUN_00104a94	part_021	converted
0x104ae4	136	FUN_00104ae4	part_021	converted
0x104b6c	80	FUN_00104b6c	part_021	converted
0x104bbc	44	FUN_00104bbc	part_021	converted
0x104be8	16	FUN_00104be8	part_021	converted
0x104bf8	324	FUN_00104bf8	part_021	converted
0x104d3c	44	FUN_00104d3c	part_021	converted
0x104d68	184	FUN_00104d68	part_021	converted
0x104e20	196	FUN_00104e20	part_021	converted
0x104ee4	80	FUN_00104ee4	part_021	converted
0x104f34	156	FUN_00104f34	part_021	converted
0x104fd0	92	FUN_00104fd0	part_021	converted
0x10502c	332	FUN_0010502c	part_021	converted
0x1051b0	332	FUN_001051b0	part_021	converted
0x105334	408	FUN_00105334	part_021	converted
0x1054ec	168	FUN_001054ec	part_021	converted
0x105594	56	FUN_00105594	part_021	converted
0x1055cc	128	FUN_001055cc	part_021	converted
0x10564c	584	FUN_0010564c	part_021	converted
0x105894	20	FUN_00105894	part_021	converted
0x1058a8	136	FUN_001058a8	part_021	converted
0x105930	276	FUN_00105930	part_021	converted
0x105a44	224	FUN_00105a44	part_021	converted
0x105b24	88	FUN_00105b24	part_021	converted
0x105b7c	224	FUN_00105b7c	part_021	converted
0x105c5c	168	FUN_00105c5c	part_021	converted
0x105d04	184	FUN_00105d04	part_021	converted
0x105dbc	152	FUN_00105dbc	part_021	converted
0x105e54	72	FUN_00105e54	part_021	converted
0x105e9c	104	FUN_00105e9c	part_021	converted
0x105f04	256	FUN_00105f04	part_021	converted
0x106004	428	FUN_00106004	part_021	converted
0x1061b0	128	FUN_001061b0	part_021	converted
0x106230	144	FUN_00106230	part_021	converted
0x1062c0	412	FUN_001062c0	part_021	converted
0x10647c	620	FUN_0010647c	part_021	converted
0x1066e8	84	FUN_001066e8	part_021	converted
0x10673c	68	FUN_0010673c	part_021	converted
0x106780	128	FUN_00106780	part_021	converted
0x106804	484	FUN_00106804	part_021	converted
0x1069e8	352	FUN_001069e8	part_021	converted
0x106b48	88	FUN_00106b48	part_021	converted
0x106ba0	276	FUN_00106ba0	part_021	converted
0x106cb4	68	FUN_00106cb4	part_021	converted
0x106cf8	772	FUN_00106cf8	part_021	converted
0x106ffc	80	FUN_00106ffc	part_022	converted
0x10704c	80	FUN_0010704c	part_022	converted
0x10709c	92	FUN_0010709c	part_022	converted
0x1070f8	92	FUN_001070f8	part_022	converted
0x107154	84	FUN_00107154	part_022	converted
0x1071a8	84	FUN_001071a8	part_022	converted
0x1071fc	84	FUN_001071fc	part_022	converted
0x107250	128	FUN_00107250	part_022	converted
0x1072d0	128	FUN_001072d0	part_022	converted
0x107350	108	FUN_00107350	part_022	converted
0x1073dc	68	FUN_001073dc	part_022	converted
0x107420	68	FUN_00107420	part_022	converted
0x107464	92	FUN_00107464	part_022	converted
0x1074e0	252	FUN_001074e0	part_022	converted
0x107600	76	FUN_00107600	part_022	converted
0x10764c	252	FUN_0010764c	part_022	converted
0x10776c	92	FUN_0010776c	part_022	converted
0x1077e8	92	FUN_001077e8	part_022	converted
0x107864	76	FUN_00107864	part_022	converted
0x1078b0	92	FUN_001078b0	part_022	converted
0x10792c	84	FUN_0010792c	part_022	converted
0x107980	84	FUN_00107980	part_022	converted
0x1079d4	84	FUN_001079d4	part_022	converted
0x107a28	76	FUN_00107a28	part_022	converted
0x107a74	92	FUN_00107a74	part_022	converted
0x107ad0	92	FUN_00107ad0	part_022	converted
0x107b4c	92	FUN_00107b4c	part_022	converted
0x107ba8	76	FUN_00107ba8	part_022	converted
0x107bf4	92	FUN_00107bf4	part_022	converted
0x107c70	92	FUN_00107c70	part_022	converted
0x107cec	76	FUN_00107cec	part_022	converted
0x107d38	112	FUN_00107d38	part_022	converted
0x107da8	76	FUN_00107da8	part_022	converted
0x107df4	92	FUN_00107df4	part_022	converted
0x107e70	92	FUN_00107e70	part_022	converted
0x107eec	76	FUN_00107eec	part_022	converted
0x107f38	116	FUN_00107f38	part_022	converted
0x107fd0	112	FUN_00107fd0	part_022	converted
0x108064	92	FUN_00108064	part_022	converted
0x1080e0	112	FUN_001080e0	part_022	converted
0x108174	76	FUN_00108174	part_022	converted
0x1081c0	92	FUN_001081c0	part_022	converted
0x10823c	92	FUN_0010823c	part_022	converted
0x1082b8	76	FUN_001082b8	part_022	converted
0x108304	76	FUN_00108304	part_022	converted
0x108350	92	FUN_00108350	part_022	converted
0x1083cc	92	FUN_001083cc	part_022	converted
0x108448	112	FUN_00108448	part_022	converted
0x1084b8	92	FUN_001084b8	part_022	converted
0x108534	92	FUN_00108534	part_022	converted
0x1085b0	276	FUN_001085b0	part_022	converted
0x108770	92	FUN_00108770	part_022	converted
0x1088c4	84	FUN_001088c4	part_022	converted
0x108918	276	FUN_00108918	part_022	converted
0x108a50	100	FUN_00108a50	part_022	converted
0x108b54	116	FUN_00108b54	part_022	converted
0x108bec	92	FUN_00108bec	part_022	converted
0x108c68	84	FUN_00108c68	part_022	converted
0x108cbc	84	FUN_00108cbc	part_022	converted
0x108d10	76	FUN_00108d10	part_022	converted
0x108d5c	76	FUN_00108d5c	part_023	converted
0x108da8	76	FUN_00108da8	part_023	converted
0x108df4	76	FUN_00108df4	part_023	converted
0x108e40	76	FUN_00108e40	part_023	converted
0x108e8c	84	FUN_00108e8c	part_023	converted
0x108ee0	92	FUN_00108ee0	part_023	converted
0x108f5c	84	FUN_00108f5c	part_023	converted
0x108fb0	92	FUN_00108fb0	part_023	converted
0x10900c	92	FUN_0010900c	part_023	converted
0x109068	76	FUN_00109068	part_023	converted
0x1090b4	76	FUN_001090b4	part_023	converted
0x109100	76	FUN_00109100	part_023	converted
0x10914c	76	FUN_0010914c	part_023	converted
0x109198	216	FUN_00109198	part_023	converted
0x109270	216	FUN_00109270	part_023	converted
0x109348	112	FUN_00109348	part_023	converted
0x1093b8	112	FUN_001093b8	part_023	converted
0x109428	88	FUN_00109428	part_023	converted
0x109480	92	FUN_00109480	part_023	converted
0x1094fc	88	FUN_001094fc	part_023	converted
0x109554	96	FUN_00109554	part_023	converted
0x1095b4	96	FUN_001095b4	part_023	converted
0x109614	132	FUN_00109614	part_023	converted
0x1096bc	132	FUN_001096bc	part_023	converted
0x109764	136	FUN_00109764	part_023	converted
0x109810	92	FUN_00109810	part_023	converted
0x10988c	136	FUN_0010988c	part_023	converted
0x109938	128	FUN_00109938	part_023	converted
0x1099dc	128	FUN_001099dc	part_023	converted
0x109a80	76	FUN_00109a80	part_023	converted
0x109acc	84	FUN_00109acc	part_023	converted
0x109b20	84	FUN_00109b20	part_023	converted
0x109b74	92	FUN_00109b74	part_023	converted
0x109bf0	92	FUN_00109bf0	part_023	converted
0x109c4c	92	FUN_00109c4c	part_023	converted
0x109ca8	84	FUN_00109ca8	part_023	converted
0x109cfc	84	FUN_00109cfc	part_023	converted
0x109d50	92	FUN_00109d50	part_023	converted
0x109dcc	92	FUN_00109dcc	part_023	converted
0x109e28	92	FUN_00109e28	part_023	converted
0x109e84	92	FUN_00109e84	part_023	converted
0x109f00	80	FUN_00109f00	part_023	converted
0x109f50	80	FUN_00109f50	part_023	converted
0x109fa0	92	FUN_00109fa0	part_023	converted
0x10a01c	84	FUN_0010a01c	part_023	converted
0x10a070	84	FUN_0010a070	part_023	converted
0x10a0c4	92	FUN_0010a0c4	part_023	converted
0x10a140	128	FUN_0010a140	part_023	converted
0x10a1c0	128	FUN_0010a1c0	part_023	converted
0x10a240	92	FUN_0010a240	part_023	converted
0x10a2bc	184	FUN_0010a2bc	part_023	converted
0x10a398	184	FUN_0010a398	part_023	converted
0x10a50c	116	FUN_0010a50c	part_023	converted
0x10a5a4	92	FUN_0010a5a4	part_023	converted
0x10a620	120	FUN_0010a620	part_023	converted
0x10a6bc	120	FUN_0010a6bc	part_023	converted
0x10a758	92	FUN_0010a758	part_023	converted
0x10a7d4	104	FUN_0010a7d4	part_023	converted
0x10a83c	104	FUN_0010a83c	part_023	converted
0x10a8a4	104	FUN_0010a8a4	part_023	converted
0x10a90c	104	FUN_0010a90c	part_024	converted
0x10a974	88	FUN_0010a974	part_024	converted
0x10a9cc	88	FUN_0010a9cc	part_024	converted
0x10aa24	88	FUN_0010aa24	part_024	converted
0x10aa7c	88	FUN_0010aa7c	part_024	converted
0x10aad4	40	FUN_0010aad4	part_024	converted
0x10aafc	68	FUN_0010aafc	part_024	converted
0x10ab40	76	FUN_0010ab40	part_024	converted
0x10ab8c	172	FUN_0010ab8c	part_024	converted
0x10ac38	304	FUN_0010ac38	part_024	converted
0x10ad68	152	FUN_0010ad68	part_024	converted
0x10ae20	200	FUN_0010ae20	part_024	converted
0x10aee8	80	FUN_0010aee8	part_024	converted
0x10af38	448	FUN_0010af38	part_024	converted
0x10b118	108	FUN_0010b118	part_024	converted
0x10b184	256	FUN_0010b184	part_024	converted
0x10b284	88	FUN_0010b284	part_024	converted
0x10b2dc	80	FUN_0010b2dc	part_024	converted
0x10b498	352	FUN_0010b498	part_024	converted
0x10b5f8	112	FUN_0010b5f8	part_024	converted
0x10b820	220	FUN_0010b820	part_024	converted
0x10b914	40	FUN_0010b914	part_024	converted
0x10b93c	344	FUN_0010b93c	part_024	converted
0x10bb14	136	FUN_0010bb14	part_024	converted
0x10bb9c	220	FUN_0010bb9c	part_024	converted
0x10bc78	216	FUN_0010bc78	part_024	converted
0x10bd50	352	FUN_0010bd50	part_024	converted
0x10bed0	320	FUN_0010bed0	part_024	converted
0x10c010	872	FUN_0010c010	part_024	converted
0x10c37c	256	FUN_0010c37c	part_024	converted
0x10c47c	500	FUN_0010c47c	part_024	converted
0x10c670	1240	FUN_0010c670	part_024	converted
0x10cb48	1156	FUN_0010cb48	part_024	converted
0x10cfcc	400	FUN_0010cfcc	part_024	converted
0x10d15c	504	FUN_0010d15c	part_024	converted
0x10d358	372	FUN_0010d358	part_024	converted
0x10d4cc	608	FUN_0010d4cc	part_024	converted
0x10d730	844	FUN_0010d730	part_024	converted
0x10da84	84	FUN_0010da84	part_024	converted
0x10dad8	128	FUN_0010dad8	part_024	converted
0x10db58	128	FUN_0010db58	part_024	converted
0x10dbd8	36	FUN_0010dbd8	part_024	converted
0x10dc20	124	FUN_0010dc20	part_024	converted
0x10dc9c	28	FUN_0010dc9c	part_024	converted
0x10dcc4	56	FUN_0010dcc4	part_024	converted
0x10dd08	68	FUN_0010dd08	part_024	converted
0x10dd54	120	FUN_0010dd54	part_024	converted
0x10ddcc	12	FUN_0010ddcc	part_024	converted
0x10ddd8	12	FUN_0010ddd8	part_024	converted
0x10ddfc	56	FUN_0010ddfc	part_024	converted
0x10de34	56	FUN_0010de34	part_024	converted
0x10de6c	140	FUN_0010de6c	part_024	converted
0x10defc	340	FUN_0010defc	part_024	converted
0x10e050	172	FUN_0010e050	part_024	converted
0x10e114	172	FUN_0010e114	part_024	converted
0x10e1d8	176	FUN_0010e1d8	part_024	converted
0x10e368	76	FUN_0010e368	part_024	converted
0x10e3b4	88	FUN_0010e3b4	part_024	converted
0x10e40c	84	FUN_0010e40c	part_024	converted
0x10e460	140	FUN_0010e460	part_024	converted
0x10e4ec	68	FUN_0010e4ec	part_025	converted
0x10e530	44	FUN_0010e530	part_025	converted
0x10e56c	200	FUN_0010e56c	part_025	converted
0x10e634	92	FUN_0010e634	part_025	converted
0x10e690	88	FUN_0010e690	part_025	converted
0x10e6e8	92	FUN_0010e6e8	part_025	converted
0x10e744	116	FUN_0010e744	part_025	converted
0x10e7b8	92	FUN_0010e7b8	part_025	converted
0x10e814	92	FUN_0010e814	part_025	converted
0x10e870	84	FUN_0010e870	part_025	converted
0x10e8e4	120	FUN_0010e8e4	part_025	converted
0x10e95c	116	FUN_0010e95c	part_025	converted
0x10e9d0	96	FUN_0010e9d0	part_025	converted
0x10ea30	164	FUN_0010ea30	part_025	converted
0x10ead4	484	FUN_0010ead4	part_025	converted
0x10ecb8	148	FUN_0010ecb8	part_025	converted
0x10ed4c	540	FUN_0010ed4c	part_025	converted
0x10ef68	1052	FUN_0010ef68	part_025	converted
0x10f38c	328	FUN_0010f38c	part_025	converted
0x10f4d4	560	FUN_0010f4d4	part_025	converted
0x10f704	376	FUN_0010f704	part_025	converted
0x10f87c	424	FUN_0010f87c	part_025	converted
0x10fa24	304	FUN_0010fa24	part_025	converted
0x10fb54	308	FUN_0010fb54	part_025	converted
0x10fc88	272	FUN_0010fc88	part_025	converted
0x10fd98	396	FUN_0010fd98	part_025	converted
0x10ff24	252	FUN_0010ff24	part_025	converted
0x110020	672	FUN_00110020	part_025	converted
0x1102e0	7716	FUN_001102e0	part_025	converted
0x1121b4	1708	FUN_001121b4	part_025	converted
0x1128a0	1640	FUN_001128a0	part_025	converted
0x112f08	76	FUN_00112f08	part_025	converted
0x112f54	36	FUN_00112f54	part_025	converted
0x112f78	76	FUN_00112f78	part_025	converted
0x112fe4	172	FUN_00112fe4	part_025	converted
0x113090	76	FUN_00113090	part_025	converted
0x1130dc	76	FUN_001130dc	part_025	converted
0x113128	76	FUN_00113128	part_025	converted
0x113174	76	FUN_00113174	part_025	converted
0x1131c0	76	FUN_001131c0	part_025	converted
0x11320c	76	FUN_0011320c	part_025	converted
0x113258	76	FUN_00113258	part_025	converted
0x1132a4	76	FUN_001132a4	part_025	converted
0x1132f0	76	FUN_001132f0	part_025	converted
0x11333c	76	FUN_0011333c	part_025	converted
0x113388	76	FUN_00113388	part_025	converted
0x1133d4	76	FUN_001133d4	part_025	converted
0x113420	76	FUN_00113420	part_025	converted
0x11346c	80	FUN_0011346c	part_025	converted
0x1134bc	152	FUN_001134bc	part_025	converted
0x113554	56	FUN_00113554	part_025	converted
0x1135ec	80	FUN_001135ec	part_025	converted
0x11363c	84	FUN_0011363c	part_025	converted
0x113690	84	FUN_00113690	part_025	converted
0x113734	104	FUN_00113734	part_025	converted
0x11379c	124	FUN_0011379c	part_025	converted
0x113818	40	FUN_00113818	part_025	converted
0x113840	40	FUN_00113840	part_025	converted
0x113868	40	FUN_00113868	part_025	converted
0x113890	40	FUN_00113890	part_025	converted
0x1138b8	40	FUN_001138b8	part_026	converted
0x1138e0	40	FUN_001138e0	part_026	converted
0x113908	40	FUN_00113908	part_026	converted
0x113930	40	FUN_00113930	part_026	converted
0x113958	40	FUN_00113958	part_026	converted
0x113980	40	FUN_00113980	part_026	converted
0x1139a8	40	FUN_001139a8	part_026	converted
0x1139d0	40	FUN_001139d0	part_026	converted
0x1139f8	40	FUN_001139f8	part_026	converted
0x113a20	40	FUN_00113a20	part_026	converted
0x113a48	40	FUN_00113a48	part_026	converted
0x113a70	40	FUN_00113a70	part_026	converted
0x113a98	40	FUN_00113a98	part_026	converted
0x113ac0	40	FUN_00113ac0	part_026	converted
0x113ae8	40	FUN_00113ae8	part_026	converted
0x113b10	40	FUN_00113b10	part_026	converted
0x113b38	40	FUN_00113b38	part_026	converted
0x113b60	40	FUN_00113b60	part_026	converted
0x113b88	40	FUN_00113b88	part_026	converted
0x113bb0	40	FUN_00113bb0	part_026	converted
0x113bd8	40	FUN_00113bd8	part_026	converted
0x113c00	40	FUN_00113c00	part_026	converted
0x113c28	40	FUN_00113c28	part_026	converted
0x113c50	40	FUN_00113c50	part_026	converted
0x113c78	40	FUN_00113c78	part_026	converted
0x113ca0	40	FUN_00113ca0	part_026	converted
0x113cc8	40	FUN_00113cc8	part_026	converted
0x113cf0	40	FUN_00113cf0	part_026	converted
0x113d18	40	FUN_00113d18	part_026	converted
0x113d40	40	FUN_00113d40	part_026	converted
0x113d68	40	FUN_00113d68	part_026	converted
0x113d90	40	FUN_00113d90	part_026	converted
0x113db8	40	FUN_00113db8	part_026	converted
0x113de0	40	FUN_00113de0	part_026	converted
0x113e08	40	FUN_00113e08	part_026	converted
0x113e30	40	FUN_00113e30	part_026	converted
0x113e58	40	FUN_00113e58	part_026	converted
0x113e80	40	FUN_00113e80	part_026	converted
0x113ea8	40	FUN_00113ea8	part_026	converted
0x113ed0	40	FUN_00113ed0	part_026	converted
0x113ef8	40	FUN_00113ef8	part_026	converted
0x113f20	40	FUN_00113f20	part_026	converted
0x113f48	40	FUN_00113f48	part_026	converted
0x113f70	40	FUN_00113f70	part_026	converted
0x113f98	40	FUN_00113f98	part_026	converted
0x113fc0	40	FUN_00113fc0	part_026	converted
0x113fe8	40	FUN_00113fe8	part_026	converted
0x114010	40	FUN_00114010	part_026	converted
0x114038	40	FUN_00114038	part_026	converted
0x114060	40	FUN_00114060	part_026	converted
0x114088	40	FUN_00114088	part_026	converted
0x1140b0	40	FUN_001140b0	part_026	converted
0x1140d8	40	FUN_001140d8	part_026	converted
0x114100	40	FUN_00114100	part_026	converted
0x114128	40	FUN_00114128	part_026	converted
0x114150	40	FUN_00114150	part_026	converted
0x114178	40	FUN_00114178	part_026	converted
0x1141a0	40	FUN_001141a0	part_026	converted
0x1141c8	40	FUN_001141c8	part_026	converted
0x1141f0	40	FUN_001141f0	part_026	converted
0x114218	40	FUN_00114218	part_027	converted
0x114240	40	FUN_00114240	part_027	converted
0x114268	40	FUN_00114268	part_027	converted
0x114290	40	FUN_00114290	part_027	converted
0x1142b8	40	FUN_001142b8	part_027	converted
0x1142e0	40	FUN_001142e0	part_027	converted
0x114308	40	FUN_00114308	part_027	converted
0x114330	40	FUN_00114330	part_027	converted
0x114358	40	FUN_00114358	part_027	converted
0x114380	40	FUN_00114380	part_027	converted
0x1143a8	40	FUN_001143a8	part_027	converted
0x1143d0	40	FUN_001143d0	part_027	converted
0x1143f8	40	FUN_001143f8	part_027	converted
0x114420	40	FUN_00114420	part_027	converted
0x114448	40	FUN_00114448	part_027	converted
0x114470	40	FUN_00114470	part_027	converted
0x114498	40	FUN_00114498	part_027	converted
0x1144c0	40	FUN_001144c0	part_027	converted
0x1144e8	40	FUN_001144e8	part_027	converted
0x114510	40	FUN_00114510	part_027	converted
0x114538	40	FUN_00114538	part_027	converted
0x114560	40	FUN_00114560	part_027	converted
0x114588	40	FUN_00114588	part_027	converted
0x1145b0	40	FUN_001145b0	part_027	converted
0x1145d8	40	FUN_001145d8	part_027	converted
0x114600	40	FUN_00114600	part_027	converted
0x114628	40	FUN_00114628	part_027	converted
0x114650	40	FUN_00114650	part_027	converted
0x114678	40	FUN_00114678	part_027	converted
0x1146a0	40	FUN_001146a0	part_027	converted
0x1146c8	40	FUN_001146c8	part_027	converted
0x1146f0	40	FUN_001146f0	part_027	converted
0x114718	40	FUN_00114718	part_027	converted
0x114740	40	FUN_00114740	part_027	converted
0x114768	40	FUN_00114768	part_027	converted
0x114790	40	FUN_00114790	part_027	converted
0x1147b8	40	FUN_001147b8	part_027	converted
0x1147e0	40	FUN_001147e0	part_027	converted
0x114808	40	FUN_00114808	part_027	converted
0x114830	40	FUN_00114830	part_027	converted
0x114858	40	FUN_00114858	part_027	converted
0x114880	40	FUN_00114880	part_027	converted
0x1148a8	40	FUN_001148a8	part_027	converted
0x1148d0	40	FUN_001148d0	part_027	converted
0x1148f8	40	FUN_001148f8	part_027	converted
0x114920	40	FUN_00114920	part_027	converted
0x114948	40	FUN_00114948	part_027	converted
0x114970	40	FUN_00114970	part_027	converted
0x114998	40	FUN_00114998	part_027	converted
0x1149c0	40	FUN_001149c0	part_027	converted
0x1149e8	40	FUN_001149e8	part_027	converted
0x114a10	40	FUN_00114a10	part_027	converted
0x114a38	40	FUN_00114a38	part_027	converted
0x114a60	40	FUN_00114a60	part_027	converted
0x114a88	40	FUN_00114a88	part_027	converted
0x114ab0	40	FUN_00114ab0	part_027	converted
0x114ad8	40	FUN_00114ad8	part_027	converted
0x114b00	40	FUN_00114b00	part_027	converted
0x114b28	40	FUN_00114b28	part_027	converted
0x114b50	40	FUN_00114b50	part_027	converted
0x114b78	40	FUN_00114b78	part_028	converted
0x114ba0	40	FUN_00114ba0	part_028	converted
0x114bc8	40	FUN_00114bc8	part_028	converted
0x114bf0	40	FUN_00114bf0	part_028	converted
0x114c18	40	FUN_00114c18	part_028	converted
0x114c40	40	FUN_00114c40	part_028	converted
0x114c68	40	FUN_00114c68	part_028	converted
0x114c90	40	FUN_00114c90	part_028	converted
0x114cb8	40	FUN_00114cb8	part_028	converted
0x114ce0	40	FUN_00114ce0	part_028	converted
0x114d08	40	FUN_00114d08	part_028	converted
0x114d30	40	FUN_00114d30	part_028	converted
0x114d58	40	FUN_00114d58	part_028	converted
0x114d80	40	FUN_00114d80	part_028	converted
0x114da8	40	FUN_00114da8	part_028	converted
0x114dd0	40	FUN_00114dd0	part_028	converted
0x114df8	40	FUN_00114df8	part_028	converted
0x114e20	40	FUN_00114e20	part_028	converted
0x114e48	40	FUN_00114e48	part_028	converted
0x114e70	40	FUN_00114e70	part_028	converted
0x114e98	40	FUN_00114e98	part_028	converted
0x114ec0	40	FUN_00114ec0	part_028	converted
0x114ee8	40	FUN_00114ee8	part_028	converted
0x114f10	40	FUN_00114f10	part_028	converted
0x114f38	40	FUN_00114f38	part_028	converted
0x114f60	40	FUN_00114f60	part_028	converted
0x114f88	40	FUN_00114f88	part_028	converted
0x114fb0	40	FUN_00114fb0	part_028	converted
0x114fd8	40	FUN_00114fd8	part_028	converted
0x115000	40	FUN_00115000	part_028	converted
0x115028	40	FUN_00115028	part_028	converted
0x115050	40	FUN_00115050	part_028	converted
0x115078	40	FUN_00115078	part_028	converted
0x1150a0	40	FUN_001150a0	part_028	converted
0x1150c8	40	FUN_001150c8	part_028	converted
0x1150f0	40	FUN_001150f0	part_028	converted
0x115118	40	FUN_00115118	part_028	converted
0x115140	40	FUN_00115140	part_028	converted
0x115168	40	FUN_00115168	part_028	converted
0x115190	40	FUN_00115190	part_028	converted
0x1151b8	40	FUN_001151b8	part_028	converted
0x1151e0	40	FUN_001151e0	part_028	converted
0x115208	40	FUN_00115208	part_028	converted
0x115230	40	FUN_00115230	part_028	converted
0x115258	40	FUN_00115258	part_028	converted
0x115280	40	FUN_00115280	part_028	converted
0x1152a8	40	FUN_001152a8	part_028	converted
0x1152d0	40	FUN_001152d0	part_028	converted
0x1152f8	40	FUN_001152f8	part_028	converted
0x115320	40	FUN_00115320	part_028	converted
0x115348	40	FUN_00115348	part_028	converted
0x115370	40	FUN_00115370	part_028	converted
0x115398	40	FUN_00115398	part_028	converted
0x1153c0	40	FUN_001153c0	part_028	converted
0x1153e8	40	FUN_001153e8	part_028	converted
0x115410	40	FUN_00115410	part_028	converted
0x115438	40	FUN_00115438	part_028	converted
0x115460	40	FUN_00115460	part_028	converted
0x115488	40	FUN_00115488	part_028	converted
0x1154b0	40	FUN_001154b0	part_028	converted
0x1154d8	40	FUN_001154d8	part_029	converted
0x115500	40	FUN_00115500	part_029	converted
0x115528	40	FUN_00115528	part_029	converted
0x115550	40	FUN_00115550	part_029	converted
0x115578	40	FUN_00115578	part_029	converted
0x1155a0	40	FUN_001155a0	part_029	converted
0x1155c8	40	FUN_001155c8	part_029	converted
0x1155f0	40	FUN_001155f0	part_029	converted
0x115618	40	FUN_00115618	part_029	converted
0x115640	40	FUN_00115640	part_029	converted
0x115668	40	FUN_00115668	part_029	converted
0x115690	40	FUN_00115690	part_029	converted
0x1156b8	40	FUN_001156b8	part_029	converted
0x1156e0	40	FUN_001156e0	part_029	converted
0x115708	40	FUN_00115708	part_029	converted
0x115730	40	FUN_00115730	part_029	converted
0x115758	40	FUN_00115758	part_029	converted
0x115780	40	FUN_00115780	part_029	converted
0x1157a8	40	FUN_001157a8	part_029	converted
0x1157d0	40	FUN_001157d0	part_029	converted
0x1157f8	40	FUN_001157f8	part_029	converted
0x115820	40	FUN_00115820	part_029	converted
0x115848	40	FUN_00115848	part_029	converted
0x115870	40	FUN_00115870	part_029	converted
0x115898	40	FUN_00115898	part_029	converted
0x1158c0	40	FUN_001158c0	part_029	converted
0x1158e8	40	FUN_001158e8	part_029	converted
0x115910	40	FUN_00115910	part_029	converted
0x115938	40	FUN_00115938	part_029	converted
0x115960	40	FUN_00115960	part_029	converted
0x115988	40	FUN_00115988	part_029	converted
0x1159b0	40	FUN_001159b0	part_029	converted
0x1159d8	40	FUN_001159d8	part_029	converted
0x115a00	40	FUN_00115a00	part_029	converted
0x115a28	40	FUN_00115a28	part_029	converted
0x115a50	40	FUN_00115a50	part_029	converted
0x115a78	40	FUN_00115a78	part_029	converted
0x115aa0	40	FUN_00115aa0	part_029	converted
0x115ac8	40	FUN_00115ac8	part_029	converted
0x115af0	40	FUN_00115af0	part_029	converted
0x115b18	40	FUN_00115b18	part_029	converted
0x115b40	40	FUN_00115b40	part_029	converted
0x115b68	40	FUN_00115b68	part_029	converted
0x115b90	40	FUN_00115b90	part_029	converted
0x115bb8	40	FUN_00115bb8	part_029	converted
0x115be0	40	FUN_00115be0	part_029	converted
0x115c08	40	FUN_00115c08	part_029	converted
0x115c30	40	FUN_00115c30	part_029	converted
0x115c58	40	FUN_00115c58	part_029	converted
0x115c80	40	FUN_00115c80	part_029	converted
0x115ca8	40	FUN_00115ca8	part_029	converted
0x115cd0	40	FUN_00115cd0	part_029	converted
0x115cf8	40	FUN_00115cf8	part_029	converted
0x115d20	40	FUN_00115d20	part_029	converted
0x115d48	40	FUN_00115d48	part_029	converted
0x115d70	40	FUN_00115d70	part_029	converted
0x115d98	40	FUN_00115d98	part_029	converted
0x115dc0	40	FUN_00115dc0	part_029	converted
0x115de8	40	FUN_00115de8	part_029	converted
0x115e10	40	FUN_00115e10	part_029	converted
0x115e38	40	FUN_00115e38	part_030	converted
0x115e60	40	FUN_00115e60	part_030	converted
0x115e88	40	FUN_00115e88	part_030	converted
0x115eb0	40	FUN_00115eb0	part_030	converted
0x115ed8	40	FUN_00115ed8	part_030	converted
0x115f00	40	FUN_00115f00	part_030	converted
0x115f28	40	FUN_00115f28	part_030	converted
0x115f50	40	FUN_00115f50	part_030	converted
0x115f78	40	FUN_00115f78	part_030	converted
0x115fa0	34636	FUN_00115fa0	part_030	DECOMPILE-FAILED
0x11e6ec	8	FUN_0011e6ec	part_030	converted
0x11e6f4	140	FUN_0011e6f4	part_030	converted
0x11e780	108	FUN_0011e780	part_030	converted
0x11e7ec	168	FUN_0011e7ec	part_030	converted
0x11e894	180	FUN_0011e894	part_030	converted
0x11e948	64	FUN_0011e948	part_030	converted
0x11e988	280	FUN_0011e988	part_030	converted
0x11eaa0	1032	FUN_0011eaa0	part_030	converted
0x11eec8	1072	FUN_0011eec8	part_030	converted
0x11f2f8	640	FUN_0011f2f8	part_030	converted
0x11f578	620	FUN_0011f578	part_030	converted
0x11f7fc	164	FUN_0011f7fc	part_030	converted
0x11f8a0	756	FUN_0011f8a0	part_030	converted
0x11fb94	976	FUN_0011fb94	part_030	converted
0x11ff7c	3416	FUN_0011ff7c	part_030	converted
0x120cd4	668	FUN_00120cd4	part_030	converted
0x121000	1232	FUN_00121000	part_030	converted
0x1214fc	6188	FUN_001214fc	part_030	converted
0x122de8	168	FUN_00122de8	part_030	converted
0x122e90	44	FUN_00122e90	part_030	converted
0x122ebc	28	FUN_00122ebc	part_030	converted
0x122f28	124	FUN_00122f28	part_030	converted
0x122fa4	200	FUN_00122fa4	part_030	converted
0x12306c	120	FUN_0012306c	part_030	converted
0x1230e4	360	FUN_001230e4	part_030	converted
0x123288	240	FUN_00123288	part_030	converted
0x123398	140	FUN_00123398	part_030	converted
0x123424	180	FUN_00123424	part_030	converted
0x1234d8	224	FUN_001234d8	part_030	converted
0x1235b8	300	FUN_001235b8	part_030	converted
0x1236e4	184	FUN_001236e4	part_030	converted
0x12379c	296	FUN_0012379c	part_030	converted
0x1238e8	296	FUN_001238e8	part_030	converted
0x123c08	1116	FUN_00123c08	part_030	converted
0x1240a8	308	FUN_001240a8	part_030	converted
0x1241fc	276	FUN_001241fc	part_030	converted
0x12434c	244	FUN_0012434c	part_030	converted
0x12447c	240	FUN_0012447c	part_030	converted
0x1245a8	324	FUN_001245a8	part_030	converted
0x124724	324	FUN_00124724	part_030	converted
0x1248a0	76	FUN_001248a0	part_030	converted
0x1248ec	76	FUN_001248ec	part_030	converted
0x124938	100	FUN_00124938	part_030	converted
0x12499c	320	FUN_0012499c	part_030	converted
0x124b24	296	FUN_00124b24	part_030	converted
0x124c94	296	FUN_00124c94	part_030	converted
0x124e04	100	FUN_00124e04	part_030	converted
0x124e68	572	FUN_00124e68	part_030	converted
0x1250dc	572	FUN_001250dc	part_030	converted
0x125350	1008	FUN_00125350	part_030	converted
0x1257b0	1008	FUN_001257b0	part_031	converted
0x125c10	104	FUN_00125c10	part_031	converted
0x125c8c	104	FUN_00125c8c	part_031	converted
0x125d60	88	FUN_00125d60	part_031	converted
0x125db8	320	FUN_00125db8	part_031	converted
0x125f40	84	FUN_00125f40	part_031	converted
0x125f94	84	FUN_00125f94	part_031	converted
0x125fe8	76	FUN_00125fe8	part_031	converted
0x126034	76	FUN_00126034	part_031	converted
0x126080	116	FUN_00126080	part_031	converted
0x1260f4	88	FUN_001260f4	part_031	converted
0x12614c	88	FUN_0012614c	part_031	converted
0x1261a4	68	FUN_001261a4	part_031	converted
0x1261e8	68	FUN_001261e8	part_031	converted
0x12622c	276	FUN_0012622c	part_031	converted
0x126378	276	FUN_00126378	part_031	converted
0x1264c4	116	FUN_001264c4	part_031	converted
0x126538	116	FUN_00126538	part_031	converted
0x1265ac	116	FUN_001265ac	part_031	converted
0x126620	116	FUN_00126620	part_031	converted
0x126694	116	FUN_00126694	part_031	converted
0x126708	44	FUN_00126708	part_031	converted
0x126734	44	FUN_00126734	part_031	converted
0x126760	44	FUN_00126760	part_031	converted
0x12678c	44	FUN_0012678c	part_031	converted
0x1267b8	52	FUN_001267b8	part_031	converted
0x1267ec	108	FUN_001267ec	part_031	converted
0x126878	44	FUN_00126878	part_031	converted
0x1268a4	44	FUN_001268a4	part_031	converted
0x1268d0	40	FUN_001268d0	part_031	converted
0x1268f8	108	FUN_001268f8	part_031	converted
0x126984	108	FUN_00126984	part_031	converted
0x126a10	108	FUN_00126a10	part_031	converted
0x126a9c	108	FUN_00126a9c	part_031	converted
0x126b28	108	FUN_00126b28	part_031	converted
0x126bb4	108	FUN_00126bb4	part_031	converted
0x126c40	108	FUN_00126c40	part_031	converted
0x126ccc	108	FUN_00126ccc	part_031	converted
0x126d58	108	FUN_00126d58	part_031	converted
0x126de4	140	FUN_00126de4	part_031	converted
0x126e90	108	FUN_00126e90	part_031	converted
0x126f1c	108	FUN_00126f1c	part_031	converted
0x126fa8	108	FUN_00126fa8	part_031	converted
0x127034	108	FUN_00127034	part_031	converted
0x1270c0	108	FUN_001270c0	part_031	converted
0x12714c	108	FUN_0012714c	part_031	converted
0x1271d8	108	FUN_001271d8	part_031	converted
0x1272cc	8	FUN_001272cc	part_031	converted
0x1272d4	80	FUN_001272d4	part_031	converted
0x127324	232	FUN_00127324	part_031	converted
0x12740c	100	FUN_0012740c	part_031	converted
0x127470	196	FUN_00127470	part_031	converted
0x127534	108	FUN_00127534	part_031	converted
0x1275a0	104	FUN_001275a0	part_031	converted
0x127608	100	FUN_00127608	part_031	converted
0x127850	128	FUN_00127850	part_031	converted
0x1278d0	196	FUN_001278d0	part_031	converted
0x127994	1120	FUN_00127994	part_031	converted
0x127ee4	64	FUN_00127ee4	part_031	converted
0x127f24	180	FUN_00127f24	part_031	converted
0x127ff8	36	FUN_00127ff8	part_032	converted
0x128030	28	FUN_00128030	part_032	converted
0x12804c	356	FUN_0012804c	part_032	converted
0x1281b0	56	FUN_001281b0	part_032	converted
0x1281f0	344	FUN_001281f0	part_032	converted
0x128348	84	FUN_00128348	part_032	converted
0x12839c	128	FUN_0012839c	part_032	converted
0x128430	780	FUN_00128430	part_032	converted
0x12873c	500	FUN_0012873c	part_032	converted
0x128930	420	FUN_00128930	part_032	converted
0x128d7c	596	FUN_00128d7c	part_032	converted
0x128fd0	332	FUN_00128fd0	part_032	converted
0x129130	332	FUN_00129130	part_032	converted
0x129290	176	FUN_00129290	part_032	converted
0x1293b0	72	FUN_001293b0	part_032	converted
0x129408	60	FUN_00129408	part_032	converted
0x129478	504	FUN_00129478	part_032	converted
0x129678	28	FUN_00129678	part_032	converted
0x129694	56	FUN_00129694	part_032	converted
0x129854	312	FUN_00129854	part_032	converted
0x12998c	128	FUN_0012998c	part_032	converted
0x129a0c	316	FUN_00129a0c	part_032	converted
0x129b48	632	FUN_00129b48	part_032	converted
0x129eb4	344	FUN_00129eb4	part_032	converted
0x12a00c	540	FUN_0012a00c	part_032	converted
0x12a260	352	FUN_0012a260	part_032	converted
0x12a3c0	248	FUN_0012a3c0	part_032	converted
0x12a4b8	176	FUN_0012a4b8	part_032	converted
0x12a578	308	FUN_0012a578	part_032	converted
0x12a6c0	308	FUN_0012a6c0	part_032	converted
0x12a808	144	FUN_0012a808	part_032	converted
0x12a8bc	144	FUN_0012a8bc	part_032	converted
0x12a970	116	FUN_0012a970	part_032	converted
0x12a9e4	116	FUN_0012a9e4	part_032	converted
0x12aa58	32	FUN_0012aa58	part_032	converted
0x12aa78	104	FUN_0012aa78	part_032	converted
0x12aae0	36	FUN_0012aae0	part_032	converted
0x12ab04	108	FUN_0012ab04	part_032	converted
0x12ab80	88	FUN_0012ab80	part_032	converted
0x12abd8	128	FUN_0012abd8	part_032	converted
0x12ac58	452	FUN_0012ac58	part_032	converted
0x12ae1c	80	FUN_0012ae1c	part_032	converted
0x12ae6c	132	FUN_0012ae6c	part_032	converted
0x12aef0	248	FUN_0012aef0	part_032	converted
0x12afe8	344	FUN_0012afe8	part_032	converted
0x12b140	264	FUN_0012b140	part_032	converted
0x12b248	144	FUN_0012b248	part_032	converted
0x12b2d8	132	FUN_0012b2d8	part_032	converted
0x12b35c	156	FUN_0012b35c	part_032	converted
0x12b3f8	272	FUN_0012b3f8	part_032	converted
0x12b520	276	FUN_0012b520	part_032	converted
0x12b64c	92	FUN_0012b64c	part_032	converted
0x12b6a8	912	FUN_0012b6a8	part_032	converted
0x12ba58	240	FUN_0012ba58	part_032	converted
0x12bb48	1404	FUN_0012bb48	part_032	converted
0x12c0e4	80	FUN_0012c0e4	part_032	converted
0x12c134	424	FUN_0012c134	part_032	converted
0x12c2dc	244	FUN_0012c2dc	part_032	converted
0x12c3d0	460	FUN_0012c3d0	part_032	converted
0x12c59c	548	FUN_0012c59c	part_032	converted
0x12c7c0	328	FUN_0012c7c0	part_033	converted
0x12c908	952	FUN_0012c908	part_033	converted
0x12ccc0	740	FUN_0012ccc0	part_033	converted
0x12cfa4	820	FUN_0012cfa4	part_033	converted
0x12d2f0	2556	FUN_0012d2f0	part_033	converted
0x12dcf0	88	FUN_0012dcf0	part_033	converted
0x12dd58	544	FUN_0012dd58	part_033	converted
0x12df90	1248	FUN_0012df90	part_033	converted
0x12e488	196	FUN_0012e488	part_033	converted
0x12e56c	680	FUN_0012e56c	part_033	converted
0x12e8c0	488	FUN_0012e8c0	part_033	converted
0x12eacc	1460	FUN_0012eacc	part_033	converted
0x12f0f8	3440	FUN_0012f0f8	part_033	converted
0x12fe8c	524	FUN_0012fe8c	part_033	converted
0x1300b0	836	FUN_001300b0	part_033	converted
0x1303f4	48	FUN_001303f4	part_033	converted
0x130424	32	FUN_00130424	part_033	converted
0x130444	52	FUN_00130444	part_033	converted
0x130478	44	FUN_00130478	part_033	converted
0x1304a4	200	FUN_001304a4	part_033	converted
0x130594	136	FUN_00130594	part_033	converted
0x13061c	116	FUN_0013061c	part_033	converted
0x130690	152	FUN_00130690	part_033	converted
0x130728	164	FUN_00130728	part_033	converted
0x1307cc	44	FUN_001307cc	part_033	converted
0x1307f8	228	FUN_001307f8	part_033	converted
0x1308e0	36	FUN_001308e0	part_033	converted
0x130904	64	FUN_00130904	part_033	converted
0x130958	36	FUN_00130958	part_033	converted
0x13097c	64	FUN_0013097c	part_033	converted
0x1309bc	32	FUN_001309bc	part_033	converted
0x1309dc	44	FUN_001309dc	part_033	converted
0x130a08	112	FUN_00130a08	part_033	converted
0x130a78	68	FUN_00130a78	part_033	converted
0x130abc	280	FUN_00130abc	part_033	converted
0x130bd4	40	FUN_00130bd4	part_033	converted
0x130bfc	144	FUN_00130bfc	part_033	converted
0x130c8c	276	FUN_00130c8c	part_033	converted
0x130da0	200	FUN_00130da0	part_033	converted
0x130e68	88	FUN_00130e68	part_033	converted
0x130ec0	132	FUN_00130ec0	part_033	converted
0x130f64	132	FUN_00130f64	part_033	converted
0x131008	452	FUN_00131008	part_033	converted
0x1311cc	264	FUN_001311cc	part_033	converted
0x1312f4	420	FUN_001312f4	part_033	converted
0x1314b8	320	FUN_001314b8	part_033	converted
0x1315f8	684	FUN_001315f8	part_033	converted
0x1318a4	300	FUN_001318a4	part_033	converted
0x1319d0	176	FUN_001319d0	part_033	converted
0x131a80	368	FUN_00131a80	part_033	converted
0x131c10	100	FUN_00131c10	part_033	converted
0x131c74	148	FUN_00131c74	part_033	converted
0x131d08	1440	FUN_00131d08	part_033	converted
0x1322a8	3608	FUN_001322a8	part_033	converted
0x1330f4	328	FUN_001330f4	part_033	converted
0x13323c	3452	FUN_0013323c	part_033	converted
0x133fe4	1020	FUN_00133fe4	part_033	converted
0x134400	600	FUN_00134400	part_033	converted
0x134658	1072	FUN_00134658	part_033	converted
0x134aa8	8	FUN_00134aa8	part_033	converted
0x134ab0	8	FUN_00134ab0	part_034	converted
0x134ab8	100	FUN_00134ab8	part_034	converted
0x134b1c	60	FUN_00134b1c	part_034	converted
0x134b58	76	FUN_00134b58	part_034	converted
0x134ba4	76	FUN_00134ba4	part_034	converted
0x134bf0	40	FUN_00134bf0	part_034	converted
0x134c18	188	FUN_00134c18	part_034	converted
0x134cd4	20	FUN_00134cd4	part_034	converted
0x134ce8	200	FUN_00134ce8	part_034	converted
0x134db0	56	FUN_00134db0	part_034	converted
0x134de8	264	FUN_00134de8	part_034	converted
0x134ef4	204	FUN_00134ef4	part_034	converted
0x134fc0	80	FUN_00134fc0	part_034	converted
0x135010	128	FUN_00135010	part_034	converted
0x135090	128	FUN_00135090	part_034	converted
0x135110	148	FUN_00135110	part_034	converted
0x1351c4	148	FUN_001351c4	part_034	converted
0x135278	188	FUN_00135278	part_034	converted
0x135334	552	FUN_00135334	part_034	converted
0x13555c	296	FUN_0013555c	part_034	converted
0x135684	336	FUN_00135684	part_034	converted
0x1357d4	300	FUN_001357d4	part_034	converted
0x135900	300	FUN_00135900	part_034	converted
0x135a2c	500	FUN_00135a2c	part_034	converted
0x135c20	260	FUN_00135c20	part_034	converted
0x135d24	652	FUN_00135d24	part_034	converted
0x135fb0	3828	FUN_00135fb0	part_034	converted
0x13719c	692	FUN_0013719c	part_034	converted
0x137474	512	FUN_00137474	part_034	converted
0x137694	564	FUN_00137694	part_034	converted
0x1378e8	1420	FUN_001378e8	part_034	converted
0x137e74	36	FUN_00137e74	part_034	converted
0x137e98	124	FUN_00137e98	part_034	converted
0x137f14	364	FUN_00137f14	part_034	converted
0x138080	176	FUN_00138080	part_034	converted
0x138130	272	FUN_00138130	part_034	converted
0x138240	120	FUN_00138240	part_034	converted
0x1382b8	216	FUN_001382b8	part_034	converted
0x138390	772	FUN_00138390	part_034	converted
0x138694	2336	FUN_00138694	part_034	converted
0x138fb4	84	FUN_00138fb4	part_034	converted
0x139008	44	FUN_00139008	part_034	converted
0x139034	40	FUN_00139034	part_034	converted
0x13905c	308	FUN_0013905c	part_034	converted
0x139190	156	FUN_00139190	part_034	converted
0x13922c	104	FUN_0013922c	part_034	converted
0x139294	176	FUN_00139294	part_034	converted
0x139344	80	FUN_00139344	part_034	converted
0x1394b0	496	FUN_001394b0	part_034	converted
0x1396a0	48	FUN_001396a0	part_034	converted
0x1396d0	360	FUN_001396d0	part_034	converted
0x139838	124	FUN_00139838	part_034	converted
0x1398b4	964	FUN_001398b4	part_034	converted
0x139c78	200	FUN_00139c78	part_034	converted
0x139d40	556	FUN_00139d40	part_034	converted
0x139f84	700	FUN_00139f84	part_034	converted
0x13a240	332	FUN_0013a240	part_034	converted
0x13a38c	696	FUN_0013a38c	part_034	converted
0x13a644	304	FUN_0013a644	part_034	converted
0x13a774	304	FUN_0013a774	part_034	converted
0x13a8a4	2372	FUN_0013a8a4	part_035	converted
0x13b1e8	520	FUN_0013b1e8	part_035	converted
0x13b3f0	2308	FUN_0013b3f0	part_035	converted
0x13bd68	1168	FUN_0013bd68	part_035	converted
0x13c210	976	FUN_0013c210	part_035	converted
0x13c60c	1100	FUN_0013c60c	part_035	converted
0x13ca84	112	FUN_0013ca84	part_035	converted
0x13caf4	1644	FUN_0013caf4	part_035	converted
0x13d160	576	FUN_0013d160	part_035	converted
0x13d3b8	1128	FUN_0013d3b8	part_035	converted
0x13d820	540	FUN_0013d820	part_035	converted
0x13da3c	6436	FUN_0013da3c	part_035	converted
0x13f3d4	2148	FUN_0013f3d4	part_035	converted
0x13fc38	4516	FUN_0013fc38	part_035	converted
0x140e5c	20	FUN_00140e5c	part_035	converted
0x140e70	12	FUN_00140e70	part_035	converted
0x140e7c	456	FUN_00140e7c	part_035	converted
0x141044	76	FUN_00141044	part_035	converted
0x141090	112	FUN_00141090	part_035	converted
0x141100	220	FUN_00141100	part_035	converted
0x1411dc	636	FUN_001411dc	part_035	converted
0x141458	332	FUN_00141458	part_035	converted
0x1415a4	272	FUN_001415a4	part_035	converted
0x1416b4	508	FUN_001416b4	part_035	converted
0x1418b0	128	FUN_001418b0	part_035	converted
0x141930	3700	FUN_00141930	part_035	converted
0x1427a4	464	FUN_001427a4	part_035	converted
0x142974	1616	FUN_00142974	part_035	converted
0x142fdc	1672	FUN_00142fdc	part_035	converted
0x143664	80	FUN_00143664	part_035	converted
0x1436b4	168	FUN_001436b4	part_035	converted
0x14375c	1720	FUN_0014375c	part_035	converted
0x143e40	676	FUN_00143e40	part_035	converted
0x1440e4	4680	FUN_001440e4	part_035	converted
0x14532c	836	FUN_0014532c	part_035	converted
0x145670	3828	FUN_00145670	part_035	converted
0x14657c	124	FUN_0014657c	part_035	converted
0x146610	20	FUN_00146610	part_035	converted
0x146624	76	FUN_00146624	part_035	converted
0x146670	132	FUN_00146670	part_035	converted
0x1466f4	104	FUN_001466f4	part_035	converted
0x146788	96	FUN_00146788	part_035	converted
0x1467e8	128	FUN_001467e8	part_035	converted
0x146868	228	FUN_00146868	part_035	converted
0x14699c	368	FUN_0014699c	part_035	converted
0x146b0c	460	FUN_00146b0c	part_035	converted
0x146cd8	264	FUN_00146cd8	part_035	converted
0x146de0	252	FUN_00146de0	part_035	converted
0x146edc	304	FUN_00146edc	part_035	converted
0x14700c	56	FUN_0014700c	part_035	converted
0x147044	152	FUN_00147044	part_035	converted
0x1470dc	348	FUN_001470dc	part_035	converted
0x147238	352	FUN_00147238	part_035	converted
0x147398	120	FUN_00147398	part_035	converted
0x1474c8	572	FUN_001474c8	part_035	converted
0x147704	756	FUN_00147704	part_035	converted
0x1479f8	404	FUN_001479f8	part_035	converted
0x147b8c	968	FUN_00147b8c	part_035	converted
0x147f54	1300	FUN_00147f54	part_035	converted
0x14846c	636	FUN_0014846c	part_035	converted
0x1486e8	664	FUN_001486e8	part_036	converted
0x148980	1036	FUN_00148980	part_036	converted
0x148d8c	1872	FUN_00148d8c	part_036	converted
0x1494dc	2168	FUN_001494dc	part_036	converted
0x149d54	144	FUN_00149d54	part_036	converted
0x149de4	2740	FUN_00149de4	part_036	converted
0x14a898	128	FUN_0014a898	part_036	converted
0x14a918	708	FUN_0014a918	part_036	converted
0x14abdc	220	FUN_0014abdc	part_036	converted
0x14acb8	1172	FUN_0014acb8	part_036	converted
0x14b150	1748	FUN_0014b150	part_036	converted
0x14b82c	1420	FUN_0014b82c	part_036	converted
0x14bdbc	1912	FUN_0014bdbc	part_036	converted
0x14c534	208	FUN_0014c534	part_036	converted
0x14c604	972	FUN_0014c604	part_036	converted
0x14c9d0	284	FUN_0014c9d0	part_036	converted
0x14caec	988	FUN_0014caec	part_036	converted
0x14cec8	940	FUN_0014cec8	part_036	converted
0x14d274	1664	FUN_0014d274	part_036	converted
0x14d8f8	2528	FUN_0014d8f8	part_036	converted
0x14e2dc	1032	FUN_0014e2dc	part_036	converted
0x14e6e4	744	FUN_0014e6e4	part_036	converted
0x14e9e4	2620	FUN_0014e9e4	part_036	converted
0x14f420	4784	FUN_0014f420	part_036	converted
0x1506d0	256	FUN_001506d0	part_036	converted
0x1507d0	964	FUN_001507d0	part_036	converted
0x150b94	420	FUN_00150b94	part_036	converted
0x150d38	1504	FUN_00150d38	part_036	converted
0x151318	88	FUN_00151318	part_036	converted
0x151370	1792	FUN_00151370	part_036	converted
0x151a74	2624	FUN_00151a74	part_036	converted
0x1524b8	2540	FUN_001524b8	part_036	converted
0x152ea8	4932	FUN_00152ea8	part_036	converted
0x1541f0	3020	FUN_001541f0	part_036	converted
0x154dc0	1700	FUN_00154dc0	part_036	converted
0x15546c	488	FUN_0015546c	part_036	converted
0x155654	1036	FUN_00155654	part_036	converted
0x155a60	4688	FUN_00155a60	part_036	converted
0x156cb8	144	FUN_00156cb8	part_036	converted
0x156d48	3600	FUN_00156d48	part_036	converted
0x157b78	1172	FUN_00157b78	part_036	converted
0x15800c	600	FUN_0015800c	part_036	converted
0x158264	1824	FUN_00158264	part_036	converted
0x158988	496	FUN_00158988	part_036	converted
0x158b78	196	FUN_00158b78	part_036	converted
0x158c3c	2460	FUN_00158c3c	part_036	converted
0x1595f0	420	FUN_001595f0	part_036	converted
0x159794	964	FUN_00159794	part_036	converted
0x159b58	2844	FUN_00159b58	part_036	converted
0x15a68c	3608	FUN_0015a68c	part_036	converted
0x15b4a4	1044	FUN_0015b4a4	part_036	converted
0x15b8b8	188	FUN_0015b8b8	part_036	converted
0x15b974	972	FUN_0015b974	part_036	converted
0x15bd40	2452	FUN_0015bd40	part_036	converted
0x15c6d4	2012	FUN_0015c6d4	part_036	converted
0x15ceb0	4236	FUN_0015ceb0	part_036	converted
0x15df44	936	FUN_0015df44	part_036	converted
0x15e2f4	416	FUN_0015e2f4	part_036	converted
0x15e494	1444	FUN_0015e494	part_036	converted
0x15ea3c	2564	FUN_0015ea3c	part_036	converted
0x15f44c	3792	FUN_0015f44c	part_037	converted
0x160320	2960	FUN_00160320	part_037	converted
0x160eb0	2188	FUN_00160eb0	part_037	converted
0x161748	2688	FUN_00161748	part_037	converted
0x1621c8	2804	FUN_001621c8	part_037	converted
0x162cc0	316	FUN_00162cc0	part_037	converted
0x162dfc	1532	FUN_00162dfc	part_037	converted
0x1633f8	128	FUN_001633f8	part_037	converted
0x163478	1308	FUN_00163478	part_037	converted
0x163994	3864	FUN_00163994	part_037	converted
0x1648ac	456	FUN_001648ac	part_037	converted
0x164a74	312	FUN_00164a74	part_037	converted
0x164bec	520	FUN_00164bec	part_037	converted
0x164df4	136	FUN_00164df4	part_037	converted
0x164e7c	324	FUN_00164e7c	part_037	converted
0x164fc0	84	FUN_00164fc0	part_037	converted
0x165014	1520	FUN_00165014	part_037	converted
0x165604	388	FUN_00165604	part_037	converted
0x165788	628	FUN_00165788	part_037	converted
0x1659fc	384	FUN_001659fc	part_037	converted
0x165b7c	448	FUN_00165b7c	part_037	converted
0x165d3c	584	FUN_00165d3c	part_037	converted
0x165fa8	720	FUN_00165fa8	part_037	converted
0x16629c	1448	FUN_0016629c	part_037	converted
0x166844	456	FUN_00166844	part_037	converted
0x166a0c	412	FUN_00166a0c	part_037	converted
0x166ba8	340	FUN_00166ba8	part_037	converted
0x166cfc	1024	FUN_00166cfc	part_037	converted
0x1670fc	2424	FUN_001670fc	part_037	converted
0x167a74	244	FUN_00167a74	part_037	converted
0x167b68	692	FUN_00167b68	part_037	converted
0x167e1c	216	FUN_00167e1c	part_037	converted
0x167ef4	1396	FUN_00167ef4	part_037	converted
0x168468	2328	FUN_00168468	part_037	converted
0x168d80	3548	FUN_00168d80	part_037	converted
0x169b70	700	FUN_00169b70	part_037	converted
0x169e30	1848	FUN_00169e30	part_037	converted
0x16a568	6080	FUN_0016a568	part_037	converted
0x16bd70	1140	FUN_0016bd70	part_037	converted
0x16c1fc	1092	FUN_0016c1fc	part_037	converted
0x16c640	816	FUN_0016c640	part_037	converted
0x16c970	1108	FUN_0016c970	part_037	converted
0x16cdc4	1516	FUN_0016cdc4	part_037	converted
0x16d3b0	392	FUN_0016d3b0	part_037	converted
0x16d538	1996	FUN_0016d538	part_037	converted
0x16dd04	616	FUN_0016dd04	part_037	converted
0x16df8c	536	FUN_0016df8c	part_037	converted
0x16e1a4	1668	FUN_0016e1a4	part_037	converted
0x16e828	1640	FUN_0016e828	part_037	converted
0x16ee90	284	FUN_0016ee90	part_037	converted
0x16ff54	6564	FUN_0016ff54	part_037	converted
0x170990	572	FUN_00170990	part_037	converted
0x170bcc	468	FUN_00170bcc	part_037	converted
0x170da0	204	FUN_00170da0	part_037	converted
0x170e6c	2212	FUN_00170e6c	part_037	converted
0x171714	1812	FUN_00171714	part_037	converted
0x171e68	248	FUN_00171e68	part_037	converted
0x172000	20	FUN_00172000	part_037	converted
0x172078	180	FUN_00172078	part_037	converted
0x17212c	216	FUN_0017212c	part_037	converted
0x172204	200	FUN_00172204	part_038	converted
0x172514	176	FUN_00172514	part_038	converted
0x1725c4	600	FUN_001725c4	part_038	converted
0x17281c	416	FUN_0017281c	part_038	converted
0x172a28	104	FUN_00172a28	part_038	converted
0x172a90	32	FUN_00172a90	part_038	converted
0x172b70	48	FUN_00172b70	part_038	converted
0x172bd0	332	FUN_00172bd0	part_038	converted
0x172d1c	168	FUN_00172d1c	part_038	converted
0x172dc4	56	FUN_00172dc4	part_038	converted
0x172ed4	20	FUN_00172ed4	part_038	converted
0x172ee8	20	FUN_00172ee8	part_038	converted
0x172f0c	20	FUN_00172f0c	part_038	converted
0x172f24	8	FUN_00172f24	part_038	converted
0x172f34	124	FUN_00172f34	part_038	converted
0x172fb0	4	FUN_00172fb0	part_038	converted
0x172fb4	4	FUN_00172fb4	part_038	converted
0x172fb8	96	FUN_00172fb8	part_038	converted
0x173018	332	FUN_00173018	part_038	converted
0x173164	196	FUN_00173164	part_038	converted
0x173228	80	FUN_00173228	part_038	converted
0x173278	184	FUN_00173278	part_038	converted
0x173330	48	FUN_00173330	part_038	converted
0x173360	64	FUN_00173360	part_038	converted
0x1733a0	156	FUN_001733a0	part_038	converted
0x17343c	304	FUN_0017343c	part_038	converted
0x17356c	176	FUN_0017356c	part_038	converted
0x17361c	28	FUN_0017361c	part_038	converted
0x173638	284	FUN_00173638	part_038	converted
0x173754	280	FUN_00173754	part_038	converted
0x17386c	204	FUN_0017386c	part_038	converted
0x173938	136	FUN_00173938	part_038	converted
0x1739c0	136	FUN_001739c0	part_038	converted
0x173a48	176	FUN_00173a48	part_038	converted
0x173af8	160	FUN_00173af8	part_038	converted
0x173b98	324	FUN_00173b98	part_038	converted
0x173cdc	308	FUN_00173cdc	part_038	converted
0x173e10	268	FUN_00173e10	part_038	converted
0x173f1c	1680	FUN_00173f1c	part_038	converted
0x1745ac	68	FUN_001745ac	part_038	converted
0x1745f0	216	FUN_001745f0	part_038	converted
0x1746c8	252	FUN_001746c8	part_038	converted
0x1747c4	196	FUN_001747c4	part_038	converted
0x174888	196	FUN_00174888	part_038	converted
0x17494c	440	FUN_0017494c	part_038	converted
0x174b04	476	FUN_00174b04	part_038	converted
0x174ce0	300	FUN_00174ce0	part_038	converted
0x174e0c	2764	FUN_00174e0c	part_038	converted
0x1758d8	356	FUN_001758d8	part_038	converted
0x175a3c	260	FUN_00175a3c	part_038	converted
0x175b40	620	FUN_00175b40	part_038	converted
0x175dac	1208	FUN_00175dac	part_038	converted
0x176264	28	FUN_00176264	part_038	converted
0x176280	28	FUN_00176280	part_038	converted
0x17629c	32	FUN_0017629c	part_038	converted
0x1762bc	4	FUN_001762bc	part_038	converted
0x1762c0	68	FUN_001762c0	part_038	converted
0x176304	32	FUN_00176304	part_038	converted
0x176324	44	FUN_00176324	part_038	converted
0x176350	148	FUN_00176350	part_038	converted
0x1763e4	144	FUN_001763e4	part_039	converted
0x176474	104	FUN_00176474	part_039	converted
0x1764e0	28	FUN_001764e0	part_039	converted
0x1764fc	28	FUN_001764fc	part_039	converted
0x176518	28	FUN_00176518	part_039	converted
0x176534	48	FUN_00176534	part_039	converted
0x176564	16	FUN_00176564	part_039	converted
0x176574	48	FUN_00176574	part_039	converted
0x1765a4	64	FUN_001765a4	part_039	converted
0x1765e4	44	FUN_001765e4	part_039	converted
0x17662c	144	FUN_0017662c	part_039	converted
0x1766bc	112	FUN_001766bc	part_039	converted
0x17672c	172	FUN_0017672c	part_039	converted
0x1767d8	124	FUN_001767d8	part_039	converted
0x176854	128	FUN_00176854	part_039	converted
0x1768d4	128	FUN_001768d4	part_039	converted
0x176954	160	FUN_00176954	part_039	converted
0x1769f4	160	FUN_001769f4	part_039	converted
0x176a94	428	FUN_00176a94	part_039	converted
0x176c40	300	FUN_00176c40	part_039	converted
0x176d6c	160	FUN_00176d6c	part_039	converted
0x176e20	160	FUN_00176e20	part_039	converted
0x176ec0	20	FUN_00176ec0	part_039	converted
0x176ed4	56	FUN_00176ed4	part_039	converted
0x176f0c	56	FUN_00176f0c	part_039	converted
0x176f44	144	FUN_00176f44	part_039	converted
0x176fd4	144	FUN_00176fd4	part_039	converted
0x177064	128	FUN_00177064	part_039	converted
0x1770e4	204	FUN_001770e4	part_039	converted
0x1771b0	236	FUN_001771b0	part_039	converted
0x17729c	224	FUN_0017729c	part_039	converted
0x17737c	144	FUN_0017737c	part_039	converted
0x17740c	156	FUN_0017740c	part_039	converted
0x177548	144	FUN_00177548	part_039	converted
0x1775d8	224	FUN_001775d8	part_039	converted
0x1776b8	144	FUN_001776b8	part_039	converted
0x177748	408	FUN_00177748	part_039	converted
0x1778e0	272	FUN_001778e0	part_039	converted
0x1779f0	224	FUN_001779f0	part_039	converted
0x177ad0	124	FUN_00177ad0	part_039	converted
0x177b4c	388	FUN_00177b4c	part_039	converted
0x177cd0	324	FUN_00177cd0	part_039	converted
0x177e14	528	FUN_00177e14	part_039	converted
0x178024	384	FUN_00178024	part_039	converted
0x1781a4	404	FUN_001781a4	part_039	converted
0x178338	656	FUN_00178338	part_039	converted
0x178648	708	FUN_00178648	part_039	converted
0x1789d4	28	FUN_001789d4	part_039	converted
0x1789f0	168	FUN_001789f0	part_039	converted
0x178a98	132	FUN_00178a98	part_039	converted
0x178b1c	360	FUN_00178b1c	part_039	converted
0x178c84	244	FUN_00178c84	part_039	converted
0x178d78	280	FUN_00178d78	part_039	converted
0x178e90	468	FUN_00178e90	part_039	converted
0x179064	212	FUN_00179064	part_039	converted
0x179138	408	FUN_00179138	part_039	converted
0x1792f0	232	FUN_001792f0	part_039	converted
0x1793d8	560	FUN_001793d8	part_039	converted
0x179608	456	FUN_00179608	part_039	converted
0x1797d0	196	FUN_001797d0	part_039	converted
0x179894	184	FUN_00179894	part_040	converted
0x17994c	232	FUN_0017994c	part_040	converted
0x179a34	244	FUN_00179a34	part_040	converted
0x179b28	148	FUN_00179b28	part_040	converted
0x179bbc	136	FUN_00179bbc	part_040	converted
0x179c44	124	FUN_00179c44	part_040	converted
0x179cc0	240	FUN_00179cc0	part_040	converted
0x179db0	196	FUN_00179db0	part_040	converted
0x179e74	196	FUN_00179e74	part_040	converted
0x179f38	252	FUN_00179f38	part_040	converted
0x17a034	252	FUN_0017a034	part_040	converted
0x17a130	324	FUN_0017a130	part_040	converted
0x17a294	320	FUN_0017a294	part_040	converted
0x17a3d4	884	FUN_0017a3d4	part_040	converted
0x17a748	348	FUN_0017a748	part_040	converted
0x17a8a4	680	FUN_0017a8a4	part_040	converted
0x17ab4c	472	FUN_0017ab4c	part_040	converted
0x17ad24	260	FUN_0017ad24	part_040	converted
0x17ae28	272	FUN_0017ae28	part_040	converted
0x17af58	200	FUN_0017af58	part_040	converted
0x17b020	268	FUN_0017b020	part_040	converted
0x17b12c	2112	FUN_0017b12c	part_040	converted
0x17b96c	748	FUN_0017b96c	part_040	converted
0x17bc58	288	FUN_0017bc58	part_040	converted
0x17bd78	500	FUN_0017bd78	part_040	converted
0x17bf70	392	FUN_0017bf70	part_040	converted
0x17c0f8	332	FUN_0017c0f8	part_040	converted
0x17c244	468	FUN_0017c244	part_040	converted
0x17c41c	136	FUN_0017c41c	part_040	converted
0x17c4a4	316	FUN_0017c4a4	part_040	converted
0x17c5e0	404	FUN_0017c5e0	part_040	converted
0x17c774	276	FUN_0017c774	part_040	converted
0x17c888	136	FUN_0017c888	part_040	converted
0x17c910	516	FUN_0017c910	part_040	converted
0x17cb14	516	FUN_0017cb14	part_040	converted
0x17cd18	164	FUN_0017cd18	part_040	converted
0x17cdbc	192	FUN_0017cdbc	part_040	converted
0x17ce7c	492	FUN_0017ce7c	part_040	converted
0x17d06c	476	FUN_0017d06c	part_040	converted
0x17d26c	392	FUN_0017d26c	part_040	converted
0x17d3f8	232	FUN_0017d3f8	part_040	converted
0x17d4e0	156	FUN_0017d4e0	part_040	converted
0x17d57c	148	FUN_0017d57c	part_040	converted
0x17d610	156	FUN_0017d610	part_040	converted
0x17d6ac	780	FUN_0017d6ac	part_040	converted
0x17d9b8	548	FUN_0017d9b8	part_040	converted
0x17dbdc	1104	FUN_0017dbdc	part_040	converted
0x17e02c	452	FUN_0017e02c	part_040	converted
0x17e1f4	324	FUN_0017e1f4	part_040	converted
0x17e338	188	FUN_0017e338	part_040	converted
0x17e3f4	608	FUN_0017e3f4	part_040	converted
0x17e658	112	FUN_0017e658	part_040	converted
0x17e6c8	280	FUN_0017e6c8	part_040	converted
0x17e7e0	972	FUN_0017e7e0	part_040	converted
0x17ebb0	660	FUN_0017ebb0	part_040	converted
0x17ee68	908	FUN_0017ee68	part_040	converted
0x17f1f8	512	FUN_0017f1f8	part_040	converted
0x17f3f8	412	FUN_0017f3f8	part_040	converted
0x17f594	8	FUN_0017f594	part_040	converted
0x17f59c	8	FUN_0017f59c	part_040	converted
0x17f5a4	488	FUN_0017f5a4	part_041	converted
0x17f78c	96	FUN_0017f78c	part_041	converted
0x17f7ec	1848	FUN_0017f7ec	part_041	converted
0x180154	888	FUN_00180154	part_041	converted
0x180250	1504	FUN_00180250	part_041	converted
0x180830	4312	FUN_00180830	part_041	converted
0x181928	140	FUN_00181928	part_041	converted
0x1819b4	252	FUN_001819b4	part_041	converted
0x181ab0	208	FUN_00181ab0	part_041	converted
0x181b80	896	FUN_00181b80	part_041	converted
0x181f00	7020	FUN_00181f00	part_041	converted
0x183ac8	212	FUN_00183ac8	part_041	converted
0x183b9c	1152	FUN_00183b9c	part_041	converted
0x18401c	256	FUN_0018401c	part_041	converted
0x18413c	2336	FUN_0018413c	part_041	converted
0x184ab4	280	FUN_00184ab4	part_041	converted
0x184bf0	232	FUN_00184bf0	part_041	converted
0x184cd8	164	FUN_00184cd8	part_041	converted
0x184d7c	372	FUN_00184d7c	part_041	converted
0x184ef0	2760	FUN_00184ef0	part_041	converted
0x1859bc	996	FUN_001859bc	part_041	converted
0x185da4	1900	FUN_00185da4	part_041	converted
0x186510	1400	FUN_00186510	part_041	converted
0x186a88	2816	FUN_00186a88	part_041	converted
0x1875a8	1328	FUN_001875a8	part_041	converted
0x187ad8	1996	FUN_00187ad8	part_041	converted
0x1882a4	408	FUN_001882a4	part_041	converted
0x18843c	1328	FUN_0018843c	part_041	converted
0x18896c	1208	FUN_0018896c	part_041	converted
0x188e24	256	FUN_00188e24	part_041	converted
0x188f24	200	FUN_00188f24	part_041	converted
0x188fec	1280	FUN_00188fec	part_041	converted
0x1894ec	116	FUN_001894ec	part_041	converted
0x189560	64	FUN_00189560	part_041	converted
0x1895a0	100	FUN_001895a0	part_041	converted
0x189604	40	FUN_00189604	part_041	converted
0x18962c	52	FUN_0018962c	part_041	converted
0x1896f8	108	FUN_001896f8	part_041	converted
0x18976c	28	FUN_0018976c	part_041	converted
0x189788	104	FUN_00189788	part_041	converted
0x1897fc	68	FUN_001897fc	part_041	converted
0x189840	364	FUN_00189840	part_041	converted
0x1899ac	568	FUN_001899ac	part_041	converted
0x189c24	188	FUN_00189c24	part_041	converted
0x189ce0	276	FUN_00189ce0	part_041	converted
0x189df4	480	FUN_00189df4	part_041	converted
0x189fd4	172	FUN_00189fd4	part_041	converted
0x18a080	364	FUN_0018a080	part_041	converted
0x18a1ec	596	FUN_0018a1ec	part_041	converted
0x18a440	2212	FUN_0018a440	part_041	converted
0x18ad08	1204	FUN_0018ad08	part_041	converted
0x18b1bc	1176	FUN_0018b1bc	part_041	converted
0x18b654	888	FUN_0018b654	part_041	converted
0x18b9cc	712	FUN_0018b9cc	part_041	converted
0x18bc94	1332	FUN_0018bc94	part_041	converted
0x18c1c8	1440	FUN_0018c1c8	part_041	converted
0x18c768	140	FUN_0018c768	part_041	converted
0x18c7f4	396	FUN_0018c7f4	part_041	converted
0x18c980	1112	FUN_0018c980	part_041	converted
0x18cdd8	1456	FUN_0018cdd8	part_041	converted
0x18d388	300	FUN_0018d388	part_042	converted
0x18d4b4	1428	FUN_0018d4b4	part_042	converted
0x18da48	116	FUN_0018da48	part_042	converted
0x18dabc	1708	FUN_0018dabc	part_042	converted
0x18e1a8	4688	FUN_0018e1a8	part_042	converted
0x18f42c	304	FUN_0018f42c	part_042	converted
0x18f55c	280	FUN_0018f55c	part_042	converted
0x18f674	432	FUN_0018f674	part_042	converted
0x18f824	44	FUN_0018f824	part_042	converted
0x18f850	200	FUN_0018f850	part_042	converted
0x18f918	108	FUN_0018f918	part_042	converted
0x18f984	596	FUN_0018f984	part_042	converted
0x18fbd8	348	FUN_0018fbd8	part_042	converted
0x18fd34	972	FUN_0018fd34	part_042	converted
0x190100	728	FUN_00190100	part_042	converted
0x1904b8	528	FUN_001904b8	part_042	converted
0x1906c8	712	FUN_001906c8	part_042	converted
0x190990	2308	FUN_00190990	part_042	converted
0x191298	724	FUN_00191298	part_042	converted
0x19156c	412	FUN_0019156c	part_042	converted
0x191710	76	FUN_00191710	part_042	converted
0x191888	184	FUN_00191888	part_042	converted
0x191940	152	FUN_00191940	part_042	converted
0x1919d8	344	FUN_001919d8	part_042	converted
0x191b30	316	FUN_00191b30	part_042	converted
0x191c7c	428	FUN_00191c7c	part_042	converted
0x191e28	196	FUN_00191e28	part_042	converted
0x1920e0	748	FUN_001920e0	part_042	converted
0x1922c4	1220	FUN_001922c4	part_042	converted
0x19286c	4308	FUN_0019286c	part_042	converted
0x193944	112	FUN_00193944	part_042	converted
0x193a00	140	FUN_00193a00	part_042	converted
0x193ae4	88	FUN_00193ae4	part_042	converted
0x193b3c	116	FUN_00193b3c	part_042	converted
0x193be8	24	FUN_00193be8	part_042	converted
0x193c00	160	FUN_00193c00	part_042	converted
0x193cc0	88	FUN_00193cc0	part_042	converted
0x193d18	124	FUN_00193d18	part_042	converted
0x193d98	128	FUN_00193d98	part_042	converted
0x193e18	92	FUN_00193e18	part_042	converted
0x193e74	68	FUN_00193e74	part_042	converted
0x193f08	24	FUN_00193f08	part_042	converted
0x193f20	36	FUN_00193f20	part_042	converted
0x193f44	32	FUN_00193f44	part_042	converted
0x193f64	16	FUN_00193f64	part_042	converted
0x193f74	32	FUN_00193f74	part_042	converted
0x193f94	16	FUN_00193f94	part_042	converted
0x193fa4	16	FUN_00193fa4	part_042	converted
0x193fb4	104	FUN_00193fb4	part_042	converted
0x19401c	24	FUN_0019401c	part_042	converted
0x194034	44	FUN_00194034	part_042	converted
0x194060	72	FUN_00194060	part_042	converted
0x1940a8	72	FUN_001940a8	part_042	converted
0x1940f0	280	FUN_001940f0	part_042	converted
0x194208	52	FUN_00194208	part_042	converted
0x19423c	152	FUN_0019423c	part_042	converted
0x1942d4	160	FUN_001942d4	part_042	converted
0x194374	124	FUN_00194374	part_042	converted
0x1943f0	276	FUN_001943f0	part_042	converted
0x194504	276	FUN_00194504	part_042	converted
0x194618	264	FUN_00194618	part_043	converted
0x194720	276	FUN_00194720	part_043	converted
0x194834	260	FUN_00194834	part_043	converted
0x194938	348	FUN_00194938	part_043	converted
0x194a94	20	FUN_00194a94	part_043	converted
0x194aa8	608	FUN_00194aa8	part_043	converted
0x194d44	224	FUN_00194d44	part_043	converted
0x194e44	608	FUN_00194e44	part_043	converted
0x1950e0	472	FUN_001950e0	part_043	converted
0x1952d8	88	FUN_001952d8	part_043	converted
0x195330	12	FUN_00195330	part_043	converted
0x19533c	16	FUN_0019533c	part_043	converted
0x19534c	108	FUN_0019534c	part_043	converted
0x1953b8	108	FUN_001953b8	part_043	converted
0x195424	56	FUN_00195424	part_043	converted
0x19545c	20	FUN_0019545c	part_043	converted
0x195474	256	FUN_00195474	part_043	converted
0x1955c0	16	FUN_001955c0	part_043	converted
0x195650	76	FUN_00195650	part_043	converted
0x19569c	76	FUN_0019569c	part_043	converted
0x19581c	260	FUN_0019581c	part_043	converted
0x19598c	112	FUN_0019598c	part_043	converted
0x1959fc	336	FUN_001959fc	part_043	converted
0x195cec	644	FUN_00195cec	part_043	converted
0x196070	320	FUN_00196070	part_043	converted
0x1961c8	296	FUN_001961c8	part_043	converted
0x196370	64	FUN_00196370	part_043	converted
0x19649c	128	FUN_0019649c	part_043	converted
0x19651c	640	FUN_0019651c	part_043	converted
0x19679c	188	FUN_0019679c	part_043	converted
0x196858	640	FUN_00196858	part_043	converted
0x196ad8	644	FUN_00196ad8	part_043	converted
0x196d5c	96	FUN_00196d5c	part_043	converted
0x196dbc	64	FUN_00196dbc	part_043	converted
0x196dfc	64	FUN_00196dfc	part_043	converted
0x196e3c	84	FUN_00196e3c	part_043	converted
0x196e90	872	FUN_00196e90	part_043	converted
0x1971f8	1652	FUN_001971f8	part_043	converted
0x19786c	672	FUN_0019786c	part_043	converted
0x197b30	692	FUN_00197b30	part_043	converted
0x197de4	232	FUN_00197de4	part_043	converted
0x197ecc	232	FUN_00197ecc	part_043	converted
0x198084	296	FUN_00198084	part_043	converted
0x1981ac	8500	FUN_001981ac	part_043	converted
0x19a2e0	16	FUN_0019a2e0	part_043	converted
0x19a368	28	FUN_0019a368	part_043	converted
0x19a384	56	FUN_0019a384	part_043	converted
0x19a3bc	172	FUN_0019a3bc	part_043	converted
0x19a538	48	FUN_0019a538	part_043	converted
0x19a568	176	FUN_0019a568	part_043	converted
0x19a618	120	FUN_0019a618	part_043	converted
0x19a6a0	80	FUN_0019a6a0	part_043	converted
0x19a6f0	192	FUN_0019a6f0	part_043	converted
0x19a7b0	92	FUN_0019a7b0	part_043	converted
0x19a80c	156	FUN_0019a80c	part_043	converted
0x19a8d4	128	FUN_0019a8d4	part_043	converted
0x19a954	92	FUN_0019a954	part_043	converted
0x19a9b0	44	FUN_0019a9b0	part_043	converted
0x19a9dc	160	FUN_0019a9dc	part_043	converted
0x19aa7c	92	FUN_0019aa7c	part_043	converted
0x19ab60	100	FUN_0019ab60	part_044	converted
0x19abc4	100	FUN_0019abc4	part_044	converted
0x19ac2c	120	FUN_0019ac2c	part_044	converted
0x19acb0	328	FUN_0019acb0	part_044	converted
0x19adf8	136	FUN_0019adf8	part_044	converted
0x19ae80	104	FUN_0019ae80	part_044	converted
0x19b03c	908	FUN_0019b03c	part_044	converted
0x19b3c8	728	FUN_0019b3c8	part_044	converted
0x19b6a0	168	FUN_0019b6a0	part_044	converted
0x19b748	192	FUN_0019b748	part_044	converted
0x19b808	180	FUN_0019b808	part_044	converted
0x19b8bc	96	FUN_0019b8bc	part_044	converted
0x19b91c	124	FUN_0019b91c	part_044	converted
0x19baf4	1596	FUN_0019baf4	part_044	converted
0x19c130	2376	FUN_0019c130	part_044	converted
0x19ca78	1916	FUN_0019ca78	part_044	converted
0x19d1f4	572	FUN_0019d1f4	part_044	converted
0x19d430	68	FUN_0019d430	part_044	converted
0x19d4e8	136	FUN_0019d4e8	part_044	converted
0x19d590	528	FUN_0019d590	part_044	converted
0x19d7a0	184	FUN_0019d7a0	part_044	converted
0x19dc48	104	FUN_0019dc48	part_044	converted
0x19dd7c	180	FUN_0019dd7c	part_044	converted
0x19deb0	144	FUN_0019deb0	part_044	converted
0x19df54	144	FUN_0019df54	part_044	converted
0x19dff8	292	FUN_0019dff8	part_044	converted
0x19e660	128	FUN_0019e660	part_044	converted
0x19e6e0	688	FUN_0019e6e0	part_044	converted
0x19e990	108	FUN_0019e990	part_044	converted
0x19e9fc	168	FUN_0019e9fc	part_044	converted
0x19eaa4	32	FUN_0019eaa4	part_044	converted
0x19eb30	172	FUN_0019eb30	part_044	converted
0x19ec88	108	FUN_0019ec88	part_044	converted
0x19ecf4	192	FUN_0019ecf4	part_044	converted
0x19ee08	108	FUN_0019ee08	part_044	converted
0x19ee74	184	FUN_0019ee74	part_044	converted
0x19ef2c	32	FUN_0019ef2c	part_044	converted
0x19ef50	324	FUN_0019ef50	part_044	converted
0x19f880	240	FUN_0019f880	part_044	converted
0x19f98c	204	FUN_0019f98c	part_044	converted
0x19fa58	300	FUN_0019fa58	part_044	converted
0x19fb84	320	FUN_0019fb84	part_044	converted
0x19fccc	292	FUN_0019fccc	part_044	converted
0x19ff2c	176	FUN_0019ff2c	part_044	converted
0x19ffdc	216	FUN_0019ffdc	part_044	converted
0x1a06c4	252	FUN_001a06c4	part_044	converted
0x1a07c0	304	FUN_001a07c0	part_044	converted
0x1a08f0	224	FUN_001a08f0	part_044	converted
0x1a09d0	364	FUN_001a09d0	part_044	converted
0x1a0b3c	1192	FUN_001a0b3c	part_044	converted
0x1a0fe4	356	FUN_001a0fe4	part_044	converted
0x1a1160	144	FUN_001a1160	part_044	converted
0x1a11f0	328	FUN_001a11f0	part_044	converted
0x1a1338	96	FUN_001a1338	part_044	converted
0x1a1398	312	FUN_001a1398	part_044	converted
0x1a158c	704	FUN_001a158c	part_044	converted
0x1a191c	560	FUN_001a191c	part_044	converted
0x1a1b64	448	FUN_001a1b64	part_044	converted
0x1a1d24	2180	FUN_001a1d24	part_044	converted
0x1a25a8	692	FUN_001a25a8	part_044	converted
0x1a2994	380	FUN_001a2994	part_045	converted
0x1a2b10	248	FUN_001a2b10	part_045	converted
0x1a2c08	264	FUN_001a2c08	part_045	converted
0x1a2d10	160	FUN_001a2d10	part_045	converted
0x1a2db0	308	FUN_001a2db0	part_045	converted
0x1a2ee4	284	FUN_001a2ee4	part_045	converted
0x1a3000	556	FUN_001a3000	part_045	converted
0x1a322c	32	FUN_001a322c	part_045	converted
0x1a324c	8	FUN_001a324c	part_045	converted
0x1a3254	4	FUN_001a3254	part_045	converted
0x1a3258	4	FUN_001a3258	part_045	converted
0x1a325c	4	FUN_001a325c	part_045	converted
0x1a3260	4	FUN_001a3260	part_045	converted
0x1a3264	24	FUN_001a3264	part_045	converted
0x1a327c	84	FUN_001a327c	part_045	converted
0x1a32d0	172	FUN_001a32d0	part_045	converted
0x1a337c	172	FUN_001a337c	part_045	converted
0x1a3428	172	FUN_001a3428	part_045	converted
0x1a34d4	172	FUN_001a34d4	part_045	converted
0x1a3580	164	FUN_001a3580	part_045	converted
0x1cd7bc	28	FUN_001cd7bc	part_045	converted
0x1cd7ec	36	FUN_001cd7ec	part_045	converted
0x1cd810	36	FUN_001cd810	part_045	converted
0x1cd834	56	FUN_001cd834	part_045	converted
0x1cd86c	68	FUN_001cd86c	part_045	converted
0x1cd8b0	88	FUN_001cd8b0	part_045	converted
0x1cd908	104	FUN_001cd908	part_045	converted
0x1cd970	84	FUN_001cd970	part_045	converted
0x1cd9c4	104	FUN_001cd9c4	part_045	converted
0x1cda2c	84	FUN_001cda2c	part_045	converted
0x1cda80	104	FUN_001cda80	part_045	converted
0x1cdae8	84	FUN_001cdae8	part_045	converted
0x1cdb3c	104	FUN_001cdb3c	part_045	converted
0x1cdba4	84	FUN_001cdba4	part_045	converted
0x1cdc64	28	FUN_001cdc64	part_045	converted
0x1cdc88	28	FUN_001cdc88	part_045	converted
0x1cdcac	28	FUN_001cdcac	part_045	converted
0x1cdcd0	28	FUN_001cdcd0	part_045	converted
0x1cdcfc	28	FUN_001cdcfc	part_045	converted
0x1cdd20	28	FUN_001cdd20	part_045	converted
0x1cdd44	28	FUN_001cdd44	part_045	converted
0x1cdd60	28	FUN_001cdd60	part_045	converted
0x1cdd84	28	FUN_001cdd84	part_045	converted
0x1cdda8	28	FUN_001cdda8	part_045	converted
0x1cddcc	28	FUN_001cddcc	part_045	converted
0x1cddf0	28	FUN_001cddf0	part_045	converted
0x1cde18	28	FUN_001cde18	part_045	converted
0x1cde34	104	FUN_001cde34	part_045	converted
0x1cde9c	36	FUN_001cde9c	part_045	converted
0x1cdec0	104	FUN_001cdec0	part_045	converted
0x1cdf28	36	FUN_001cdf28	part_045	converted
0x1cdf4c	104	FUN_001cdf4c	part_045	converted
0x1cdfb4	36	FUN_001cdfb4	part_045	converted
0x1cdfd8	104	FUN_001cdfd8	part_045	converted
0x1ce040	36	FUN_001ce040	part_045	converted
0x1ce064	104	FUN_001ce064	part_045	converted
0x1ce0cc	36	FUN_001ce0cc	part_045	converted
0x1ce0f0	104	FUN_001ce0f0	part_045	converted
0x1ce158	36	FUN_001ce158	part_045	converted
0x1ce17c	104	FUN_001ce17c	part_045	converted
0x1ce1e4	36	FUN_001ce1e4	part_046	converted
0x1ce208	104	FUN_001ce208	part_046	converted
0x1ce270	36	FUN_001ce270	part_046	converted
0x1ce294	104	FUN_001ce294	part_046	converted
0x1ce2fc	36	FUN_001ce2fc	part_046	converted
0x1ce320	104	FUN_001ce320	part_046	converted
0x1ce388	36	FUN_001ce388	part_046	converted
0x1ce3ac	104	FUN_001ce3ac	part_046	converted
0x1ce414	120	FUN_001ce414	part_046	converted
0x1ce48c	36	FUN_001ce48c	part_046	converted
0x1ce4b0	104	FUN_001ce4b0	part_046	converted
0x1ce518	36	FUN_001ce518	part_046	converted
0x1ce53c	52	FUN_001ce53c	part_046	converted
0x1ce570	120	FUN_001ce570	part_046	converted
0x1ce5e8	52	FUN_001ce5e8	part_046	converted
0x1ce6b4	28	FUN_001ce6b4	part_046	converted
0x1ce6d8	28	FUN_001ce6d8	part_046	converted
0x1ce6fc	28	FUN_001ce6fc	part_046	converted
0x1ce718	28	FUN_001ce718	part_046	converted
0x1ce734	28	FUN_001ce734	part_046	converted
0x1ce750	28	FUN_001ce750	part_046	converted
0x1ce774	28	FUN_001ce774	part_046	converted
0x1ce798	28	FUN_001ce798	part_046	converted
0x1ce7b4	28	FUN_001ce7b4	part_046	converted
0x1ce7d8	28	FUN_001ce7d8	part_046	converted
0x1ce800	28	FUN_001ce800	part_046	converted
0x1ce81c	28	FUN_001ce81c	part_046	converted
0x1ce860	28	FUN_001ce860	part_046	converted
0x1ce894	28	FUN_001ce894	part_046	converted
0x1ce8d8	28	FUN_001ce8d8	part_046	converted
0x1ce91c	28	FUN_001ce91c	part_046	converted
0x1ce95c	28	FUN_001ce95c	part_046	converted
0x1ce9b4	28	FUN_001ce9b4	part_046	converted
0x1cea24	28	FUN_001cea24	part_046	converted
0x1cebb4	28	FUN_001cebb4	part_046	converted
0x1cebe4	28	FUN_001cebe4	part_046	converted
0x1cec50	28	FUN_001cec50	part_046	converted
0x1cecc0	52	FUN_001cecc0	part_046	converted
0x1cecf4	72	FUN_001cecf4	part_046	converted
0x1ced3c	52	FUN_001ced3c	part_046	converted
0x1ced70	72	FUN_001ced70	part_046	converted
0x1cedb8	52	FUN_001cedb8	part_046	converted
0x1cedec	72	FUN_001cedec	part_046	converted
0x1cee34	72	FUN_001cee34	part_046	converted
0x1cee7c	72	FUN_001cee7c	part_046	converted
0x1ceec4	72	FUN_001ceec4	part_046	converted
0x1cef0c	52	FUN_001cef0c	part_046	converted
0x1cef40	52	FUN_001cef40	part_046	converted
0x1cef74	72	FUN_001cef74	part_046	converted
0x1cefbc	52	FUN_001cefbc	part_046	converted
0x1ceff0	72	FUN_001ceff0	part_046	converted
0x1cf038	52	FUN_001cf038	part_046	converted
0x1cf06c	72	FUN_001cf06c	part_046	converted
0x1cf0b4	52	FUN_001cf0b4	part_046	converted
0x1cf0e8	72	FUN_001cf0e8	part_046	converted
0x1cf130	72	FUN_001cf130	part_046	converted
0x1cf178	52	FUN_001cf178	part_046	converted
0x1cf1ac	72	FUN_001cf1ac	part_046	converted
0x1cf1f4	52	FUN_001cf1f4	part_046	converted
0x1cf228	72	FUN_001cf228	part_046	converted
0x1cf270	52	FUN_001cf270	part_047	converted
0x1cf2a4	72	FUN_001cf2a4	part_047	converted
0x1cf2ec	52	FUN_001cf2ec	part_047	converted
0x1cf320	72	FUN_001cf320	part_047	converted
0x1cf368	52	FUN_001cf368	part_047	converted
0x1cf39c	72	FUN_001cf39c	part_047	converted
0x1cf3e4	52	FUN_001cf3e4	part_047	converted
0x1cf418	52	FUN_001cf418	part_047	converted
0x1cf44c	72	FUN_001cf44c	part_047	converted
0x1cf494	52	FUN_001cf494	part_047	converted
0x1cf4c8	72	FUN_001cf4c8	part_047	converted
0x1cf510	52	FUN_001cf510	part_047	converted
0x1cf544	72	FUN_001cf544	part_047	converted
0x1cf58c	52	FUN_001cf58c	part_047	converted
0x1cf5c0	72	FUN_001cf5c0	part_047	converted
0x1cf608	52	FUN_001cf608	part_047	converted
0x1cf63c	52	FUN_001cf63c	part_047	converted
0x1cf670	72	FUN_001cf670	part_047	converted
0x1cf6b8	52	FUN_001cf6b8	part_047	converted
0x1cf6ec	72	FUN_001cf6ec	part_047	converted
0x1cf734	52	FUN_001cf734	part_047	converted
0x1cf768	72	FUN_001cf768	part_047	converted
0x1cf7b0	52	FUN_001cf7b0	part_047	converted
0x1cf7e4	72	FUN_001cf7e4	part_047	converted
0x1cf82c	52	FUN_001cf82c	part_047	converted
0x1cf860	72	FUN_001cf860	part_047	converted
0x1cf8a8	52	FUN_001cf8a8	part_047	converted
0x1cf8dc	72	FUN_001cf8dc	part_047	converted
0x1cf924	52	FUN_001cf924	part_047	converted
0x1cf958	52	FUN_001cf958	part_047	converted
0x1cf98c	72	FUN_001cf98c	part_047	converted
0x1cf9d4	52	FUN_001cf9d4	part_047	converted
0x1cfa08	72	FUN_001cfa08	part_047	converted
0x1cfa50	52	FUN_001cfa50	part_047	converted
0x1cfa84	72	FUN_001cfa84	part_047	converted
0x1cfacc	52	FUN_001cfacc	part_047	converted
0x1cfb00	72	FUN_001cfb00	part_047	converted
0x1cfb48	52	FUN_001cfb48	part_047	converted
0x1cfb7c	72	FUN_001cfb7c	part_047	converted
0x1cfbc4	52	FUN_001cfbc4	part_047	converted
0x1cfbf8	72	FUN_001cfbf8	part_047	converted
0x1cfc40	52	FUN_001cfc40	part_047	converted
0x1cfc74	72	FUN_001cfc74	part_047	converted
0x1cfcbc	52	FUN_001cfcbc	part_047	converted
0x1cfcf0	72	FUN_001cfcf0	part_047	converted
0x1cfd38	52	FUN_001cfd38	part_047	converted
0x1cfd6c	72	FUN_001cfd6c	part_047	converted
0x1cfdb4	52	FUN_001cfdb4	part_047	converted
0x1cfde8	72	FUN_001cfde8	part_047	converted
0x1cfe30	52	FUN_001cfe30	part_047	converted
0x1cfe64	72	FUN_001cfe64	part_047	converted
0x1cfeac	52	FUN_001cfeac	part_047	converted
0x1cfee0	72	FUN_001cfee0	part_047	converted
0x1cff28	52	FUN_001cff28	part_047	converted
0x1cff5c	72	FUN_001cff5c	part_047	converted
0x1cffa4	36	FUN_001cffa4	part_047	converted
0x1cffc8	36	FUN_001cffc8	part_047	converted
0x1d0000	32	FUN_001d0000	part_047	converted
0x1d0070	32	FUN_001d0070	part_047	converted
0x1d014c	32	FUN_001d014c	part_047	converted
0x1d01b0	36	FUN_001d01b0	part_048	converted
0x1d01d4	36	FUN_001d01d4	part_048	converted
0x1d0208	36	FUN_001d0208	part_048	converted
0x1d022c	36	FUN_001d022c	part_048	converted
0x1d0278	288	FUN_001d0278	part_048	converted
0x1d05b0	144	FUN_001d05b0	part_048	converted
0x1d0640	172	FUN_001d0640	part_048	converted
0x1d06ec	112	FUN_001d06ec	part_048	converted
0x1d075c	56	FUN_001d075c	part_048	converted
0x1d0794	140	FUN_001d0794	part_048	converted
0x1d0820	100	FUN_001d0820	part_048	converted
0x1d0884	100	FUN_001d0884	part_048	converted
0x1d08e8	68	FUN_001d08e8	part_048	converted
0x1d092c	64	FUN_001d092c	part_048	converted
0x1d09b4	72	FUN_001d09b4	part_048	converted
0x1d09fc	60	FUN_001d09fc	part_048	converted
0x1d0a38	76	FUN_001d0a38	part_048	converted
0x1d0a84	108	FUN_001d0a84	part_048	converted
0x1d0af0	124	FUN_001d0af0	part_048	converted
0x1d0b94	104	FUN_001d0b94	part_048	converted
0x1d0bfc	60	FUN_001d0bfc	part_048	converted
0x1d0c38	64	FUN_001d0c38	part_048	converted
0x1d0c78	60	FUN_001d0c78	part_048	converted
0x1d0cd8	68	FUN_001d0cd8	part_048	converted
0x1d0e0c	212	FUN_001d0e0c	part_048	converted
0x1d0ee0	72	FUN_001d0ee0	part_048	converted
0x1d0f28	68	FUN_001d0f28	part_048	converted
0x1d0f6c	68	FUN_001d0f6c	part_048	converted
0x1d0fb0	68	FUN_001d0fb0	part_048	converted
0x1d0ff4	68	FUN_001d0ff4	part_048	converted
0x1d1038	68	FUN_001d1038	part_048	converted
0x1d107c	68	FUN_001d107c	part_048	converted
0x1d10c0	68	FUN_001d10c0	part_048	converted
0x1d1104	68	FUN_001d1104	part_048	converted
0x1d1148	68	FUN_001d1148	part_048	converted
0x1d118c	68	FUN_001d118c	part_048	converted
0x1d11d0	68	FUN_001d11d0	part_048	converted
0x1d1214	68	FUN_001d1214	part_048	converted
0x1d1258	68	FUN_001d1258	part_048	converted
0x1d129c	68	FUN_001d129c	part_048	converted
0x1d12e0	68	FUN_001d12e0	part_048	converted
0x1d1324	68	FUN_001d1324	part_048	converted
0x1d1368	68	FUN_001d1368	part_048	converted
0x1d13ac	68	FUN_001d13ac	part_048	converted
0x1d13f0	68	FUN_001d13f0	part_048	converted
0x1d1434	68	FUN_001d1434	part_048	converted
0x1d1478	68	FUN_001d1478	part_048	converted
0x1d14bc	68	FUN_001d14bc	part_048	converted
0x1d1500	68	FUN_001d1500	part_048	converted
0x1d1544	68	FUN_001d1544	part_048	converted
0x1d1588	52	FUN_001d1588	part_048	converted
0x1d15bc	52	FUN_001d15bc	part_048	converted
0x1d15f0	52	FUN_001d15f0	part_048	converted
0x1d1624	52	FUN_001d1624	part_048	converted
0x1d1658	52	FUN_001d1658	part_048	converted
0x1d168c	52	FUN_001d168c	part_048	converted
0x1d16c0	52	FUN_001d16c0	part_048	converted
0x1d16f4	52	FUN_001d16f4	part_048	converted
0x1d1728	52	FUN_001d1728	part_048	converted
0x1d175c	52	FUN_001d175c	part_048	converted
0x1d1790	52	FUN_001d1790	part_049	converted
0x1d17c4	52	FUN_001d17c4	part_049	converted
0x1d17f8	52	FUN_001d17f8	part_049	converted
0x1d182c	52	FUN_001d182c	part_049	converted
0x1d1860	52	FUN_001d1860	part_049	converted
0x1d1894	52	FUN_001d1894	part_049	converted
0x1d18c8	52	FUN_001d18c8	part_049	converted
0x1d18fc	52	FUN_001d18fc	part_049	converted
0x1d1930	52	FUN_001d1930	part_049	converted
0x1d1964	52	FUN_001d1964	part_049	converted
0x1d1998	52	FUN_001d1998	part_049	converted
0x1d19cc	52	FUN_001d19cc	part_049	converted
0x1d1a00	52	FUN_001d1a00	part_049	converted
0x1d1a34	52	FUN_001d1a34	part_049	converted
0x1d1a68	52	FUN_001d1a68	part_049	converted
0x1d1a9c	52	FUN_001d1a9c	part_049	converted
0x1d1ad0	52	FUN_001d1ad0	part_049	converted
0x1d1b04	52	FUN_001d1b04	part_049	converted
0x1d1b38	52	FUN_001d1b38	part_049	converted
0x1d1b6c	52	FUN_001d1b6c	part_049	converted
0x1d1ba0	52	FUN_001d1ba0	part_049	converted
0x1d1bd4	52	FUN_001d1bd4	part_049	converted
0x1d1c08	52	FUN_001d1c08	part_049	converted
0x1d1c3c	52	FUN_001d1c3c	part_049	converted
0x1d1c70	52	FUN_001d1c70	part_049	converted
0x1d1ca4	52	FUN_001d1ca4	part_049	converted
0x1d1cd8	52	FUN_001d1cd8	part_049	converted
0x1d1d0c	52	FUN_001d1d0c	part_049	converted
0x1d1d40	52	FUN_001d1d40	part_049	converted
0x1d1d74	52	FUN_001d1d74	part_049	converted
0x1d1da8	52	FUN_001d1da8	part_049	converted
0x1d1ddc	52	FUN_001d1ddc	part_049	converted
0x1d1e10	52	FUN_001d1e10	part_049	converted
0x1d1e44	52	FUN_001d1e44	part_049	converted
0x1d1e78	52	FUN_001d1e78	part_049	converted
0x1d1eac	52	FUN_001d1eac	part_049	converted
0x1d1ee0	52	FUN_001d1ee0	part_049	converted
0x1d1f14	52	FUN_001d1f14	part_049	converted
0x1d1f48	52	FUN_001d1f48	part_049	converted
0x1d1f7c	52	FUN_001d1f7c	part_049	converted
0x1d1fb0	52	FUN_001d1fb0	part_049	converted
0x1d1fe4	52	FUN_001d1fe4	part_049	converted
0x1d2018	52	FUN_001d2018	part_049	converted
0x1d204c	52	FUN_001d204c	part_049	converted
0x1d2080	52	FUN_001d2080	part_049	converted
0x1d20b4	52	FUN_001d20b4	part_049	converted
0x1d20e8	52	FUN_001d20e8	part_049	converted
0x1d211c	52	FUN_001d211c	part_049	converted
0x1d2150	52	FUN_001d2150	part_049	converted
0x1d2184	52	FUN_001d2184	part_049	converted
0x1d21b8	52	FUN_001d21b8	part_049	converted
0x1d21ec	52	FUN_001d21ec	part_049	converted
0x1d2220	52	FUN_001d2220	part_049	converted
0x1d2254	52	FUN_001d2254	part_049	converted
0x1d2288	52	FUN_001d2288	part_049	converted
0x1d22bc	52	FUN_001d22bc	part_049	converted
0x1d22f0	52	FUN_001d22f0	part_049	converted
0x1d2324	52	FUN_001d2324	part_049	converted
0x1d2358	52	FUN_001d2358	part_049	converted
0x1d238c	52	FUN_001d238c	part_049	converted
0x1d23c0	52	FUN_001d23c0	part_050	converted
0x1d23f4	52	FUN_001d23f4	part_050	converted
0x1d2428	52	FUN_001d2428	part_050	converted
0x1d245c	52	FUN_001d245c	part_050	converted
0x1d2490	52	FUN_001d2490	part_050	converted
0x1d24c4	52	FUN_001d24c4	part_050	converted
0x1d24f8	52	FUN_001d24f8	part_050	converted
0x1d252c	52	FUN_001d252c	part_050	converted
0x1d2560	52	FUN_001d2560	part_050	converted
0x1d2594	52	FUN_001d2594	part_050	converted
0x1d25c8	52	FUN_001d25c8	part_050	converted
0x1d25fc	52	FUN_001d25fc	part_050	converted
0x1d2630	52	FUN_001d2630	part_050	converted
0x1d2664	52	FUN_001d2664	part_050	converted
0x1d2698	52	FUN_001d2698	part_050	converted
0x1d26cc	52	FUN_001d26cc	part_050	converted
0x1d2700	52	FUN_001d2700	part_050	converted
0x1d2734	52	FUN_001d2734	part_050	converted
0x1d2768	52	FUN_001d2768	part_050	converted
0x1d279c	52	FUN_001d279c	part_050	converted
0x1d27d0	52	FUN_001d27d0	part_050	converted
0x1d2804	52	FUN_001d2804	part_050	converted
0x1d2838	52	FUN_001d2838	part_050	converted
0x1d286c	52	FUN_001d286c	part_050	converted
0x1d28a0	52	FUN_001d28a0	part_050	converted
0x1d28d4	52	FUN_001d28d4	part_050	converted
0x1d2908	52	FUN_001d2908	part_050	converted
0x1d293c	52	FUN_001d293c	part_050	converted
0x1d2970	52	FUN_001d2970	part_050	converted
0x1d29a4	52	FUN_001d29a4	part_050	converted
0x1d29d8	52	FUN_001d29d8	part_050	converted
0x1d2a0c	52	FUN_001d2a0c	part_050	converted
0x1d2a40	52	FUN_001d2a40	part_050	converted
0x1d2a74	52	FUN_001d2a74	part_050	converted
0x1d2aa8	52	FUN_001d2aa8	part_050	converted
0x1d2adc	52	FUN_001d2adc	part_050	converted
0x1d2b10	52	FUN_001d2b10	part_050	converted
0x1d2b44	52	FUN_001d2b44	part_050	converted
0x1d2b78	52	FUN_001d2b78	part_050	converted
0x1d2bac	52	FUN_001d2bac	part_050	converted
0x1d2be0	52	FUN_001d2be0	part_050	converted
0x1d2c14	52	FUN_001d2c14	part_050	converted
0x1d2c48	52	FUN_001d2c48	part_050	converted
0x1d2c7c	52	FUN_001d2c7c	part_050	converted
0x1d2cb0	52	FUN_001d2cb0	part_050	converted
0x1d2ce4	52	FUN_001d2ce4	part_050	converted
0x1d2d18	52	FUN_001d2d18	part_050	converted
0x1d2d4c	52	FUN_001d2d4c	part_050	converted
0x1d2d80	52	FUN_001d2d80	part_050	converted
0x1d2db4	52	FUN_001d2db4	part_050	converted
0x1d2de8	52	FUN_001d2de8	part_050	converted
0x1d2e1c	52	FUN_001d2e1c	part_050	converted
0x1d2e50	52	FUN_001d2e50	part_050	converted
0x1d2e84	52	FUN_001d2e84	part_050	converted
0x1d2eb8	52	FUN_001d2eb8	part_050	converted
0x1d2eec	52	FUN_001d2eec	part_050	converted
0x1d2f20	52	FUN_001d2f20	part_050	converted
0x1d2f54	52	FUN_001d2f54	part_050	converted
0x1d2f88	52	FUN_001d2f88	part_050	converted
0x1d2fbc	52	FUN_001d2fbc	part_050	converted
0x1d2ff0	52	FUN_001d2ff0	part_051	converted
0x1d3024	52	FUN_001d3024	part_051	converted
0x1d3058	52	FUN_001d3058	part_051	converted
0x1d308c	52	FUN_001d308c	part_051	converted
0x1d30c0	52	FUN_001d30c0	part_051	converted
0x1d30f4	52	FUN_001d30f4	part_051	converted
0x1d3128	52	FUN_001d3128	part_051	converted
0x1d315c	52	FUN_001d315c	part_051	converted
0x1d3190	52	FUN_001d3190	part_051	converted
0x1d31c4	52	FUN_001d31c4	part_051	converted
0x1d31f8	52	FUN_001d31f8	part_051	converted
0x1d322c	52	FUN_001d322c	part_051	converted
0x1d3260	52	FUN_001d3260	part_051	converted
0x1d3294	52	FUN_001d3294	part_051	converted
0x1d32c8	52	FUN_001d32c8	part_051	converted
0x1d32fc	52	FUN_001d32fc	part_051	converted
0x1d3330	52	FUN_001d3330	part_051	converted
0x1d3364	52	FUN_001d3364	part_051	converted
0x1d3398	52	FUN_001d3398	part_051	converted
0x1d33cc	52	FUN_001d33cc	part_051	converted
0x1d3400	52	FUN_001d3400	part_051	converted
0x1d3434	52	FUN_001d3434	part_051	converted
0x1d3468	52	FUN_001d3468	part_051	converted
0x1d349c	52	FUN_001d349c	part_051	converted
0x1d34d0	52	FUN_001d34d0	part_051	converted
0x1d3504	52	FUN_001d3504	part_051	converted
0x1d3538	52	FUN_001d3538	part_051	converted
0x1d356c	52	FUN_001d356c	part_051	converted
0x1d35a0	52	FUN_001d35a0	part_051	converted
0x1d35d4	52	FUN_001d35d4	part_051	converted
0x1d3608	52	FUN_001d3608	part_051	converted
0x1d363c	52	FUN_001d363c	part_051	converted
0x1d3670	52	FUN_001d3670	part_051	converted
0x1d36a4	52	FUN_001d36a4	part_051	converted
0x1d36d8	52	FUN_001d36d8	part_051	converted
0x1d370c	52	FUN_001d370c	part_051	converted
0x1d3740	52	FUN_001d3740	part_051	converted
0x1d3774	52	FUN_001d3774	part_051	converted
0x1d37a8	52	FUN_001d37a8	part_051	converted
0x1d37dc	52	FUN_001d37dc	part_051	converted
0x1d3810	52	FUN_001d3810	part_051	converted
0x1d3844	52	FUN_001d3844	part_051	converted
0x1d3878	52	FUN_001d3878	part_051	converted
0x1d38ac	52	FUN_001d38ac	part_051	converted
0x1d38e0	52	FUN_001d38e0	part_051	converted
0x1d3914	52	FUN_001d3914	part_051	converted
0x1d3948	52	FUN_001d3948	part_051	converted
0x1d397c	52	FUN_001d397c	part_051	converted
0x1d39b0	52	FUN_001d39b0	part_051	converted
0x1d39e4	52	FUN_001d39e4	part_051	converted
0x1d3a18	52	FUN_001d3a18	part_051	converted
0x1d3a4c	52	FUN_001d3a4c	part_051	converted
0x1d3a80	52	FUN_001d3a80	part_051	converted
0x1d3ab4	52	FUN_001d3ab4	part_051	converted
0x1d3ae8	52	FUN_001d3ae8	part_051	converted
0x1d3b1c	52	FUN_001d3b1c	part_051	converted
0x1d3b50	52	FUN_001d3b50	part_051	converted
0x1d3b84	52	FUN_001d3b84	part_051	converted
0x1d3bb8	52	FUN_001d3bb8	part_051	converted
0x1d3bec	52	FUN_001d3bec	part_051	converted
0x1d3c20	52	FUN_001d3c20	part_052	converted
0x1d3c54	52	FUN_001d3c54	part_052	converted
0x1d3c88	52	FUN_001d3c88	part_052	converted
0x1d3cbc	52	FUN_001d3cbc	part_052	converted
0x1d3cf0	52	FUN_001d3cf0	part_052	converted
0x1d3d24	52	FUN_001d3d24	part_052	converted
0x1d3d58	52	FUN_001d3d58	part_052	converted
0x1d3d8c	52	FUN_001d3d8c	part_052	converted
0x1d3dc0	52	FUN_001d3dc0	part_052	converted
0x1d3df4	52	FUN_001d3df4	part_052	converted
0x1d3e28	52	FUN_001d3e28	part_052	converted
0x1d3e5c	52	FUN_001d3e5c	part_052	converted
0x1d3e90	52	FUN_001d3e90	part_052	converted
0x1d3ec4	52	FUN_001d3ec4	part_052	converted
0x1d3ef8	52	FUN_001d3ef8	part_052	converted
0x1d3f2c	52	FUN_001d3f2c	part_052	converted
0x1d3f60	52	FUN_001d3f60	part_052	converted
0x1d3f94	52	FUN_001d3f94	part_052	converted
0x1d3fc8	52	FUN_001d3fc8	part_052	converted
0x1d3ffc	52	FUN_001d3ffc	part_052	converted
0x1d4030	52	FUN_001d4030	part_052	converted
0x1d4064	52	FUN_001d4064	part_052	converted
0x1d4098	52	FUN_001d4098	part_052	converted
0x1d40cc	52	FUN_001d40cc	part_052	converted
0x1d4100	52	FUN_001d4100	part_052	converted
0x1d4134	52	FUN_001d4134	part_052	converted
0x1d4168	52	FUN_001d4168	part_052	converted
0x1d419c	52	FUN_001d419c	part_052	converted
0x1d41d0	52	FUN_001d41d0	part_052	converted
0x1d4204	52	FUN_001d4204	part_052	converted
0x1d4238	52	FUN_001d4238	part_052	converted
0x1d426c	52	FUN_001d426c	part_052	converted
0x1d42a0	52	FUN_001d42a0	part_052	converted
0x1d42d4	52	FUN_001d42d4	part_052	converted
0x1d4308	52	FUN_001d4308	part_052	converted
0x1d433c	52	FUN_001d433c	part_052	converted
0x1d4370	52	FUN_001d4370	part_052	converted
0x1d43a4	52	FUN_001d43a4	part_052	converted
0x1d43d8	52	FUN_001d43d8	part_052	converted
0x1d440c	52	FUN_001d440c	part_052	converted
0x1d4440	52	FUN_001d4440	part_052	converted
0x1d4474	52	FUN_001d4474	part_052	converted
0x1d44a8	52	FUN_001d44a8	part_052	converted
0x1d44dc	52	FUN_001d44dc	part_052	converted
0x1d4510	52	FUN_001d4510	part_052	converted
0x1d4544	52	FUN_001d4544	part_052	converted
0x1d4578	52	FUN_001d4578	part_052	converted
0x1d45ac	52	FUN_001d45ac	part_052	converted
0x1d45e0	52	FUN_001d45e0	part_052	converted
0x1d4614	52	FUN_001d4614	part_052	converted
0x1d4648	52	FUN_001d4648	part_052	converted
0x1d467c	52	FUN_001d467c	part_052	converted
0x1d46b0	52	FUN_001d46b0	part_052	converted
0x1d46e4	52	FUN_001d46e4	part_052	converted
0x1d4718	52	FUN_001d4718	part_052	converted
0x1d474c	52	FUN_001d474c	part_052	converted
0x1d4780	52	FUN_001d4780	part_052	converted
0x1d47b4	52	FUN_001d47b4	part_052	converted
0x1d47e8	52	FUN_001d47e8	part_052	converted
0x1d481c	52	FUN_001d481c	part_052	converted
0x1d4850	52	FUN_001d4850	part_053	converted
0x1d4884	52	FUN_001d4884	part_053	converted
0x1d48b8	52	FUN_001d48b8	part_053	converted
0x1d48ec	52	FUN_001d48ec	part_053	converted
0x1d4920	52	FUN_001d4920	part_053	converted
0x1d4954	52	FUN_001d4954	part_053	converted
0x1d4988	52	FUN_001d4988	part_053	converted
0x1d49bc	52	FUN_001d49bc	part_053	converted
0x1d49f0	52	FUN_001d49f0	part_053	converted
0x1d4a24	52	FUN_001d4a24	part_053	converted
0x1d4a58	52	FUN_001d4a58	part_053	converted
0x1d4a8c	52	FUN_001d4a8c	part_053	converted
0x1d4ac0	52	FUN_001d4ac0	part_053	converted
0x1d4af4	52	FUN_001d4af4	part_053	converted
0x1d4b28	52	FUN_001d4b28	part_053	converted
0x1d4b5c	52	FUN_001d4b5c	part_053	converted
0x1d4b90	52	FUN_001d4b90	part_053	converted
0x1d4bc4	52	FUN_001d4bc4	part_053	converted
0x1d4bf8	52	FUN_001d4bf8	part_053	converted
0x1d4c2c	52	FUN_001d4c2c	part_053	converted
0x1d4c60	52	FUN_001d4c60	part_053	converted
0x1d4c94	52	FUN_001d4c94	part_053	converted
0x1d4cc8	52	FUN_001d4cc8	part_053	converted
0x1d4cfc	52	FUN_001d4cfc	part_053	converted
0x1d4d30	52	FUN_001d4d30	part_053	converted
0x1d4d64	52	FUN_001d4d64	part_053	converted
0x1d4d98	52	FUN_001d4d98	part_053	converted
0x1d4dcc	52	FUN_001d4dcc	part_053	converted
0x1d4e00	52	FUN_001d4e00	part_053	converted
0x1d4e34	52	FUN_001d4e34	part_053	converted
0x1d4e68	52	FUN_001d4e68	part_053	converted
0x1d4e9c	52	FUN_001d4e9c	part_053	converted
0x1d4ed0	52	FUN_001d4ed0	part_053	converted
0x1d4f04	52	FUN_001d4f04	part_053	converted
0x1d4f38	52	FUN_001d4f38	part_053	converted
0x1d4f6c	52	FUN_001d4f6c	part_053	converted
0x1d4fa0	52	FUN_001d4fa0	part_053	converted
0x1d4fd4	52	FUN_001d4fd4	part_053	converted
0x1d5008	52	FUN_001d5008	part_053	converted
0x1d503c	52	FUN_001d503c	part_053	converted
0x1d5070	52	FUN_001d5070	part_053	converted
0x1d50a4	52	FUN_001d50a4	part_053	converted
0x1d50d8	52	FUN_001d50d8	part_053	converted
0x1d510c	52	FUN_001d510c	part_053	converted
0x1d5140	52	FUN_001d5140	part_053	converted
0x1d5174	52	FUN_001d5174	part_053	converted
0x1d51a8	52	FUN_001d51a8	part_053	converted
0x1d51dc	52	FUN_001d51dc	part_053	converted
0x1d5210	52	FUN_001d5210	part_053	converted
0x1d5244	52	FUN_001d5244	part_053	converted
0x1d5278	52	FUN_001d5278	part_053	converted
0x1d52ac	52	FUN_001d52ac	part_053	converted
0x1d52e0	52	FUN_001d52e0	part_053	converted
0x1d5314	52	FUN_001d5314	part_053	converted
0x1d5348	52	FUN_001d5348	part_053	converted
0x1d537c	52	FUN_001d537c	part_053	converted
0x1d53b0	52	FUN_001d53b0	part_053	converted
0x1d53e4	52	FUN_001d53e4	part_053	converted
0x1d5418	52	FUN_001d5418	part_053	converted
0x1d544c	52	FUN_001d544c	part_053	converted
0x1d5480	52	FUN_001d5480	part_054	converted
0x1d54b4	52	FUN_001d54b4	part_054	converted
0x1d54e8	52	FUN_001d54e8	part_054	converted
0x1d551c	52	FUN_001d551c	part_054	converted
0x1d5550	52	FUN_001d5550	part_054	converted
0x1d5584	52	FUN_001d5584	part_054	converted
0x1d55b8	52	FUN_001d55b8	part_054	converted
0x1d55ec	52	FUN_001d55ec	part_054	converted
0x1d5620	52	FUN_001d5620	part_054	converted
0x1d5654	52	FUN_001d5654	part_054	converted
0x1d5688	52	FUN_001d5688	part_054	converted
0x1d56bc	52	FUN_001d56bc	part_054	converted
0x1d56f0	52	FUN_001d56f0	part_054	converted
0x1d5724	52	FUN_001d5724	part_054	converted
0x1d5758	52	FUN_001d5758	part_054	converted
0x1d578c	52	FUN_001d578c	part_054	converted
0x1d57c0	52	FUN_001d57c0	part_054	converted
0x1d57f4	52	FUN_001d57f4	part_054	converted
0x1d5828	52	FUN_001d5828	part_054	converted
0x1d585c	52	FUN_001d585c	part_054	converted
0x1d5890	52	FUN_001d5890	part_054	converted
0x1d58c4	52	FUN_001d58c4	part_054	converted
0x1d58f8	52	FUN_001d58f8	part_054	converted
0x1d592c	52	FUN_001d592c	part_054	converted
0x1d5960	52	FUN_001d5960	part_054	converted
0x1d5994	52	FUN_001d5994	part_054	converted
0x1d59c8	52	FUN_001d59c8	part_054	converted
0x1d59fc	52	FUN_001d59fc	part_054	converted
0x1d5a30	52	FUN_001d5a30	part_054	converted
0x1d5a64	52	FUN_001d5a64	part_054	converted
0x1d5a98	52	FUN_001d5a98	part_054	converted
0x1d5acc	52	FUN_001d5acc	part_054	converted
0x1d5b00	52	FUN_001d5b00	part_054	converted
0x1d5b34	52	FUN_001d5b34	part_054	converted
0x1d5b68	52	FUN_001d5b68	part_054	converted
0x1d5b9c	52	FUN_001d5b9c	part_054	converted
0x1d5bd0	52	FUN_001d5bd0	part_054	converted
0x1d5c04	52	FUN_001d5c04	part_054	converted
0x1d5c38	52	FUN_001d5c38	part_054	converted
0x1d5c6c	52	FUN_001d5c6c	part_054	converted
0x1d5ca0	52	FUN_001d5ca0	part_054	converted
0x1d5cd4	52	FUN_001d5cd4	part_054	converted
0x1d5d08	52	FUN_001d5d08	part_054	converted
0x1d5d3c	52	FUN_001d5d3c	part_054	converted
0x1d5d70	52	FUN_001d5d70	part_054	converted
0x1d5da4	52	FUN_001d5da4	part_054	converted
0x1d5dd8	52	FUN_001d5dd8	part_054	converted
0x1d5e0c	52	FUN_001d5e0c	part_054	converted
0x1d5e40	52	FUN_001d5e40	part_054	converted
0x1d5e74	52	FUN_001d5e74	part_054	converted
0x1d5ea8	52	FUN_001d5ea8	part_054	converted
0x1d5edc	52	FUN_001d5edc	part_054	converted
0x1d5f10	52	FUN_001d5f10	part_054	converted
0x1d5f44	52	FUN_001d5f44	part_054	converted
0x1d5f78	52	FUN_001d5f78	part_054	converted
0x1d5fac	52	FUN_001d5fac	part_054	converted
0x1d5fe0	52	FUN_001d5fe0	part_054	converted
0x1d6014	52	FUN_001d6014	part_054	converted
0x1d6048	52	FUN_001d6048	part_054	converted
0x1d607c	52	FUN_001d607c	part_054	converted
0x1d60b0	52	FUN_001d60b0	part_055	converted
0x1d60e4	52	FUN_001d60e4	part_055	converted
0x1d6118	52	FUN_001d6118	part_055	converted
0x1d614c	52	FUN_001d614c	part_055	converted
0x1d6180	52	FUN_001d6180	part_055	converted
0x1d61b4	52	FUN_001d61b4	part_055	converted
0x1d61e8	52	FUN_001d61e8	part_055	converted
0x1d621c	52	FUN_001d621c	part_055	converted
0x1d6250	52	FUN_001d6250	part_055	converted
0x1d6284	52	FUN_001d6284	part_055	converted
0x1d62b8	52	FUN_001d62b8	part_055	converted
0x1d62ec	52	FUN_001d62ec	part_055	converted
0x1d6320	52	FUN_001d6320	part_055	converted
0x1d6354	52	FUN_001d6354	part_055	converted
0x1d6388	52	FUN_001d6388	part_055	converted
0x1d63bc	52	FUN_001d63bc	part_055	converted
0x1d63f0	52	FUN_001d63f0	part_055	converted
0x1d6424	52	FUN_001d6424	part_055	converted
0x1d6458	52	FUN_001d6458	part_055	converted
0x1d648c	52	FUN_001d648c	part_055	converted
0x1d64c0	52	FUN_001d64c0	part_055	converted
0x1d64f4	52	FUN_001d64f4	part_055	converted
0x1d6528	52	FUN_001d6528	part_055	converted
0x1d655c	52	FUN_001d655c	part_055	converted
0x1d6590	52	FUN_001d6590	part_055	converted
0x1d65c4	52	FUN_001d65c4	part_055	converted
0x1d65f8	52	FUN_001d65f8	part_055	converted
0x1d662c	52	FUN_001d662c	part_055	converted
0x1d6660	52	FUN_001d6660	part_055	converted
0x1d6694	52	FUN_001d6694	part_055	converted
0x1d66c8	52	FUN_001d66c8	part_055	converted
0x1d66fc	52	FUN_001d66fc	part_055	converted
0x1d6730	52	FUN_001d6730	part_055	converted
0x1d6764	52	FUN_001d6764	part_055	converted
0x1d6798	52	FUN_001d6798	part_055	converted
0x1d67cc	52	FUN_001d67cc	part_055	converted
0x1d6800	52	FUN_001d6800	part_055	converted
0x1d6834	52	FUN_001d6834	part_055	converted
0x1d6868	52	FUN_001d6868	part_055	converted
0x1d689c	52	FUN_001d689c	part_055	converted
0x1d68d0	52	FUN_001d68d0	part_055	converted
0x1d6904	52	FUN_001d6904	part_055	converted
0x1d6938	52	FUN_001d6938	part_055	converted
0x1d696c	52	FUN_001d696c	part_055	converted
0x1d69a0	52	FUN_001d69a0	part_055	converted
0x1d69d4	52	FUN_001d69d4	part_055	converted
0x1d6a08	52	FUN_001d6a08	part_055	converted
0x1d6a3c	52	FUN_001d6a3c	part_055	converted
0x1d6a70	52	FUN_001d6a70	part_055	converted
0x1d6aa4	52	FUN_001d6aa4	part_055	converted
0x1d6ad8	52	FUN_001d6ad8	part_055	converted
0x1d6b0c	52	FUN_001d6b0c	part_055	converted
0x1d6b40	52	FUN_001d6b40	part_055	converted
0x1d6b74	52	FUN_001d6b74	part_055	converted
0x1d6ba8	52	FUN_001d6ba8	part_055	converted
0x1d6bdc	52	FUN_001d6bdc	part_055	converted
0x1d6c10	52	FUN_001d6c10	part_055	converted
0x1d6c44	52	FUN_001d6c44	part_055	converted
0x1d6c78	52	FUN_001d6c78	part_055	converted
0x1d6cac	52	FUN_001d6cac	part_055	converted
0x1d6ce0	52	FUN_001d6ce0	part_056	converted
0x1d6d14	52	FUN_001d6d14	part_056	converted
0x1d6d48	52	FUN_001d6d48	part_056	converted
0x1d6d7c	52	FUN_001d6d7c	part_056	converted
0x1d6db0	52	FUN_001d6db0	part_056	converted
0x1d6de4	52	FUN_001d6de4	part_056	converted
0x1d6e18	52	FUN_001d6e18	part_056	converted
0x1d6e4c	52	FUN_001d6e4c	part_056	converted
0x1d6e80	52	FUN_001d6e80	part_056	converted
0x1d6eb4	52	FUN_001d6eb4	part_056	converted
0x1d6ee8	52	FUN_001d6ee8	part_056	converted
0x1d6f1c	52	FUN_001d6f1c	part_056	converted
0x1d6f50	52	FUN_001d6f50	part_056	converted
0x1d6f84	52	FUN_001d6f84	part_056	converted
0x1d6fb8	52	FUN_001d6fb8	part_056	converted
0x1d6fec	52	FUN_001d6fec	part_056	converted
0x1d7020	52	FUN_001d7020	part_056	converted
0x1d7054	52	FUN_001d7054	part_056	converted
0x1d7088	52	FUN_001d7088	part_056	converted
0x1d70bc	52	FUN_001d70bc	part_056	converted
0x1d70f0	52	FUN_001d70f0	part_056	converted
0x1d7124	52	FUN_001d7124	part_056	converted
0x1d7158	52	FUN_001d7158	part_056	converted
0x1d718c	52	FUN_001d718c	part_056	converted
0x1d71c0	52	FUN_001d71c0	part_056	converted
0x1d71f4	52	FUN_001d71f4	part_056	converted
0x1d7228	52	FUN_001d7228	part_056	converted
0x1d725c	52	FUN_001d725c	part_056	converted
0x1d7290	52	FUN_001d7290	part_056	converted
0x1d72c4	52	FUN_001d72c4	part_056	converted
0x1d72f8	52	FUN_001d72f8	part_056	converted
0x1d732c	52	FUN_001d732c	part_056	converted
0x1d7360	52	FUN_001d7360	part_056	converted
0x1d7394	52	FUN_001d7394	part_056	converted
0x1d73c8	52	FUN_001d73c8	part_056	converted
0x1d73fc	52	FUN_001d73fc	part_056	converted
0x1d7430	52	FUN_001d7430	part_056	converted
0x1d7464	52	FUN_001d7464	part_056	converted
0x1d7498	52	FUN_001d7498	part_056	converted
0x1d74cc	52	FUN_001d74cc	part_056	converted
0x1d7500	52	FUN_001d7500	part_056	converted
0x1d7534	52	FUN_001d7534	part_056	converted
0x1d7568	52	FUN_001d7568	part_056	converted
0x1d759c	52	FUN_001d759c	part_056	converted
0x1d75d0	52	FUN_001d75d0	part_056	converted
0x1d7604	52	FUN_001d7604	part_056	converted
0x1d7638	52	FUN_001d7638	part_056	converted
0x1d766c	52	FUN_001d766c	part_056	converted
0x1d76a0	52	FUN_001d76a0	part_056	converted
0x1d76d4	52	FUN_001d76d4	part_056	converted
0x1d7708	52	FUN_001d7708	part_056	converted
0x1d773c	52	FUN_001d773c	part_056	converted
0x1d7770	52	FUN_001d7770	part_056	converted
0x1d77a4	52	FUN_001d77a4	part_056	converted
0x1d77d8	52	FUN_001d77d8	part_056	converted
0x1d780c	52	FUN_001d780c	part_056	converted
0x1d7840	52	FUN_001d7840	part_056	converted
0x1d7874	52	FUN_001d7874	part_056	converted
0x1d7950	36	FUN_001d7950	part_056	converted
0x1d7974	56	FUN_001d7974	part_056	converted
0x1d79ac	72	FUN_001d79ac	part_057	converted
0x1d79f4	72	FUN_001d79f4	part_057	converted
0x1d7a3c	52	FUN_001d7a3c	part_057	converted
0x1d7a70	72	FUN_001d7a70	part_057	converted
0x1d7ab8	52	FUN_001d7ab8	part_057	converted
0x1d7aec	52	FUN_001d7aec	part_057	converted
0x1d7b20	72	FUN_001d7b20	part_057	converted
0x1d7b68	52	FUN_001d7b68	part_057	converted
0x1d7b9c	72	FUN_001d7b9c	part_057	converted
0x1d7be4	52	FUN_001d7be4	part_057	converted
0x1d7c18	72	FUN_001d7c18	part_057	converted
0x1d7c60	52	FUN_001d7c60	part_057	converted
0x1d7c94	72	FUN_001d7c94	part_057	converted
0x1d7cdc	52	FUN_001d7cdc	part_057	converted
0x1d7d10	72	FUN_001d7d10	part_057	converted
0x1d7d58	52	FUN_001d7d58	part_057	converted
0x1d7d8c	72	FUN_001d7d8c	part_057	converted
0x1d7dd4	52	FUN_001d7dd4	part_057	converted
0x1d7e08	72	FUN_001d7e08	part_057	converted
0x1d7e50	52	FUN_001d7e50	part_057	converted
0x1d7e84	72	FUN_001d7e84	part_057	converted
0x1d7ecc	52	FUN_001d7ecc	part_057	converted
0x1d7f00	72	FUN_001d7f00	part_057	converted
0x1d7f48	52	FUN_001d7f48	part_057	converted
0x1d7f7c	72	FUN_001d7f7c	part_057	converted
0x1d7fc4	52	FUN_001d7fc4	part_057	converted
0x1d7ff8	72	FUN_001d7ff8	part_057	converted
0x1d8040	52	FUN_001d8040	part_057	converted
0x1d8074	72	FUN_001d8074	part_057	converted
0x1d80bc	52	FUN_001d80bc	part_057	converted
0x1d80f0	68	FUN_001d80f0	part_057	converted
0x1d8134	88	FUN_001d8134	part_057	converted
0x1d818c	68	FUN_001d818c	part_057	converted
0x1d81d0	88	FUN_001d81d0	part_057	converted
0x1d8228	68	FUN_001d8228	part_057	converted
0x1d826c	88	FUN_001d826c	part_057	converted
0x1d8318	52	FUN_001d8318	part_057	converted
0x1d834c	52	FUN_001d834c	part_057	converted
0x1d8380	52	FUN_001d8380	part_057	converted
0x1d83b4	52	FUN_001d83b4	part_057	converted
0x1d84ac	52	FUN_001d84ac	part_057	converted
0x1d84e0	52	FUN_001d84e0	part_057	converted
0x1d8514	52	FUN_001d8514	part_057	converted
0x1d8548	52	FUN_001d8548	part_057	converted
0x1d8584	28	FUN_001d8584	part_057	converted
0x1d85a0	104	FUN_001d85a0	part_057	converted
0x1d8608	36	FUN_001d8608	part_057	converted
0x1d862c	52	FUN_001d862c	part_057	converted
0x1d8660	72	FUN_001d8660	part_057	converted
0x1d86b4	56	FUN_001d86b4	part_057	converted
0x1d87a8	56	FUN_001d87a8	part_057	converted
0x1d8850	36	FUN_001d8850	part_057	converted
0x1d8874	36	FUN_001d8874	part_057	converted
0x1d8944	72	FUN_001d8944	part_057	converted
0x1d8a28	52	FUN_001d8a28	part_057	converted
0x1d8a5c	72	FUN_001d8a5c	part_057	converted
0x1d8af4	68	FUN_001d8af4	part_057	converted
0x1d8b38	68	FUN_001d8b38	part_057	converted
0x1d8b7c	68	FUN_001d8b7c	part_057	converted
0x1d8bc0	68	FUN_001d8bc0	part_057	converted
0x1d8c18	88	FUN_001d8c18	part_058	converted
0x1d8c70	68	FUN_001d8c70	part_058	converted
0x1d8f58	104	FUN_001d8f58	part_058	converted
0x1d8fc0	36	FUN_001d8fc0	part_058	converted
