start	end	kind	owner	instructions	calls
27c4	27d0	padding	FUN_000027a4	3	
2ad8	2ae0	padding	FUN_000027d0	2	
2b38	5610	switch-code	FUN_00002ae0	2742	0x198b0,0x29290,_malloc
5628	5630	padding	FUN_00002ae0	2	
56bc	56c0	padding	_gldSetInteger	1	
58c8	58d0	padding	_gldSetInteger	2	
5a98	5aa0	padding	_gldSetInteger	2	
5b0c	5b10	padding	_gldGetInteger	1	
5b28	5b30	padding	_gldGetInteger	2	
5b78	5b80	padding	_gldGetInteger	2	
5c48	5c74	table	_gldGetInteger	11	
5d48	5d50	padding	_gldGetInteger	2	
5ea4	5eb0	padding	FUN_00005db0	3	
5f68	5f70	padding	FUN_00005eb0	2	
6014	6020	padding	_gldFlushBuffer	3	
605c	6060	padding	_gldGetMemoryPluginData	1	
60c4	60d0	padding	_gldSetMemoryPluginData	3	
61a4	61b0	padding	_gldFinishMemoryPluginData	3	
6204	6210	padding	_gldTestMemoryPluginData	3	
6238	6240	padding	_gldTestMemoryPluginData	2	
6334	6340	padding	_gldDestroyMemoryPluginData	3	
642c	6430	padding	_gldReclaimBuffer	1	
6468	6470	padding	_gldDestroyBuffer	2	
65a8	65b0	padding	FUN_00006470	2	
66f8	6700	padding	FUN_000065b0	2	
67d8	67e0	padding	_gldCreateContext	2	
680c	6810	padding	_gldCreateContext	1	
6d78	6d80	padding	_gldCreateContext	2	
6d88	6d90	padding	_gldCreateContext	2	
6da4	6db0	padding	_gldCreateContext	3	
6dc8	6dd0	padding	_gldCreateContext	2	
6e1c	6e20	padding	_gldDestroyContext	1	
6e2c	6e30	padding	_gldDestroyContext	1	
6e98	6ea0	padding	_gldDestroyContext	2	
6eb8	6ec0	padding	_gldDestroyContext	2	
6f8c	6f90	padding	_gldDestroyShared	1	
6fe4	6ff0	padding	_gldReclaimContext	3	
701c	7020	padding	_gldReclaimContext	1	
70c4	70d0	padding	FUN_00007020	3	
7144	7150	padding	_gldAttachDrawable	3	
7204	7210	padding	_gldAttachDrawable	3	
7774	7780	padding	_gldAttachDrawable	3	
778c	7790	padding	_gldAttachDrawable	1	
77d4	77e0	padding	_gldAttachDrawable	3	
7824	7830	padding	FUN_00007810	3	
7844	7850	padding	_gldGetError	3	
78bc	78c0	padding	_gldCreateFence	1	
79ec	79f0	padding	_gldCreateFence	1	
7a3c	7a40	padding	_gldDestroyFence	1	
7b28	7b30	padding	_gldTestObject	2	
7c04	7c10	padding	_gldFinishObject	3	
7c68	7c70	padding	_gldFinishObject	2	
7cd8	7ce0	padding	_gldCreateFramebuffer	2	
7ce4	7cf0	padding	_gldReclaimFramebuffer	3	
8168	8170	padding	_gldChoosePixelFormat	2	
8198	8304	table	_gldChoosePixelFormat	91	
8324	8330	padding	_gldChoosePixelFormat	3	
876c	8770	padding	_gldChoosePixelFormat	1	
88c8	88d0	padding	_gldChoosePixelFormat	2	
89c4	89d0	padding	_gldChoosePixelFormat	3	
8a04	8a10	padding	_gldChoosePixelFormat	3	
8a44	8a50	padding	_gldDestroyPixelFormat	3	
8a98	8aa0	padding	_gldGetRendererInfo	2	
8c1c	8c20	padding	_gldGetRendererInfo	1	
8c38	8c40	padding	_gldGetRendererInfo	2	
8c58	8c60	padding	_gldGetRendererInfo	2	
8cd4	8ce0	padding	_gldInitializeLibrary	3	
8d08	8d10	padding	_gldInitializeLibrary	2	
8d48	8d50	padding	_gldTerminateLibrary	2	
8e04	8e10	padding	_gldCreateTexture	3	
8e5c	8e60	padding	_gldCreateTextureLevel	1	
8e74	8e80	padding	_gldModifyTexture	3	
8eb4	8ec0	padding	_gldModifyTextureLevel	3	
8f58	8f60	padding	_gldModifyTextureLevel	2	
90f4	9100	padding	_gldGetTextureLevelInfo	3	
9174	9180	padding	_gldGetTextureLevelInfo	3	
9288	9290	padding	_gldDeleteTextureLevel	2	
937c	9380	padding	_gldReclaimTexture	1	
9458	9460	padding	_gldDeleteTexture	2	
951c	9520	padding	_gldRelatePipelineProgram	1	
9538	9540	padding	_gldRelatePipelineProgram	2	
9564	9570	padding	_gldGetPipelineProgramInfo	3	
95d8	95e0	padding	_gldDestroyPipelineProgram	2	
966c	9670	padding	FUN_000095e0	1	
96a4	96b0	padding	FUN_000095e0	3	
96f8	973c	table	FUN_000096b0	17	
9780	979c	table	FUN_00009750	7	
980c	9810	padding	FUN_000097fc	1	
98b0	98c8	table	FUN_00009880	6	
98d8	9b70	other	FUN_000098c8	166	
9bc8	9bd0	padding	FUN_00009b70	2	
9c74	9c80	padding	FUN_00009bd0	3	
9ccc	9cd0	padding	_gldDestroyQuery	1	
9d68	9d70	padding	FUN_00009cd0	2	
9e68	9e70	padding	FUN_00009d70	2	
9ec8	9ed0	padding	_gldCreateQuery	2	
a004	a010	padding	_gldCreateQuery	3	
a098	a0a0	padding	_gldCreateQuery	2	
a0e4	a0f0	padding	FUN_0000a0a0	3	
a17c	a180	padding	FUN_0000a120	1	
a1cc	a1d0	padding	FUN_0000a180	1	
a1ec	a1f0	padding	FUN_0000a180	1	
a20c	a210	padding	FUN_0000a180	1	
a2e4	a2f0	padding	FUN_0000a180	3	
a328	a358	table	FUN_0000a2f0	12	
a368	a370	padding	FUN_0000a2f0	2	
a388	a390	padding	FUN_0000a2f0	2	
a3e8	a3f0	padding	FUN_0000a2f0	2	
a42c	a430	padding	FUN_0000a3f0	1	
a444	a450	padding	FUN_0000a3f0	3	
a48c	a490	padding	FUN_0000a3f0	1	
a59c	a5a0	padding	FUN_0000a3f0	1	
a624	a630	padding	FUN_0000a3f0	3	
a65c	a660	padding	FUN_0000a3f0	1	
a668	a670	padding	FUN_0000a3f0	2	
a6b8	a6c0	padding	FUN_0000a670	2	
a6dc	a6e0	padding	FUN_0000a670	1	
a748	a750	padding	FUN_0000a6e0	2	
a7d4	a7e0	padding	FUN_0000a6e0	3	
a818	a820	padding	FUN_0000a6e0	2	
a9ac	a9b0	padding	FUN_0000a820	1	
a9e8	a9f0	padding	FUN_0000a820	2	
aae4	aaf0	padding	FUN_0000a9f0	3	
abe4	abf0	padding	FUN_0000aaf0	3	
aca8	acb0	padding	FUN_0000abf0	2	
adbc	adc0	padding	FUN_0000acb0	1	
aecc	aed0	padding	FUN_0000acb0	1	
aef0	aef4	millicode	FUN_0000acb0	1	
af98	afa0	padding	FUN_0000aef4	2	
b00c	b010	padding	FUN_0000aef4	1	
b124	b130	padding	FUN_0000aef4	3	
b268	b270	padding	FUN_0000b150	2	
b398	b3a0	padding	FUN_0000b270	2	
b4ec	b4f0	padding	FUN_0000b3a0	1	
b614	b620	padding	FUN_0000b4f0	3	
b668	b670	padding	FUN_0000b620	2	
b748	b750	padding	_gldFlushVertexArray	2	
b7c4	b7d0	padding	FUN_0000b750	3	
b85c	b860	padding	FUN_0000b750	1	
b874	b880	padding	FUN_0000b750	3	
b974	b980	padding	FUN_0000b880	3	
ba38	ba40	padding	FUN_0000b980	2	
bb38	bb40	padding	_gldModifyVertexArray	2	
bc1c	bc20	padding	_gldReclaimVertexArray	1	
bc58	bc60	padding	_gldDestroyVertexArray	2	
bd58	bd60	padding	FUN_0000bc60	2	
be68	be70	padding	FUN_0000bd60	2	
bf38	bf40	padding	FUN_0000be70	2	
bf54	bf60	padding	FUN_0000be70	3	
bf94	bfa0	padding	FUN_0000be70	3	
c1dc	c1e0	padding	FUN_0000bfa0	1	
c2e8	c2f0	padding	FUN_0000bfa0	2	
c384	c390	padding	FUN_0000bfa0	3	
c454	c460	padding	FUN_0000bfa0	3	
c4f8	c500	padding	FUN_0000bfa0	2	
c584	c590	padding	FUN_0000c500	3	
c5b4	c5c0	padding	FUN_0000c500	3	
c878	c880	padding	FUN_0000c500	2	
c89c	c8a0	padding	FUN_0000c500	1	
c928	c930	padding	FUN_0000c8a0	2	
ca4c	ca50	padding	FUN_0000c930	1	
cac8	cad0	padding	FUN_0000ca50	2	
cd44	cd50	padding	FUN_0000cb90	3	
cd74	cd80	padding	FUN_0000cb90	3	
cda4	cdb0	padding	FUN_0000cb90	3	
ce8c	ce90	padding	FUN_0000cdf0	1	
cf3c	cf40	padding	FUN_0000ce90	1	
d214	d220	padding	FUN_0000ce90	3	
d23c	d240	padding	FUN_0000ce90	1	
d2f8	d300	padding	FUN_0000d240	2	
d35c	d360	padding	FUN_0000d240	1	
d914	d920	padding	FUN_0000d380	3	
da1c	da20	padding	FUN_0000d380	1	
dc40	dc60	table	FUN_0000d380	8	
df9c	dfa0	padding	FUN_0000df50	1	
dffc	e000	padding	FUN_0000df50	1	
e1a8	e1b0	padding	FUN_0000df50	2	
e1cc	e1d0	padding	FUN_0000df50	1	
e1ec	e1f0	padding	FUN_0000df50	1	
e314	e328	table	FUN_0000e1f0	5	
e8d4	e8e0	padding	FUN_0000e1f0	3	
ea1c	ea20	padding	FUN_0000e1f0	1	
ea38	ea40	padding	FUN_0000e1f0	2	
eaa4	eab0	padding	FUN_0000e1f0	3	
eb08	eb10	padding	FUN_0000e1f0	2	
ebfc	ec28	table	FUN_0000e1f0	11	
f174	f180	padding	FUN_0000e1f0	3	
f24c	f250	padding	FUN_0000e1f0	1	
f2fc	f300	padding	FUN_0000f250	1	
f398	f3b8	table	FUN_0000f250	8	
f618	f620	padding	FUN_0000f250	2	
f95c	f994	table	FUN_0000f620	14	
ffc4	ffd0	padding	FUN_0000f620	3	
1004c	10050	padding	FUN_0000f620	1	
100b8	100c0	padding	FUN_0000f620	2	
1023c	10240	padding	FUN_0000f620	1	
109e8	10a18	table	FUN_0000f620	12	
10fcc	10fe0	table	FUN_0000f620	5	
112c4	112d0	padding	FUN_0000f620	3	
1140c	11410	padding	FUN_0000f620	1	
118cc	11918	table	FUN_0000f620	19	
11b5c	11b7c	table	FUN_0000f620	8	
11dbc	11dc0	padding	FUN_0000f620	1	
11f94	11fa0	padding	FUN_0000f620	3	
121fc	12214	table	FUN_0000f620	6	
123c4	123d0	padding	FUN_0000f620	3	
12508	12510	padding	FUN_0000f620	2	
125e8	125f0	padding	FUN_0000f620	2	
12728	12730	padding	FUN_0000f620	2	
12808	12810	padding	FUN_0000f620	2	
12b58	12b70	table	FUN_0000f620	6	
12f58	12f60	padding	FUN_0000f620	2	
130c8	130dc	table	FUN_0000f620	5	
13964	13990	table	FUN_0000f620	11	
13c64	13c70	padding	FUN_0000f620	3	
13d88	13d90	padding	FUN_0000f620	2	
14094	140a0	padding	FUN_0000f620	3	
14594	145a0	padding	FUN_0000f620	3	
146dc	148a0	table	FUN_0000f620	113	
14944	14964	table	FUN_0000f620	8	
149ac	149b0	padding	FUN_0000f620	1	
149f8	14a00	padding	FUN_0000f620	2	
14a48	14a50	padding	FUN_0000f620	2	
14a98	14aa0	padding	FUN_0000f620	2	
14ae8	14af0	padding	FUN_0000f620	2	
14b38	14b40	padding	FUN_0000f620	2	
14b88	14b90	padding	FUN_0000f620	2	
14dfc	14e1c	table	FUN_0000f620	8	
16008	16010	padding	FUN_0000f620	2	
16278	162fc	table	FUN_0000f620	33	
163f8	16400	padding	FUN_0000f620	2	
1662c	16630	padding	FUN_0000f620	1	
16664	16670	padding	FUN_0000f620	3	
167d4	167e0	padding	FUN_00016670	3	
16a9c	16aa0	padding	FUN_00016670	1	
16acc	16ad0	padding	FUN_00016670	1	
16c48	16c50	padding	FUN_00016670	2	
16ce4	16cf0	padding	FUN_00016670	3	
16e6c	16e70	padding	FUN_00016670	1	
16eb8	16ec0	padding	FUN_00016670	2	
16f84	16f90	padding	FUN_00016670	3	
16f9c	16fa0	padding	FUN_00016670	1	
16fbc	16fc0	padding	FUN_00016670	1	
16ff8	17000	padding	FUN_00016fc0	2	
17014	17020	padding	FUN_00016fc0	3	
17044	17050	padding	FUN_00016fc0	3	
1706c	17070	padding	FUN_00016fc0	1	
170f4	17100	padding	FUN_00016fc0	3	
1711c	17120	padding	FUN_00017100	1	
1713c	17140	padding	FUN_00017100	1	
1715c	17160	padding	FUN_00017100	1	
171ac	171b0	padding	FUN_00017160	1	
171fc	17200	padding	FUN_00017160	1	
17254	17260	padding	FUN_00017160	3	
17308	17310	padding	FUN_00017260	2	
1734c	17350	padding	FUN_00017310	1	
17368	17370	padding	FUN_00017310	2	
17674	17680	padding	FUN_00017310	3	
17718	17720	padding	FUN_00017310	2	
17744	17750	padding	FUN_00017720	3	
17a3c	17a40	padding	FUN_00017750	1	
17ad4	17ae0	padding	FUN_00017a40	3	
17afc	17b00	padding	FUN_00017a40	1	
17b18	17b20	padding	FUN_00017a40	2	
17d5c	17d60	padding	FUN_00017b20	1	
17e08	17e10	padding	FUN_00017b20	2	
17edc	17ee0	padding	FUN_00017e10	1	
180b8	180c0	padding	FUN_00018090	2	
180d4	180e0	padding	FUN_00018090	3	
180f4	18100	padding	FUN_00018090	3	
18114	18120	padding	FUN_00018090	3	
181ec	181f0	padding	FUN_00018120	1	
18214	18220	padding	FUN_00018120	3	
182bc	182c0	padding	FUN_00018120	1	
182ec	182f0	padding	FUN_00018120	1	
18438	18440	padding	FUN_00018120	2	
186d4	186e0	padding	FUN_00018120	3	
18788	18790	padding	FUN_00018120	2	
187c4	187d0	padding	FUN_00018120	3	
18a3c	18a40	padding	FUN_00018120	1	
18b1c	18b20	padding	FUN_00018a40	1	
18b44	18b50	padding	FUN_00018a40	3	
18bec	18bf0	padding	FUN_00018a40	1	
18c1c	18c20	padding	FUN_00018a40	1	
18d68	18d70	padding	FUN_00018a40	2	
1975c	19760	padding	FUN_00018a40	1	
1976c	19770	padding	FUN_00018a40	1	
19874	19880	padding	FUN_00018a40	3	
198a8	198b0	padding	FUN_00018120	2	
19934	19940	padding	FUN_000198b0	3	
199c4	199d0	padding	FUN_000199a0	3	
19ac4	19ad0	padding	FUN_00018120	3	
19c24	19c30	padding	FUN_00019ad0	3	
19c44	19c50	padding	FUN_00018120	3	
19cc4	19cd0	padding	FUN_00019c50	3	
19ce8	19cf0	padding	FUN_00019c50	2	
19d18	19d20	padding	FUN_00019c50	2	
19d2c	19d30	padding	FUN_00019c50	1	
19da4	19db0	padding	FUN_00018120	3	
19e38	19e40	padding	FUN_00019db0	2	
19e94	19ea0	padding	FUN_00019db0	3	
19eb8	19ec0	padding	FUN_00019db0	2	
19ed8	19ee0	padding	FUN_00019db0	2	
19f2c	19f30	padding	FUN_00019db0	1	
19f64	19f70	padding	FUN_00019db0	3	
1a004	1a010	padding	FUN_00018120	3	
1a0a8	1a0b0	padding	FUN_0001a010	2	
1a0c8	1a0d0	padding	FUN_00018120	2	
1a274	1a280	padding	FUN_00018120	3	
1a338	1a340	padding	FUN_0001a280	2	
1a4d4	1a4e0	padding	FUN_00018120	3	
1a5b4	1a5c0	padding	FUN_00018120	3	
1a5dc	1a5e0	padding	FUN_00018120	1	
1a668	1a670	padding	FUN_00018120	2	
1a748	1a750	padding	FUN_00018120	2	
1a9cc	1a9d0	padding	FUN_00018120	1	
1aa88	1aa90	padding	FUN_0001a9d0	2	
1ac24	1ac30	padding	FUN_00018120	3	
1ade4	1adf0	padding	FUN_0001ac30	3	
1adf8	1ae00	padding	FUN_0001ac30	2	
1ae08	1ae10	padding	FUN_0001ac30	2	
1ae1c	1ae20	padding	FUN_00018120	1	
1aebc	1aec0	padding	FUN_0001ae20	1	
1af08	1af10	padding	FUN_0001ae20	2	
1af28	1af30	padding	FUN_0001ae20	2	
1af44	1af50	padding	FUN_0001ae20	3	
1af7c	1af80	padding	FUN_0001ae20	1	
1afcc	1afd0	padding	FUN_0001ae20	1	
1b148	1b150	padding	FUN_00018120	2	
1b1a8	1b1b0	padding	FUN_00018120	2	
1b1c4	1b1d0	padding	FUN_00018120	3	
1b1d4	1b1e0	padding	FUN_00018120	3	
1b258	1b274	table	_gldAllocVertexBuffer	7	
1b38c	1b390	padding	_gldAllocVertexBuffer	1	
1b48c	1b490	padding	_gldAllocVertexBuffer	1	
1b4a8	1b4b0	padding	FUN_00018120	2	
1b4c8	1b4d0	padding	FUN_0001b4b0	2	
1b4e4	1b4f0	padding	FUN_00018120	3	
1b4f4	1b500	padding	FUN_00018120	3	
1b508	1b510	padding	FUN_00018120	2	
1b818	1b898	table	FUN_0001b510	32	
1b8a4	1b8b0	padding	FUN_0001b510	3	
1bab4	1bac0	padding	FUN_00018120	3	
1bc4c	1bc50	padding	FUN_0001bac0	1	
1be4c	1be50	padding	FUN_00018120	1	
1c1b4	1c1c0	padding	FUN_00018120	3	
1c21c	1c220	padding	FUN_0001c1c0	1	
1c288	1c290	padding	FUN_0001c1c0	2	
1c2f4	1c300	padding	FUN_0001c1c0	3	
1c378	1c380	padding	FUN_00018120	2	
1c904	1c910	padding	FUN_0001c380	3	
1d1dc	1d1e0	padding	FUN_00018120	1	
1d23c	1d240	padding	FUN_0001d1e0	1	
1d308	1d310	padding	FUN_0001d1e0	2	
1d31c	1d320	padding	FUN_0001d1e0	1	
1d414	1d420	padding	FUN_0001d1e0	3	
1d42c	1d430	padding	FUN_0001d1e0	1	
1d4d4	1d4e0	padding	FUN_0001d1e0	3	
1d534	1d5e0	switch-code	FUN_0001d1e0	43	
1d604	1d6b0	switch-code	FUN_0001d1e0	43	
1d7b4	1d7c0	padding	FUN_00018120	3	
1d7f8	1d800	padding	FUN_0001d7c0	2	
1d814	1d820	padding	FUN_0001d7c0	3	
1d834	1d840	padding	FUN_0001d7c0	3	
1d874	1d880	padding	FUN_00018120	3	
1d948	1d950	padding	FUN_0001d880	2	
1db48	1db50	padding	FUN_00018120	2	
1dbac	1dbb0	padding	FUN_0001db50	1	
1dc08	1dc10	padding	FUN_00018120	2	
1df88	1df90	padding	FUN_0001dc10	2	
1dfe8	1dff0	padding	FUN_00018120	2	
1e07c	1e080	padding	FUN_00018120	1	
1e194	1e1a0	padding	_gldPageoffBuffer	3	
1e26c	1e270	padding	FUN_00018120	1	
1e278	1e280	padding	FUN_0001e270	2	
1e3a4	1e3b0	padding	FUN_0001e280	3	
1e72c	1e730	padding	FUN_0001e280	1	
1e7c4	1e7d0	padding	FUN_0001e730	3	
1e888	1e890	padding	FUN_0001e730	2	
1ea84	1ea90	padding	FUN_0001e8a0	3	
1ec78	1ec80	padding	FUN_0001eaf0	2	
1eccc	1ecd0	padding	FUN_0001eaf0	1	
1eda8	1edb0	padding	FUN_0001ecd0	2	
1ee98	1eea0	padding	FUN_0001ecd0	2	
1ef08	1ef10	padding	FUN_0001ecd0	2	
1ef38	1ef40	padding	FUN_0001ecd0	2	
1ef98	1efc0	switch-code	FUN_0001ecd0	10	
1efd0	1f000	other	FUN_0001ecd0	12	
1f05c	1f060	padding	FUN_0001ecd0	1	
1f108	1f110	padding	FUN_0001ecd0	2	
1f16c	1f170	padding	FUN_0001ecd0	1	
1f1bc	1f1c0	padding	FUN_0001ecd0	1	
1f304	1f310	padding	FUN_0001ecd0	3	
1f3e4	1f3f0	padding	FUN_0001ecd0	3	
1f488	1f490	padding	FUN_0001ecd0	2	
1f504	1f510	padding	FUN_0001ecd0	3	
1f584	1f590	padding	FUN_0001ecd0	3	
1f6f4	1f700	padding	FUN_0001ecd0	3	
1f7f8	1f800	padding	FUN_0001ecd0	2	
1f8fc	1f900	padding	FUN_0001ecd0	1	
1fcd8	1fce0	padding	FUN_0001ecd0	2	
1fd9c	1fda0	padding	FUN_0001fd00	1	
1fe4c	1fe50	padding	FUN_0001fd00	1	
1fe64	1fe70	padding	FUN_0001fd00	3	
1ff28	1ff30	padding	FUN_0001fd00	2	
1ff6c	1ff70	padding	FUN_0001fd00	1	
1ff84	1ff90	padding	FUN_0001fd00	3	
1ffc0	1ffd4	table	FUN_0001fd00	5	
20038	20040	padding	FUN_0001fd00	2	
200a4	200b0	padding	FUN_0001fd00	3	
2018c	20190	padding	FUN_0001fd00	1	
202d8	202e0	padding	FUN_00020210	2	
203f4	20400	padding	FUN_00020330	3	
20414	20420	padding	FUN_00020330	3	
206dc	206e0	padding	FUN_00020420	1	
20874	20880	padding	FUN_00020420	3	
2090c	20910	padding	FUN_00020420	1	
209a8	209b0	padding	FUN_00020420	2	
209ec	209f0	padding	FUN_00020420	1	
20a24	20a30	padding	FUN_00020420	3	
20b28	20b30	padding	FUN_00020b00	2	
20d9c	20da0	padding	FUN_00020b30	1	
21534	21540	padding	FUN_00020b30	3	
2157c	21580	padding	FUN_00020b30	1	
215d4	215e0	padding	FUN_00020b30	3	
21764	21770	padding	FUN_00020b30	3	
21c6c	21c70	padding	FUN_00020b30	1	
22274	22280	padding	FUN_00021c70	3	
22284	22290	padding	FUN_00022280	3	
224f8	22500	padding	_gldUpdateDispatch	2	
22ea8	22eb0	padding	_gldInitDispatch	2	
230c8	230d0	padding	FUN_00022eb0	2	
23138	23140	padding	FUN_000230d0	2	
236c8	236d0	padding	FUN_000230d0	2	
236e8	236f0	padding	FUN_000230d0	2	
236f8	23700	padding	FUN_000236f0	2	
23868	23870	padding	FUN_00023700	2	
23a14	23a20	padding	FUN_00023870	3	
23a74	23a80	padding	FUN_00023a24	3	
23ec8	23ed0	padding	FUN_00023a24	2	
24164	24170	padding	FUN_00023a24	3	
2417c	24180	padding	FUN_00023a24	1	
2418c	24190	padding	FUN_000242f0	1	
242e8	242f0	padding	FUN_000242f0	2	
2434c	24350	padding	FUN_000242f0	1	
24364	24370	padding	FUN_00024190	3	
243cc	243d0	padding	FUN_00024370	1	
243e4	243f0	padding	FUN_00024370	3	
2444c	24450	padding	FUN_000243f0	1	
24464	24470	padding	FUN_000243f0	3	
244cc	244d0	padding	FUN_00024470	1	
244e4	244f0	padding	FUN_00024470	3	
2454c	24550	padding	FUN_000244f0	1	
24564	24570	padding	FUN_000244f0	3	
245cc	245d0	padding	FUN_00024570	1	
245e4	245f0	padding	FUN_00024570	3	
24648	24650	padding	FUN_000245f0	2	
24664	24670	padding	FUN_000245f0	3	
246c8	246d0	padding	FUN_00024670	2	
246e4	246f0	padding	FUN_00024670	3	
24744	24750	padding	FUN_000246f0	3	
24764	24770	padding	FUN_000246f0	3	
247c8	247d0	padding	FUN_00024770	2	
247e4	247f0	padding	FUN_00024770	3	
24844	24850	padding	FUN_000247f0	3	
24864	24870	padding	FUN_000247f0	3	
248cc	248d0	padding	FUN_00024870	1	
248e4	248f0	padding	FUN_00024870	3	
2494c	24950	padding	FUN_000248f0	1	
24964	24970	padding	FUN_000248f0	3	
24fa4	24fb0	padding	FUN_00024970	3	
24fc4	24fd0	padding	FUN_00024fc0	3	
24fd4	24fe0	padding	FUN_00024fd0	3	
2529c	252b4	table	FUN_00024fe0	6	
25448	25450	padding	FUN_00024fe0	2	
25648	25660	table	FUN_00024fe0	6	
2574c	25750	padding	FUN_00024fe0	1	
25778	257c4	switch-code	FUN_00024fe0	19	
25818	25838	table	FUN_00024fe0	8	
2597c	25980	padding	FUN_00024fe0	1	
25be8	25bf0	padding	FUN_00024fe0	2	
25ccc	25cd0	padding	FUN_00025bf0	1	
25cec	25cf0	padding	FUN_00025bf0	1	
25d3c	25d40	padding	FUN_00025bf0	1	
25d94	25da0	padding	FUN_00025bf0	3	
25e74	25e80	padding	FUN_00025da0	3	
25eb4	25ec0	padding	FUN_00025da0	3	
25f58	25f60	padding	FUN_00025ec0	2	
263bc	263c0	padding	FUN_00025ec0	1	
26414	26420	padding	FUN_00025ec0	3	
26434	26440	padding	FUN_00025ec0	3	
264cc	264d0	padding	FUN_00026440	1	
26608	26610	padding	FUN_00026440	2	
2662c	26630	padding	FUN_00026440	1	
26644	26650	padding	FUN_00026440	3	
266a8	266b0	padding	FUN_00026650	2	
267d8	267e0	padding	FUN_00026650	2	
26804	26810	padding	FUN_00026650	3	
268d8	268e0	padding	FUN_00026650	2	
2695c	26960	padding	FUN_00026650	1	
2697c	26980	padding	FUN_00026650	1	
26994	269a0	padding	FUN_00026650	3	
26b10	26b54	table	FUN_000269a0	17	
26be8	26bf0	padding	FUN_000269a0	2	
26c2c	26c30	padding	FUN_00026bf0	1	
26c78	26c80	padding	FUN_00026bf0	2	
26d2c	26d30	padding	FUN_00026bf0	1	
26e4c	26e50	padding	FUN_00026bf0	1	
26e84	26e90	padding	FUN_00026bf0	3	
26f7c	26f80	padding	FUN_00026bf0	1	
2714c	27150	padding	FUN_00026f80	1	
271c8	271d0	padding	FUN_00027150	2	
27294	272a0	padding	FUN_00027150	3	
27398	273a0	padding	FUN_00027150	2	
275b8	275c0	padding	FUN_000273a0	2	
276a8	276b0	padding	FUN_000273a0	2	
27884	27890	padding	FUN_000273a0	3	
2795c	27960	padding	FUN_000273a0	1	
2798c	27990	padding	FUN_000273a0	1	
27b64	27b70	padding	FUN_00027990	3	
27be4	27bf0	padding	FUN_00027990	3	
27c04	27c10	padding	FUN_00027990	3	
27c40	27c54	table	FUN_00027990	5	
27ca4	27cb0	padding	FUN_00027990	3	
27de4	27df0	padding	FUN_00027990	3	
27e34	27e48	table	FUN_00027990	5	
27e98	27ea0	padding	FUN_00027990	2	
27ebc	27ec0	padding	FUN_00027990	1	
27ee4	27ef0	padding	FUN_00027990	3	
28204	28210	padding	FUN_00027990	3	
283b4	283c0	padding	FUN_00028350	3	
283cc	283d0	padding	FUN_00028350	1	
283fc	28400	padding	FUN_00028350	1	
284cc	284d0	padding	FUN_00028350	1	
2855c	28560	padding	FUN_00028350	1	
285c4	285d0	padding	FUN_00028350	3	
2863c	28640	padding	FUN_00028350	1	
2866c	28670	padding	FUN_00028350	1	
2917c	29180	padding	FUN_00028350	1	
29234	29240	padding	FUN_00028350	3	
29268	29270	padding	FUN_00028350	2	
29284	29290	padding	FUN_00028350	3	
29364	29370	padding	FUN_00029294	3	
2939c	293a0	padding	FUN_00029294	1	
293ac	293b0	padding	FUN_00029294	1	
29414	29420	padding	FUN_00029294	3	
29bcc	29bd0	padding	FUN_00029294	1	
2a258	2a260	padding	FUN_00029c00	2	
2a3c4	2a3d0	padding	FUN_0002a260	3	
2a434	2a440	padding	FUN_0002a3d0	3	
2a44c	2a450	padding	FUN_0002a3d0	1	
2a47c	2a480	padding	FUN_0002a3d0	1	
2a544	2a550	padding	FUN_0002a3d0	3	
2a5c8	2a5d0	padding	FUN_0002a3d0	2	
2a634	2a640	padding	FUN_0002a3d0	3	
2a6ac	2a6b0	padding	FUN_0002a3d0	1	
2a6e4	2a6f0	padding	FUN_0002a3d0	3	
2b2ec	2b2f0	padding	FUN_0002a3d0	1	
2b35c	2b360	padding	FUN_0002a3d0	1	
2b388	2b390	padding	FUN_0002a3d0	2	
2b3a4	2b3b0	padding	FUN_0002a3d0	3	
2b3b4	2b3c0	padding	FUN_0002b3b0	3	
2b508	2b510	padding	FUN_0002b3c0	2	
2b598	2b5a0	padding	FUN_0002b3c0	2	
2b68c	2b690	padding	_gldGetQueryInfo	1	
2b738	2b740	padding	_gldGetQueryInfo	2	
2b7ec	2b7f0	padding	FUN_0002b740	1	
2bbac	2bbb0	padding	FUN_0002b7f0	1	
2bbbc	2bbc4	millicode	FUN_0002b7f0	2	
2bdec	2bdf0	padding	FUN_0002bbc4	1	
2bdfc	2be00	padding	FUN_0002bbc4	1	
2be58	2be60	padding	FUN_0002be00	2	
2be6c	2be70	padding	FUN_0002be60	1	
2be78	2be80	padding	FUN_0002be70	2	
2be84	2be90	padding	FUN_0002be80	3	
2be9c	2bea0	padding	FUN_0002be90	1	
2bee8	2bef0	padding	FUN_0002bea0	2	
2bf14	2bf20	padding	FUN_0002bea0	3	
2bf28	2bf30	padding	FUN_0002bea0	2	
2bf68	2bf90	table	FUN_0002bf30	10	
2bfd4	2bfe0	padding	FUN_0002bf30	3	
2c018	2c020	padding	FUN_0002bf30	2	
2c0b4	2c0c0	padding	FUN_0002c020	3	
2c174	2c180	padding	FUN_0002c0c0	3	
2c224	2c230	padding	FUN_0002c180	3	
2c604	2c610	padding	FUN_0002c230	3	
2c644	2c650	padding	FUN_0002c230	3	
2c764	2c770	padding	FUN_0002c6c0	3	
2c784	2c790	padding	FUN_0002c6c0	3	
2ca2c	2ca30	padding	FUN_0002c790	1	
2cb38	2cb40	padding	FUN_0002c790	2	
2cc08	2cc10	padding	FUN_0002cb40	2	
2cc2c	2cc30	padding	FUN_0002cc10	1	
2cc98	2cca0	padding	FUN_0002cc30	2	
2cccc	2ccd0	padding	FUN_0002cc30	1	
2ce0c	2ce10	padding	FUN_0002cd50	1	
2d02c	2d030	padding	FUN_0002ce40	1	
2d07c	2d080	padding	FUN_0002d030	1	
2d09c	2d0a0	padding	FUN_0002d030	1	
2d0ec	2d0f0	padding	FUN_0002d030	1	
2d12c	2d130	padding	FUN_0002d030	1	
2d208	2d210	padding	FUN_0002d030	2	
2d22c	2d230	padding	FUN_0002d210	1	
2d244	2d250	padding	FUN_0002d210	3	
2d2ac	2d2b0	padding	FUN_0002d210	1	
2d404	2d410	padding	FUN_0002d2b0	3	
2d478	2d480	padding	FUN_0002d2b0	2	
2d4d4	2d4e0	padding	FUN_0002d2b0	3	
2d534	2d540	padding	FUN_0002d2b0	3	
2d594	2d5a0	padding	FUN_0002d2b0	3	
2d5fc	2d6a4	table	FUN_0002d2b0	42	
2d6ac	2d6b0	padding	FUN_0002d2b0	1	
2dce8	2dcf0	padding	FUN_0002d2b0	2	
2dd88	2dd90	padding	FUN_0002dcf0	2	
2ddac	2ddb0	padding	FUN_0002dcf0	1	
2dde8	2ddf0	padding	FUN_0002dcf0	2	
2e014	2e028	table	FUN_0002ddf0	5	
2e454	2e460	padding	FUN_0002ddf0	3	
2e4d8	2e4e0	padding	FUN_0002ddf0	2	
2e5e4	2e5f0	padding	FUN_0002ddf0	3	
2e674	2e680	padding	FUN_0002ddf0	3	
2e75c	2e760	padding	FUN_0002ddf0	1	
2e7ec	2e7f0	padding	FUN_0002ddf0	1	
2e824	2e830	padding	FUN_0002ddf0	3	
2e89c	2e8a0	padding	FUN_0002ddf0	1	
2e8d4	2e8e0	padding	FUN_0002ddf0	3	
2e934	2e940	padding	FUN_0002ddf0	3	
2e9a8	2e9b0	padding	FUN_0002ddf0	2	
2e9cc	2e9d0	padding	FUN_0002ddf0	1	
2ea48	2ea50	padding	FUN_0002ddf0	2	
2ebb8	2ebc0	padding	FUN_0002ddf0	2	
2ec5c	2ec60	padding	FUN_0002ebc0	1	
2ecd4	2ece0	padding	FUN_0002ebc0	3	
2ee24	2ee30	padding	FUN_0002ebc0	3	
2ef54	2ef60	padding	FUN_0002ee30	3	
2f328	2f330	padding	FUN_0002ee30	2	
2f408	2f410	padding	FUN_0002ee30	2	
2f44c	2f478	table	FUN_0002f410	11	
2f4fc	2f500	padding	FUN_0002f4d0	1	
2f52c	2f530	padding	FUN_0002f4d0	1	
2f5a4	2f5b0	padding	FUN_0002f4d0	3	
2f61c	2f620	padding	FUN_0002f4d0	1	
2f67c	2f680	padding	FUN_0002f4d0	1	
2f778	2f780	padding	FUN_0002f4d0	2	
2f788	2f790	padding	FUN_0002f4d0	2	
2f81c	2f820	padding	FUN_0002f7c0	1	
2f96c	2f970	padding	FUN_0002f7c0	1	
2f9b8	2f9c0	padding	FUN_0002f7c0	2	
2f9e8	2f9f0	padding	FUN_0002f7c0	2	
2fa0c	2fa10	padding	FUN_0002f7c0	1	
2fa54	2fa60	padding	FUN_0002f7c0	3	
2fab4	2fac0	padding	FUN_0002f7c0	3	
2fb88	2fb90	padding	FUN_0002fac0	2	
2fbe8	2fbf0	padding	FUN_0002fac0	2	
2fc74	2fc80	padding	FUN_0002fac0	3	
2fe14	2fe20	padding	FUN_0002fac0	3	
2fe4c	2fe50	padding	FUN_0002fac0	1	
3015c	30160	padding	FUN_0002fac0	1	
3035c	30360	padding	FUN_0002fac0	1	
30388	30390	padding	FUN_0002fac0	2	
303ac	303b0	padding	FUN_0002fac0	1	
303cc	303d0	padding	FUN_0002fac0	1	
30414	30420	padding	FUN_000303d0	3	
305a8	305b0	padding	FUN_00030420	2	
3079c	307a0	padding	FUN_000305b0	1	
30834	30840	padding	FUN_000307a0	3	
308bc	308c0	padding	FUN_00030840	1	
3092c	30930	padding	FUN_000308c0	1	
30984	30990	padding	FUN_000308c0	3	
309b8	309c0	padding	FUN_00030990	2	
30a48	30a50	padding	FUN_000309c0	2	
30a58	30a60	padding	FUN_00030a50	2	
30be8	30bf0	padding	FUN_00030b50	2	
30c0c	30c10	padding	FUN_00030b50	1	
30c48	30c50	padding	FUN_00030b50	2	
30efc	30f00	padding	FUN_00030c50	1	
30f58	30f60	padding	FUN_00030f00	2	
3101c	31020	padding	FUN_00030f60	1	
31054	31060	padding	FUN_00030f60	3	
31144	31150	padding	FUN_00030f60	3	
31168	31170	padding	FUN_00030f60	2	
31214	31220	padding	FUN_00031170	3	
31338	31340	padding	FUN_00031220	2	
3178c	31790	padding	FUN_00031340	1	
3188c	31890	padding	FUN_00031340	1	
31b44	31b50	padding	FUN_00031940	3	
32178	32180	padding	FUN_00032100	2	
322a4	322b0	padding	FUN_00032100	3	
3238c	32390	padding	FUN_00032100	1	
323cc	323d0	padding	FUN_00032100	1	
32554	32560	padding	FUN_00032100	3	
328c8	328d0	padding	FUN_00032100	2	
33c94	33ca0	padding	FUN_00032100	3	
340ec	340f0	padding	FUN_00032100	1	
34114	34120	padding	FUN_00032100	3	
34164	34170	padding	FUN_00032100	3	
34194	341a0	padding	FUN_00032100	3	
341fc	34200	padding	FUN_000341a0	1	
34af4	34b00	padding	FUN_00034200	3	
34b0c	34b10	padding	FUN_00034200	1	
34e08	34e10	padding	FUN_00034200	2	
35368	35370	padding	FUN_00034200	2	
35398	353a0	padding	FUN_00034200	2	
3546c	35470	padding	FUN_000353a0	1	
354a8	354b0	padding	FUN_000353a0	2	
354f4	35500	padding	FUN_000353a0	3	
3605c	36060	padding	FUN_000353a0	1	
360b4	360c0	padding	FUN_000353a0	3	
36248	36250	padding	FUN_000353a0	2	
369ac	369b0	padding	FUN_000353a0	1	
369ec	369f0	padding	FUN_000353a0	1	
37868	37870	padding	FUN_000369f0	2	
37ee8	37ef0	padding	FUN_000369f0	2	
390f4	39100	padding	FUN_000369f0	3	
39194	391a0	padding	FUN_00039100	3	
391c8	391d0	padding	FUN_00039100	2	
391ec	391f0	padding	FUN_000391d0	1	
39244	39250	padding	_gldGetVersion	3	
39290	392a4	table	_gldGetString	5	
39604	39610	padding	FUN_00039330	3	
39a54	39a60	padding	FUN_00039610	3	
39d34	39d40	padding	FUN_00039a60	3	
3a014	3a020	padding	FUN_00039d40	3	
3a2f4	3a300	padding	FUN_0003a020	3	
3a5d4	3a5e0	padding	FUN_0003a300	3	
3a8b4	3a8c0	padding	FUN_0003a5e0	3	
3ab94	3aba0	padding	FUN_0003a8c0	3	
3ae74	3ae80	padding	FUN_0003aba0	3	
3b154	3b160	padding	FUN_0003ae80	3	
3b24c	3b250	padding	FUN_0003b160	1	
3b3d4	3b3e0	padding	FUN_0003b280	3	
3b49c	3b4a0	padding	FUN_0003b280	1	
3b4b4	3b4c0	padding	FUN_0003b280	3	
3b56c	3b570	padding	FUN_0003b280	1	
3b5a4	3b5b0	padding	FUN_0003b280	3	
3b614	3b620	padding	FUN_0003b5b0	3	
3bc00	3bc18	table	FUN_0003b870	6	
3bd14	3bd20	padding	FUN_0003b870	3	
3bde4	3bdf0	padding	FUN_0003b870	3	
3be38	3be50	table	FUN_0003b870	6	
3be58	3be60	padding	FUN_0003b870	2	
3bee4	3bef0	padding	FUN_0003b870	3	
3bf74	3bfc0	switch-code	FUN_0003b870	19	
3c014	3c034	table	FUN_0003b870	8	
3c178	3c180	padding	FUN_0003b870	2	
3c304	3c310	padding	FUN_0003b870	3	
3c3fc	3c400	padding	FUN_0003c310	1	
3c79c	3c7a0	padding	FUN_0003c400	1	
3c92c	3c948	table	FUN_0003c400	7	
3cb24	3cb30	padding	FUN_0003c400	3	
3cbf0	3cd14	table	FUN_0003c400	73	
3d268	3d270	padding	FUN_0003c400	2	
3d55c	3d560	padding	FUN_0003c400	1	
3d584	3d590	padding	FUN_0003c400	3	
3da24	3da3c	table	FUN_0003d590	6	
3db38	3db40	padding	FUN_0003d590	2	
3dc84	3dc90	padding	FUN_0003d590	3	
3dce0	3dcf8	table	FUN_0003d590	6	
3dde4	3ddf0	padding	FUN_0003d590	3	
3de18	3de64	switch-code	FUN_0003d590	19	
3deb8	3ded8	table	FUN_0003d590	8	
3e01c	3e020	padding	FUN_0003d590	1	
3e22c	3e230	padding	FUN_0003e1d0	1	
3e2b8	3e2c0	padding	FUN_0003e250	2	
3e2d8	3e2e0	padding	FUN_0003e250	2	
3e31c	3e320	padding	FUN_0003e250	1	
3e398	3e3a0	padding	FUN_0003e320	2	
3e414	3e420	padding	FUN_0003e3a0	3	
3e488	3e490	padding	FUN_0003e420	2	
3e4c8	3e4d0	padding	FUN_0003e4c0	2	
3e548	3e550	padding	FUN_0003e4d0	2	
3e5c4	3e5d0	padding	FUN_0003e4d0	3	
3e5f8	3e600	padding	FUN_0003e4d0	2	
3e69c	3e6a0	padding	FUN_0003e600	1	
3e73c	3e740	padding	FUN_0003e600	1	
3e894	3e8a0	padding	FUN_0003e600	3	
3e8ac	3e8b0	padding	FUN_0003e600	1	
3e8e4	3e8f0	padding	FUN_0003e600	3	
3e90c	3e910	padding	FUN_0003e600	1	
3ec98	3eca0	padding	FUN_0003eb70	2	
3ed44	3ed50	padding	FUN_0003eca0	3	
3ed8c	3ed90	padding	FUN_0003ed50	1	
3ee48	3ee50	padding	FUN_0003ee30	2	
3ee68	3ee70	padding	FUN_0003ee30	2	
3ee88	3ee90	padding	FUN_0003ee30	2	
3eecc	3eed0	padding	FUN_0003eea0	1	
3ef4c	3ef50	padding	FUN_0003eea0	1	
3f00c	3f010	padding	FUN_0003ef50	1	
3f044	3f050	padding	FUN_0003ef50	3	
3f104	3f110	padding	FUN_0003f050	3	
3f134	3f140	padding	FUN_0003f050	3	
3f1b8	3f1c0	padding	FUN_0003f050	2	
3f234	3f254	table	FUN_0003f1c0	8	
3f2c4	3f2d0	padding	FUN_0003f1c0	3	
3f2f4	3f300	padding	FUN_0003f1c0	3	
3f324	3f330	padding	FUN_0003f1c0	3	
3f364	3f370	padding	FUN_0003f1c0	3	
3f458	3f460	padding	FUN_0003f1c0	2	
3f4d4	3f4e0	padding	FUN_0003f1c0	3	
3f528	3f530	padding	FUN_0003f4e0	2	
3f5dc	3f5e0	padding	FUN_0003f5d0	1	
3f63c	3f640	padding	FUN_0003f5e0	1	
3f654	3f660	padding	FUN_0003f5e0	3	
3f718	3f720	padding	FUN_0003f660	2	
3f744	3f750	padding	FUN_0003f660	3	
3f7d4	3f7e0	padding	FUN_0003f750	3	
3f844	3f850	padding	FUN_0003f750	3	
3f89c	3f8a0	padding	FUN_0003f850	1	
3f9cc	3f9d0	padding	FUN_0003f850	1	
3f9e4	3f9f0	padding	FUN_0003f850	3	
3fa4c	3fa50	padding	FUN_0003f9f0	1	
3fb74	3fb80	padding	FUN_0003f9f0	3	
3fbc4	3fbd0	padding	FUN_0003f9f0	3	
3fbe4	3fbf0	padding	FUN_0003f9f0	3	
3fd78	3fd80	padding	FUN_0003fbf0	2	
3ff38	3ff40	padding	FUN_0003fd80	2	
3ff88	3ff90	padding	FUN_0003ff40	2	
40184	40190	padding	FUN_0003ff40	3	
401a4	401b0	padding	FUN_0003ff40	3	
4025c	40260	padding	FUN_000401b0	1	
40344	40350	padding	FUN_000401b0	3	
40364	40370	padding	FUN_000401b0	3	
4052c	40530	padding	FUN_00040374	1	
40554	40560	padding	FUN_00040374	3	
40988	40990	padding	FUN_00040374	2	
409bc	409c0	padding	FUN_00040374	1	
40a4c	40a50	padding	FUN_00040374	1	
40a9c	40ac4	other	FUN_00040374	10	
40cc8	40cd0	padding	FUN_00040ac4	2	
40e48	40e50	padding	FUN_00040ac4	2	
4122c	41230	padding	FUN_00040ac4	1	
412bc	412c0	padding	FUN_00040ac4	1	
4130c	41310	padding	FUN_00040ac4	1	
41408	41410	padding	FUN_00041310	2	
41498	414a0	padding	FUN_00041310	2	
41508	41510	padding	FUN_00041310	2	
4162c	41630	padding	FUN_00041510	1	
416e4	416f0	padding	FUN_00041510	3	
4172c	41730	padding	FUN_00041510	1	
41748	41750	padding	FUN_00041510	2	
418bc	418c0	padding	FUN_00041750	1	
41aa4	41ab0	padding	FUN_00041750	3	
41b94	41ba0	padding	FUN_00041750	3	
41bdc	41be0	padding	FUN_00041750	1	
41bf8	41c00	padding	FUN_00041750	2	
41dfc	41e00	padding	FUN_00041c00	1	
4216c	42170	padding	FUN_00041c00	1	
42344	42350	padding	FUN_00041c00	3	
425cc	425d0	padding	FUN_00041c00	1	
427d4	427e0	padding	FUN_00041c00	3	
429bc	429c0	padding	FUN_00041c00	1	
42bbc	42bc0	padding	FUN_00041c00	1	
42db8	42dc0	padding	FUN_00041c00	2	
42df4	42e00	padding	FUN_00041c00	3	
42f6c	42f70	padding	FUN_00042e00	1	
4317c	43180	padding	FUN_00042e00	1	
432ec	432f0	padding	FUN_00042e00	1	
434dc	434e0	padding	FUN_00042e00	1	
43738	43740	padding	FUN_00042e00	2	
4383c	43840	padding	FUN_00042e00	1	
439dc	439e0	padding	FUN_00042e00	1	
43bac	43bb0	padding	FUN_00042e00	1	
43da8	43db0	padding	FUN_00042e00	2	
43de4	43df0	padding	FUN_00042e00	3	
43f1c	43f20	padding	FUN_00043df0	1	
43f54	43f60	padding	FUN_00043df0	3	
440b8	440c0	padding	FUN_00043f60	2	
4421c	44220	padding	FUN_00043f60	1	
4431c	44320	padding	FUN_00043f60	1	
44354	44360	padding	FUN_00043f60	3	
443fc	44400	padding	FUN_00044360	1	
4449c	444a0	padding	FUN_00044360	1	
444d4	444e0	padding	FUN_00044360	3	
444f8	44500	padding	FUN_00044360	2	
4466c	44670	padding	FUN_00044500	1	
447dc	447e0	padding	FUN_00044500	1	
44948	44950	padding	FUN_00044500	2	
449cc	449d0	padding	FUN_00044500	1	
44a78	44a80	padding	FUN_00044500	2	
44ab4	44ac0	padding	FUN_00044500	3	
44c28	44c30	padding	FUN_00044ac0	2	
44c6c	44c70	padding	FUN_00044ac0	1	
44c84	44c90	padding	FUN_00044ac0	3	
44e54	44e60	padding	FUN_00044c90	3	
45074	45080	padding	FUN_00044c90	3	
4531c	45320	padding	FUN_00044c90	1	
45418	45420	padding	FUN_00044c90	2	
4551c	45520	padding	FUN_00044c90	1	
457c8	457d0	padding	FUN_00044c90	2	
457e8	457f0	padding	FUN_00044c90	2	
45d74	45d80	padding	FUN_000457f0	3	
46144	46150	padding	FUN_000457f0	3	
46174	46180	padding	FUN_000457f0	3	
461d4	461e0	padding	FUN_00046180	3	
463e4	463f0	padding	FUN_00046180	3	
464b8	464c0	padding	FUN_00046180	2	
46608	46610	padding	FUN_00046180	2	
468cc	468d0	padding	FUN_000467a0	1	
469f8	46a00	padding	FUN_000467a0	2	
46a24	46a30	padding	FUN_000467a0	3	
46aa8	46ab0	padding	FUN_00046a30	2	
46b8c	46b90	padding	FUN_00046a30	1	
46c84	46c90	padding	FUN_00046a30	3	
46e64	46e70	padding	FUN_00046a30	3	
46e8c	46e90	padding	FUN_00046a30	1	
46ed8	46ee0	padding	FUN_00046e90	2	
470a4	470b0	padding	FUN_00046e90	3	
47178	47180	padding	FUN_00046e90	2	
47238	47240	padding	FUN_00046e90	2	
4728c	47290	padding	FUN_00046e90	1	
476e8	476f0	padding	FUN_00046e90	2	
47c44	47c50	padding	FUN_00046e90	3	
47ff4	48000	padding	FUN_00046e90	3	
48034	48040	padding	FUN_00046e90	3	
482b8	482c0	padding	FUN_00046e90	2	
48428	48430	padding	FUN_00046e90	2	
487d8	487e0	padding	FUN_00046e90	2	
488f8	48900	padding	FUN_00046e90	2	
48928	48930	padding	FUN_00046e90	2	
48a3c	48a40	padding	FUN_00046e90	1	
48b4c	48b50	padding	FUN_00046e90	1	
48bc4	48bd0	padding	FUN_00046e90	3	
48d28	48d30	padding	FUN_00046e90	2	
48fc0	48fec	table	FUN_00048da0	11	
49184	491a4	table	FUN_00048da0	8	
491e4	491f0	padding	FUN_00048da0	3	
492fc	49310	table	FUN_00048da0	5	
4953c	49540	padding	FUN_00048da0	1	
498f4	49900	padding	FUN_00048da0	3	
4a484	4a490	padding	FUN_00048da0	3	
4a4dc	4a4e0	padding	FUN_00048da0	1	
4a694	4a6a0	padding	FUN_00048da0	3	
4a80c	4a810	padding	FUN_0004a7d0	1	
4a824	4a830	padding	FUN_0004a7d0	3	
4a858	4a860	padding	FUN_0004a830	2	
4a894	4a8a0	padding	FUN_0004a860	3	
4a8c8	4a8d0	padding	FUN_0004a860	2	
4a8e4	4a8f0	padding	FUN_0004a860	3	
4a938	4a940	padding	FUN_0004a8f0	2	
4a954	4a960	padding	FUN_0004a8f0	3	
4a9f4	4aa00	padding	FUN_0004a990	3	
4aa68	4aa70	padding	FUN_0004aa00	2	
4ab54	4ab60	padding	FUN_0004aa90	3	
4b188	4b190	padding	FUN_0004ac90	2	
4b1e4	4b1f0	padding	FUN_0004b190	3	
4b234	4b240	padding	FUN_0004b190	3	
4b2ec	4b2f0	padding	FUN_0004b190	1	
4b308	4b310	padding	FUN_0004b190	2	
4b44c	4b450	padding	FUN_0004b190	1	
4b458	4b460	padding	FUN_0004b190	2	
4b47c	4b480	padding	FUN_0004b190	1	
4b514	4b520	padding	FUN_0004b480	3	
4b53c	4b540	padding	FUN_0004b520	1	
4b568	4b570	padding	FUN_0004b520	2	
4b5ac	4b5b0	padding	FUN_0004b520	1	
4b63c	4b640	padding	FUN_0004b5d0	1	
4b668	4b670	padding	FUN_0004b5d0	2	
4b704	4b710	padding	FUN_0004b5d0	3	
4b7cc	4b7d0	padding	FUN_0004b710	1	
4b84c	4b850	padding	FUN_0004b7d0	1	
4b934	4b940	padding	FUN_0004b7d0	3	
4b954	4b960	padding	FUN_0004b7d0	3	
4b974	4b980	padding	FUN_0004b7d0	3	
4baec	4baf0	padding	FUN_0004b980	1	
4bbec	4bbf0	padding	FUN_0004b980	1	
4bd28	4bd30	padding	FUN_0004bbf0	2	
4be0c	4be10	padding	FUN_0004bbf0	1	
4be94	4bea0	padding	FUN_0004bbf0	3	
4beec	4bef0	padding	FUN_0004bbf0	1	
4bf54	4bf60	padding	FUN_0004bbf0	3	
4c0f4	4c100	padding	FUN_0004bbf0	3	
4c128	4c130	padding	FUN_0004c100	2	
4c1bc	4c1c0	padding	FUN_0004c100	1	
4c25c	4c260	padding	FUN_0004c100	1	
4c53c	4c540	padding	FUN_0004c260	1	
4c544	4c560	other	FUN_0004c540	7	
4c718	4c720	padding	FUN_0004c560	2	
4c7a4	4c7b0	padding	FUN_0004c720	3	
4c7cc	4c7d0	padding	FUN_0004c720	1	
4c874	4c880	padding	FUN_0004c720	3	
4c984	4c990	padding	FUN_0004c720	3	
4c9d8	4c9e0	padding	FUN_0004c720	2	
4cae4	4caf0	padding	FUN_0004c720	3	
4cb38	4cb40	padding	FUN_0004c720	2	
4cc44	4cc50	padding	FUN_0004c720	3	
4cca4	4ccb0	padding	FUN_0004c720	3	
4cddc	4cde0	padding	FUN_0004c720	1	
4ce28	4ce30	padding	FUN_0004cde0	2	
4cec8	4ced0	padding	FUN_0004ce30	2	
4cf24	4cf44	table	FUN_0004ce30	8	
4d2a8	4d2b0	padding	FUN_0004d100	2	
4d518	4d520	padding	FUN_0004d100	2	
4d564	4d570	padding	FUN_0004d100	3	
4d5f8	4d600	padding	FUN_0004d100	2	
4d614	4d620	padding	FUN_0004d100	3	
4d738	4d740	padding	FUN_0004d620	2	
4dab8	4dac0	padding	FUN_0004d770	2	
4db44	4db50	padding	FUN_0004dac0	3	
4dbdc	4dbe0	padding	FUN_0004dac0	1	
4dc2c	4dc30	padding	FUN_0004dbe0	1	
4dd0c	4dd10	padding	FUN_0004dc30	1	
4dd38	4dd40	padding	FUN_0004dd10	2	
4ddb4	4ddc0	padding	FUN_0004dd40	3	
4de28	4de30	padding	FUN_0004ddc0	2	
4de58	4de60	padding	FUN_0004de30	2	
4deec	4def0	padding	FUN_0004de30	1	
4e2a8	4e2b0	padding	FUN_0004def0	2	
4e4d4	4e4e0	padding	FUN_0004def0	3	
4e968	4e970	padding	FUN_0004e880	2	
4e984	4e990	padding	FUN_0004e880	3	
4e9ec	4e9f0	padding	FUN_0004e990	1	
4ea2c	4ea30	padding	FUN_0004e990	1	
4ea68	4ea70	padding	FUN_0004e990	2	
4ea9c	4eaa0	padding	FUN_0004ea70	1	
4ead8	4eae0	padding	FUN_0004ea70	2	
4eaec	4eaf0	padding	FUN_0004ea70	1	
4eb2c	4eb30	padding	FUN_0004ea70	1	
4eb48	4eb50	padding	FUN_0004ea70	2	
4eb68	4eb70	padding	FUN_0004ea70	2	
4eb98	4eba0	padding	FUN_0004ea70	2	
4ec24	4ec30	padding	FUN_0004eba0	3	
4ec8c	4ec90	padding	FUN_0004eba0	1	
4ed8c	4ed90	padding	FUN_0004eba0	1	
4edf8	4ee00	padding	FUN_0004ed90	2	
4ee38	4ee40	padding	FUN_0004ed90	2	
4ef04	4ef10	padding	FUN_0004ed90	3	
4ef64	4ef70	padding	FUN_0004ed90	3	
4ef9c	4efa0	padding	FUN_0004ed90	1	
4eff4	4f000	padding	FUN_0004ed90	3	
4f04c	4f050	padding	FUN_0004ed90	1	
4f0a4	4f0b0	padding	FUN_0004f080	3	
4f108	4f110	padding	FUN_0004f080	2	
4f13c	4f140	padding	FUN_0004f080	1	
4f158	4f160	padding	FUN_0004f080	2	
4f19c	4f1a0	padding	FUN_0004f160	1	
4f1f8	4f200	padding	FUN_0004f160	2	
4f258	4f260	padding	FUN_0004f160	2	
4f2d4	4f2e0	padding	FUN_0004f160	3	
4f49c	4f4a0	padding	FUN_0004f2e0	1	
4f54c	4f550	padding	FUN_0004f2e0	1	
4f688	4f690	padding	FUN_0004f550	2	
4f71c	4f720	padding	FUN_0004f550	1	
4f97c	4f980	padding	FUN_0004f720	1	
4f994	4f9a0	padding	FUN_0004f720	3	
4f9b4	4f9c0	padding	FUN_0004f720	3	
4fd1c	4fd20	padding	FUN_0004fc80	1	
4ff6c	4ff70	padding	FUN_0004fd80	1	
4ffcc	4ffe8	table	FUN_0004ff70	7	
4fff4	50000	padding	FUN_0004ff70	3	
5010c	50110	padding	FUN_0004ff70	1	
5013c	50140	padding	FUN_0004ff70	1	
50274	50280	padding	FUN_00050140	3	
502f4	50300	padding	FUN_00050140	3	
50eb8	50ec0	padding	FUN_00050300	2	
5100c	51010	padding	FUN_00050ef0	1	
513e8	513f0	padding	FUN_00051010	2	
51418	51420	padding	FUN_00051010	2	
51f1c	51f20	padding	FUN_00051420	1	
51f78	51fb8	table	FUN_00051420	16	
52054	52060	padding	FUN_00051420	3	
52274	52280	padding	FUN_000520c0	3	
52494	524a0	padding	FUN_00052280	3	
52cbc	52cc0	padding	FUN_00052280	1	
52d64	52d70	padding	FUN_00052cc0	3	
52e04	52e10	padding	FUN_00052cc0	3	
52e4c	52e60	millicode	FUN_00052cc0	5	
52eac	52eb0	padding	FUN_00052e60	1	
52ed4	52ee0	padding	FUN_00052e60	3	
52ff4	53000	padding	FUN_00052f60	3	
53034	53040	padding	FUN_00053000	3	
53054	53060	padding	FUN_00053040	3	
53064	53070	padding	FUN_00053060	3	
53094	530a0	padding	FUN_00053070	3	
530b8	530c0	padding	FUN_000530a0	2	
53114	53120	padding	FUN_000530c0	3	
5316c	53170	padding	FUN_000530c0	1	
53188	53190	padding	FUN_000530c0	2	
531a8	531b0	padding	FUN_00053190	2	
531d8	531e0	padding	FUN_00053190	2	
53214	53220	padding	FUN_00053190	3	
5333c	53340	padding	FUN_00053220	1	
53494	534a0	padding	FUN_00053340	3	
534bc	534c0	padding	FUN_00053340	1	
535c4	53610	other	FUN_000534c0	19	
53698	536a0	padding	FUN_00053610	2	
537b4	537c0	padding	FUN_00053730	3	
538d4	538e0	padding	FUN_000537c0	3	
53984	53990	padding	FUN_000538e0	3	
53a84	53a90	padding	FUN_00053990	3	
53ac8	53ad0	padding	FUN_00053a90	2	
53afc	53b00	padding	FUN_00053a90	1	
53b54	53b60	padding	FUN_00053b00	3	
53c84	53c90	padding	FUN_00053b60	3	
53da4	53dc0	millicode	FUN_00053b60	7	
53dd4	53de0	padding	FUN_00053dc0	3	
53e2c	53e30	padding	FUN_00053de0	1	
53efc	53f00	padding	FUN_00053ef0	1	
53f7c	53f80	padding	FUN_00053f00	1	
53ffc	54000	padding	FUN_00053f80	1	
54194	541a0	padding	FUN_00054080	3	
54264	54270	padding	FUN_000541a0	3	
543a4	543b0	padding	FUN_00054270	3	
54454	54460	padding	FUN_000543b0	3	
54468	54470	padding	FUN_00054460	2	
544f8	54500	padding	FUN_00054470	2	
54588	54590	padding	FUN_00054470	2	
545bc	545c0	padding	FUN_00054590	1	
5463c	54640	padding	FUN_00054590	1	
54654	54660	padding	FUN_00054590	3	
54674	54680	padding	FUN_00054590	3	
547ec	547f0	padding	FUN_000546d0	1	
54934	54940	padding	FUN_000547f0	3	
54978	54980	padding	FUN_00054940	2	
54a0c	54a10	padding	FUN_00054980	1	
54a88	54a90	padding	FUN_00054980	2	
54af4	54b00	padding	FUN_00054a90	3	
54b14	54b20	padding	FUN_00054a90	3	
54d94	54da0	padding	FUN_00054c10	3	
54dc4	54dd0	padding	FUN_00054da0	3	
54f48	54f50	padding	FUN_00054dd0	2	
54f84	54f90	padding	FUN_00054f50	3	
5506c	55070	padding	FUN_00054f50	1	
550dc	550e0	padding	FUN_00054f50	1	
550fc	55100	padding	FUN_000550e0	1	
55144	55150	padding	FUN_000550e0	3	
551d8	551e0	padding	FUN_000550e0	2	
551ec	551f0	padding	FUN_000550e0	1	
5521c	55220	padding	FUN_000551f0	1	
552d4	552e0	padding	FUN_000551f0	3	
552f4	55300	padding	FUN_000551f0	3	
553b8	553c0	padding	FUN_00055300	2	
554a4	554b0	padding	FUN_000553c0	3	
554cc	554d0	padding	FUN_000553c0	1	
555e4	555f0	padding	FUN_000553c0	3	
55608	55610	padding	FUN_000553c0	2	
556f4	55700	padding	FUN_00055610	3	
55754	55760	padding	FUN_00055610	3	
557bc	557c0	padding	FUN_00055610	1	
559c8	559d0	padding	FUN_00055610	2	
55a24	55a30	padding	FUN_00055610	3	
55af4	55b00	padding	FUN_00055a60	3	
55b48	55b50	padding	FUN_00055a60	2	
55cfc	55d00	padding	FUN_00055b50	1	
55d94	55da0	padding	FUN_00055d00	3	
55de8	55df0	padding	FUN_00055da0	2	
55e1c	55e20	padding	FUN_00055da0	1	
55e8c	55e90	padding	FUN_00055da0	1	
55eec	55ef0	padding	FUN_00055da0	1	
55f6c	55f70	padding	FUN_00055da0	1	
56144	56150	padding	FUN_00055da0	3	
56238	56240	padding	FUN_00055da0	2	
56324	56330	padding	FUN_00055da0	3	
564b4	564c0	padding	FUN_00055da0	3	
56784	56790	padding	FUN_000564c0	3	
567b4	567c0	padding	FUN_000564c0	3	
56924	56930	padding	FUN_000564c0	3	
56954	56960	padding	FUN_000564c0	3	
56b74	56b80	padding	FUN_000564c0	3	
56bc8	56bd0	padding	FUN_00056b80	2	
56bd8	56be0	padding	FUN_00056b80	2	
56dec	56df0	padding	FUN_00056be0	1	
56f14	56f20	padding	FUN_00056be0	3	
56fa8	56fb0	padding	FUN_00056f20	2	
56fc4	56fd0	padding	FUN_00056f20	3	
57034	57040	padding	FUN_00056f20	3	
57098	570a0	padding	FUN_00056f20	2	
571a4	571b0	padding	FUN_00056f20	3	
5728c	57290	padding	FUN_00056f20	1	
57334	57340	padding	FUN_00056f20	3	
57384	573b0	table	FUN_00057340	11	
57478	57480	padding	FUN_00057340	2	
574c4	574f0	table	FUN_00057340	11	
575bc	575e8	table	FUN_00057340	11	
576b4	576e0	table	FUN_00057340	11	
577e8	577f0	padding	FUN_00057340	2	
57ae8	57af0	padding	FUN_00057340	2	
57bcc	57bd0	padding	FUN_00057b80	1	
57cec	57cf0	padding	FUN_00057b80	1	
57d48	57d50	padding	FUN_00057cf0	2	
582f4	58300	padding	FUN_00057cf0	3	
5844c	58450	padding	FUN_00058300	1	
58684	58690	padding	FUN_00058450	3	
587c4	587d0	padding	FUN_00058450	3	
589ec	589f0	padding	FUN_000587d0	1	
58b0c	58b10	padding	FUN_000587d0	1	
58d2c	58d30	padding	FUN_00058b10	1	
58e4c	58e50	padding	FUN_00058b10	1	
5906c	59070	padding	FUN_00058e50	1	
5918c	59190	padding	FUN_00058e50	1	
5944c	59450	padding	FUN_00059190	1	
59638	59640	padding	FUN_00059190	2	
59828	59830	padding	FUN_00059190	2	
59b74	59b80	padding	FUN_00059190	3	
59ecc	59ed0	padding	FUN_00059cb0	1	
59fec	59ff0	padding	FUN_00059cb0	1	
5a20c	5a210	padding	FUN_00059ff0	1	
5a32c	5a330	padding	FUN_00059ff0	1	
5a54c	5a550	padding	FUN_0005a330	1	
5a66c	5a670	padding	FUN_0005a330	1	
5a88c	5a890	padding	FUN_0005a670	1	
5a9ac	5a9b0	padding	FUN_0005a670	1	
5ac2c	5ac30	padding	FUN_0005a9b0	1	
5ae0c	5ae10	padding	FUN_0005a9b0	1	
5b3b4	5b3c0	padding	FUN_0005b010	3	
5b83c	5b840	padding	FUN_0005b620	1	
5b95c	5b960	padding	FUN_0005b620	1	
5c334	5c340	padding	FUN_0005bf60	3	
5c5f4	5c600	padding	FUN_0005bf60	3	
5c664	5c670	padding	FUN_0005c600	3	
5cc1c	5cc20	padding	FUN_0005c600	1	
5cea4	5ced0	table	FUN_0005cd60	11	
5cf98	5cfa0	padding	FUN_0005cd60	2	
5cfe4	5d010	table	FUN_0005cd60	11	
5d0dc	5d108	table	FUN_0005cd60	11	
5d1d4	5d200	table	FUN_0005cd60	11	
5d2e4	5d2f0	padding	FUN_0005cd60	3	
5d464	5d470	padding	FUN_0005d2f0	3	
5d618	5d620	padding	FUN_0005d470	2	
5d77c	5d780	padding	FUN_0005d620	1	
5d79c	5d7a0	padding	FUN_0005d620	1	
5d848	5d850	padding	FUN_0005d620	2	
5d868	5d870	padding	FUN_0005d620	2	
5dbdc	5dbe0	padding	FUN_0005d9c0	1	
5dcfc	5dd00	padding	FUN_0005d9c0	1	
5de44	5de50	padding	FUN_0005dd00	3	
5df94	5dfa0	padding	FUN_0005de50	3	
5e4f8	5e500	padding	FUN_0005e0d0	2	
5e764	5e770	padding	FUN_0005e0d0	3	
5e798	5e7a0	padding	FUN_0005e770	2	
5e7e4	5e7f0	padding	FUN_0005e770	3	
5e888	5e890	padding	FUN_0005e7f0	2	
5e924	5e968	table	FUN_0005e7f0	17	
5ea8c	5ea90	padding	FUN_0005e7f0	1	
5ebac	5ebf0	table	FUN_0005e7f0	17	
5ed14	5ed20	padding	FUN_0005e7f0	3	
5ee3c	5ee80	table	FUN_0005e7f0	17	
5efa4	5efb0	padding	FUN_0005e7f0	3	
5f534	5f540	padding	FUN_0005e7f0	3	
5f654	5f660	padding	FUN_0005f540	3	
5f6bc	5f6c0	padding	FUN_0005f540	1	
5f71c	5f720	padding	FUN_0005f540	1	
5f804	5f810	padding	FUN_0005f540	3	
5f868	5f870	padding	FUN_0005f810	2	
60214	60220	padding	FUN_0005f810	3	
61dbc	61dc0	padding	FUN_0005f810	1	
61e8c	61e90	padding	FUN_00061dc0	1	
61ea4	61eb0	padding	FUN_00061dc0	3	
6203c	62040	padding	FUN_00061eb0	1	
6204c	62050	padding	FUN_00061eb0	1	
62114	62120	padding	FUN_00061eb0	3	
6221c	62220	padding	FUN_00062120	1	
62364	62370	padding	FUN_00064f40	3	
623d8	623e0	padding	FUN_00064f40	2	
62408	62410	padding	FUN_00064f40	2	
62484	62490	padding	FUN_00064f40	3	
62508	62510	padding	FUN_00064f40	2	
6256c	62570	padding	FUN_00064f40	1	
627d8	627e4	millicode	FUN_00064f40	3	
62884	62890	padding	FUN_000627e4	3	
62938	62940	padding	FUN_00064f40	2	
62a54	62a60	padding	FUN_00064f40	3	
62a64	62a70	padding	FUN_00064f40	3	
62ae4	62af0	padding	FUN_00064f40	3	
640e8	640f0	padding	FUN_00064f40	2	
6412c	64190	switch-code	FUN_000640f0	25	
64408	64410	padding	FUN_00064230	2	
64a04	64a10	padding	FUN_00064f40	3	
64c3c	64c40	padding	FUN_00064a10	1	
64f18	64f20	padding	FUN_00064a10	2	
64f34	64f40	padding	FUN_00064f40	3	
650ac	650b0	padding	FUN_00064f40	1	
6519c	651a0	padding	FUN_00064f40	1	
651d8	651e0	padding	FUN_00064a10	2	
653f4	65400	padding	FUN_00065370	3	
6540c	65410	padding	FUN_00065370	1	
65518	65520	padding	FUN_00065370	2	
65604	65610	padding	FUN_00065370	3	
656a8	656b0	padding	FUN_00065610	2	
65964	65970	padding	FUN_000656b0	3	
659c8	659d0	padding	FUN_000656b0	2	
65c34	65c40	padding	FUN_000659d0	3	
65c74	65c80	padding	FUN_00065c40	3	
65c84	65c90	padding	FUN_00065c80	3	
65dd8	65de0	padding	FUN_00065c90	2	
65f54	65f60	padding	FUN_00065ea0	3	
65f7c	65f80	padding	FUN_00065ea0	1	
66044	66050	padding	FUN_00065ea0	3	
6608c	66090	padding	FUN_00065ea0	1	
661bc	661c0	padding	FUN_00065ea0	1	
6663c	66640	padding	FUN_00065ea0	1	
666e4	666f0	padding	FUN_00066640	3	
6670c	66710	padding	FUN_00066640	1	
667d4	667e0	padding	FUN_00066640	3	
6681c	66820	padding	FUN_00066640	1	
66b7c	66b80	padding	FUN_00066640	1	
66c34	66c40	padding	FUN_00066b80	3	
66c5c	66c60	padding	FUN_00066b80	1	
66d24	66d30	padding	FUN_00066b80	3	
66d6c	66d70	padding	FUN_00066b80	1	
66e9c	66ea0	padding	FUN_00066b80	1	
6731c	67320	padding	FUN_00066b80	1	
673d4	673e0	padding	FUN_00067320	3	
673fc	67400	padding	FUN_00067320	1	
674c4	674d0	padding	FUN_00067320	3	
6750c	67510	padding	FUN_00067320	1	
6763c	67640	padding	FUN_00067320	1	
67abc	67ac0	padding	FUN_00067320	1	
67b84	67b90	padding	FUN_00067ac0	3	
67bac	67bb0	padding	FUN_00067ac0	1	
67c74	67c80	padding	FUN_00067ac0	3	
67cbc	67cc0	padding	FUN_00067ac0	1	
67dec	67df0	padding	FUN_00067ac0	1	
67f1c	67f20	padding	FUN_00067ac0	1	
684bc	684c0	padding	FUN_00067ac0	1	
689e8	689f0	padding	FUN_000684c0	2	
68a0c	68a10	padding	FUN_000684c0	1	
68ad8	68ae0	padding	FUN_000684c0	2	
68b1c	68b20	padding	FUN_000684c0	1	
68c1c	68c20	padding	FUN_000684c0	1	
68c34	68c40	padding	FUN_000684c0	3	
68d58	68d60	padding	FUN_000684c0	2	
68d74	68d80	padding	FUN_000684c0	3	
6932c	69330	padding	FUN_000684c0	1	
6946c	69470	padding	FUN_00069330	1	
6959c	695a0	padding	FUN_00069330	1	
69f1c	69f20	padding	FUN_00069330	1	
6a3f4	6a400	padding	FUN_00069330	3	
6a4b4	6a4c0	padding	FUN_0006a400	3	
6a4dc	6a4e0	padding	FUN_0006a400	1	
6a5a4	6a5b0	padding	FUN_0006a400	3	
6a5ec	6a5f0	padding	FUN_0006a400	1	
6a71c	6a720	padding	FUN_0006a400	1	
6ab9c	6aba0	padding	FUN_0006a400	1	
6ac54	6ac60	padding	FUN_0006aba0	3	
6ac7c	6ac80	padding	FUN_0006aba0	1	
6ad44	6ad50	padding	FUN_0006aba0	3	
6ad8c	6ad90	padding	FUN_0006aba0	1	
6aebc	6aec0	padding	FUN_0006aba0	1	
6b33c	6b340	padding	FUN_0006aba0	1	
6b3fc	6b400	padding	FUN_0006b340	1	
6b41c	6b420	padding	FUN_0006b340	1	
6b4e4	6b4f0	padding	FUN_0006b340	3	
6b52c	6b530	padding	FUN_0006b340	1	
6b65c	6b660	padding	FUN_0006b340	1	
6badc	6bae0	padding	FUN_0006b340	1	
6bb9c	6bba0	padding	FUN_0006bae0	1	
6bbbc	6bbc0	padding	FUN_0006bae0	1	
6bc84	6bc90	padding	FUN_0006bae0	3	
6bccc	6bcd0	padding	FUN_0006bae0	1	
6bdfc	6be00	padding	FUN_0006bae0	1	
6c27c	6c280	padding	FUN_0006bae0	1	
6c324	6c330	padding	FUN_0006c280	3	
6c34c	6c350	padding	FUN_0006c280	1	
6c414	6c420	padding	FUN_0006c280	3	
6c45c	6c460	padding	FUN_0006c280	1	
6c7bc	6c7c0	padding	FUN_0006c280	1	
6c864	6c870	padding	FUN_0006c7c0	3	
6c88c	6c890	padding	FUN_0006c7c0	1	
6c954	6c960	padding	FUN_0006c7c0	3	
6c99c	6c9a0	padding	FUN_0006c7c0	1	
6ccfc	6cd00	padding	FUN_0006c7c0	1	
6cda4	6cdb0	padding	FUN_0006cd00	3	
6cdcc	6cdd0	padding	FUN_0006cd00	1	
6ce94	6cea0	padding	FUN_0006cd00	3	
6cedc	6cee0	padding	FUN_0006cd00	1	
6d23c	6d240	padding	FUN_0006cd00	1	
6d2e4	6d2f0	padding	FUN_0006d240	3	
6d30c	6d310	padding	FUN_0006d240	1	
6d3d4	6d3e0	padding	FUN_0006d240	3	
6d41c	6d420	padding	FUN_0006d240	1	
6d77c	6d780	padding	FUN_0006d240	1	
6d824	6d830	padding	FUN_0006d780	3	
6d84c	6d850	padding	FUN_0006d780	1	
6d914	6d920	padding	FUN_0006d780	3	
6d95c	6d960	padding	FUN_0006d780	1	
6dcbc	6dcc0	padding	FUN_0006d780	1	
6dd74	6dd80	padding	FUN_0006dcc0	3	
6dd9c	6dda0	padding	FUN_0006dcc0	1	
6de64	6de70	padding	FUN_0006dcc0	3	
6deac	6deb0	padding	FUN_0006dcc0	1	
6dfdc	6dfe0	padding	FUN_0006dcc0	1	
6e45c	6e460	padding	FUN_0006dcc0	1	
6e524	6e530	padding	FUN_0006e460	3	
6e54c	6e550	padding	FUN_0006e460	1	
6e614	6e620	padding	FUN_0006e460	3	
6e65c	6e660	padding	FUN_0006e460	1	
6e78c	6e790	padding	FUN_0006e460	1	
6ec0c	6ec10	padding	FUN_0006e460	1	
6ed28	6ed30	padding	FUN_0006ec10	2	
6ed6c	6ed70	padding	FUN_0006ec10	1	
6f19c	6f1a0	padding	FUN_0006ec10	1	
6f588	6f590	padding	FUN_0006ec10	2	
6f5cc	6f5d0	padding	FUN_0006ec10	1	
6f99c	6f9a0	padding	FUN_0006ec10	1	
6fd08	6fd10	padding	FUN_0006ec10	2	
6fdc4	6fdd0	padding	FUN_0006fd10	3	
6febc	6fec0	padding	FUN_0006fdd0	1	
6ff1c	6ff20	padding	FUN_0006fdd0	1	
6ff7c	6ff80	padding	FUN_0006fdd0	1	
700e8	700f0	padding	FUN_0006fdd0	2	
70168	70170	padding	FUN_0006fdd0	2	
70274	70280	padding	FUN_0006fdd0	3	
7038c	70390	padding	FUN_0006fdd0	1	
704f8	70500	padding	FUN_0006fdd0	2	
70518	70520	padding	FUN_0006fdd0	2	
70598	705a0	padding	FUN_00070520	2	
70624	70630	padding	FUN_00070520	3	
708a4	708b0	padding	FUN_00070630	3	
708d4	708e0	padding	FUN_00070630	3	
709cc	709d0	padding	FUN_00070630	1	
709f4	70a00	padding	FUN_00070630	3	
70bc8	70bd0	padding	FUN_00070630	2	
70be4	70bf0	padding	FUN_00070630	3	
70c38	70c40	padding	FUN_00070bf0	2	
70c48	70c50	padding	FUN_00070bf0	2	
70c54	70c60	padding	FUN_00070c50	3	
70c64	70c70	padding	FUN_00070c60	3	
70c7c	70c80	padding	FUN_00070c70	1	
70cc8	70cd0	padding	FUN_00070c70	2	
70ce4	70cf0	padding	FUN_00070cd0	3	
70d2c	70d30	padding	FUN_00070cd0	1	
70d5c	70d60	padding	FUN_00070cd0	1	
70d74	70d80	padding	FUN_00070cd0	3	
70fd8	70fe0	padding	FUN_00070d80	2	
713ac	713b0	padding	FUN_00070d80	1	
71bb4	71bc0	padding	FUN_00070d80	3	
71d6c	71db0	switch-code	FUN_00071bc0	17	
7218c	721d0	switch-code	FUN_00071bc0	17	
725ac	725f0	switch-code	FUN_00071bc0	17	
734b4	734c0	padding	FUN_00071bc0	3	
73878	73880	padding	FUN_00071bc0	2	
738b4	738c0	padding	FUN_00071bc0	3	
73938	73960	table	FUN_000738c0	10	
739f0	73a18	table	FUN_000738c0	10	
73aa0	73ac8	table	FUN_000738c0	10	
73b50	73b78	table	FUN_000738c0	10	
73c08	73c10	padding	FUN_000738c0	2	
73c4c	73c50	padding	FUN_000738c0	1	
73c9c	73ca0	padding	FUN_000738c0	1	
73ca8	73cb0	padding	FUN_000738c0	2	
73ce4	73cf0	padding	FUN_000738c0	3	
73cf8	73d00	padding	FUN_000738c0	2	
73e18	73e20	padding	FUN_000738c0	2	
73f08	73f10	padding	FUN_000738c0	2	
73ffc	74000	padding	FUN_000738c0	1	
744c4	744d0	padding	FUN_000738c0	3	
745d4	745e0	padding	FUN_000744d0	3	
7485c	74860	padding	FUN_000744d0	1	
74a64	74a70	padding	FUN_000744d0	3	
74bfc	74c00	padding	FUN_00074b30	1	
74cbc	74cc0	padding	FUN_00074c00	1	
74d5c	74d60	padding	FUN_00074cc0	1	
74e2c	74e30	padding	FUN_00074d60	1	
74ecc	74ed0	padding	FUN_00074e30	1	
75058	75060	padding	FUN_00074ed0	2	
75128	75130	padding	FUN_00075060	2	
75228	75230	padding	FUN_00075060	2	
752b8	752c0	padding	FUN_00075060	2	
7535c	75360	padding	FUN_000752c0	1	
753fc	75400	padding	FUN_00075360	1	
7549c	754a0	padding	FUN_00075400	1	
7556c	75570	padding	FUN_000754a0	1	
7563c	75640	padding	FUN_00075570	1	
7570c	75710	padding	FUN_00075640	1	
757ac	757b0	padding	FUN_00075710	1	
7584c	75850	padding	FUN_000757b0	1	
7591c	75920	padding	FUN_00075850	1	
759bc	759c0	padding	FUN_00075920	1	
75a5c	75a60	padding	FUN_000759c0	1	
75afc	75b00	padding	FUN_00075a60	1	
75b9c	75ba0	padding	FUN_00075b00	1	
75c8c	75c90	padding	FUN_00075ba0	1	
75d5c	75d60	padding	FUN_00075c90	1	
75e2c	75e30	padding	FUN_00075d60	1	
75efc	75f00	padding	FUN_00075e30	1	
75fcc	75fd0	padding	FUN_00075f00	1	
7606c	76070	padding	FUN_00075fd0	1	
7615c	76160	padding	FUN_00076070	1	
7622c	76230	padding	FUN_00076160	1	
762fc	76300	padding	FUN_00076230	1	
763cc	763d0	padding	FUN_00076300	1	
7649c	764a0	padding	FUN_000763d0	1	
7655c	76560	padding	FUN_000764a0	1	
7676c	76770	padding	FUN_00076560	1	
768c8	768d0	padding	FUN_00076770	2	
768d8	768e0	padding	FUN_00076770	2	
7695c	76960	padding	FUN_000768e0	1	
76a64	76ac0	other	FUN_000768e0	23	
76b5c	76b60	padding	FUN_00076ac0	1	
76bf4	76c00	padding	FUN_00076b80	3	
76c04	76c10	padding	FUN_00076c00	3	
76c28	76c30	padding	FUN_00076c10	2	
76d24	76d30	padding	FUN_00076c60	3	
76e38	76e40	padding	FUN_00076c60	2	
76e54	76e60	padding	FUN_00076c60	3	
76e64	76e70	padding	FUN_00076e60	3	
76fd4	76fe0	padding	FUN_00076e70	3	
7702c	77030	padding	FUN_00076fe0	1	
77084	77090	padding	FUN_00077030	3	
772e8	772f4	millicode	FUN_00077090	3	
77394	773a0	padding	FUN_000772f4	3	
7742c	77430	padding	FUN_000772f4	1	
774b4	774c0	padding	FUN_00077430	3	
7755c	77560	padding	FUN_000774c0	1	
77644	77650	padding	FUN_00077560	3	
77678	77680	padding	FUN_00077650	2	
776a4	776b0	padding	FUN_00077650	3	
777a8	777b0	padding	FUN_00077760	2	
777d4	777e0	padding	FUN_000777b0	3	
777ec	777f0	padding	FUN_000777b0	1	
777f8	77800	padding	FUN_000777b0	2	
77828	77830	padding	FUN_00077800	2	
77848	77850	padding	FUN_00077800	2	
7785c	77860	padding	FUN_00077850	1	
778d0	778f4	table	FUN_00077860	9	
7799c	779a0	padding	FUN_00077860	1	
77c08	77c10	padding	FUN_00077ba0	2	
77c34	77c40	padding	FUN_00077ba0	3	
77c98	77ca0	padding	FUN_00077c40	2	
77cc4	77cd0	padding	FUN_00077c40	3	
77ce8	77cf0	padding	FUN_00077cd0	2	
77d04	77d10	padding	FUN_00077cf0	3	
77d88	77d90	padding	FUN_00077d10	2	
77e18	77e20	padding	FUN_00077d90	2	
77e3c	77e40	padding	FUN_00077d90	1	
77f54	77f60	padding	FUN_00077d90	3	
7804c	78050	padding	FUN_00077d90	1	
78244	78250	padding	FUN_00077d90	3	
782d4	782e0	padding	FUN_00078250	3	
782f4	78300	padding	FUN_000782e0	3	
78338	7853c	table	FUN_00078300	129	
78544	78550	padding	FUN_00078300	3	
78588	78590	padding	FUN_00078300	2	
785b8	786b4	table	FUN_00078300	63	
786c4	786d0	padding	FUN_00078300	3	
786d8	786e0	padding	FUN_00078300	2	
786e8	786f0	padding	FUN_00078300	2	
786f8	78700	padding	FUN_00078300	2	
78754	78760	padding	FUN_00078700	3	
78808	78810	padding	FUN_00078760	2	
7882c	78830	padding	FUN_00078760	1	
78864	78870	padding	FUN_00078760	3	
788fc	78900	padding	FUN_00078760	1	
78924	78930	padding	FUN_00078760	3	
78948	78950	padding	FUN_00078760	2	
789c8	789d0	padding	FUN_00078990	2	
78a08	78a10	padding	FUN_000789d0	2	
78b48	78b50	padding	FUN_00078a10	2	
78b7c	78b80	padding	FUN_00078a10	1	
78df4	78e00	padding	FUN_00078db0	3	
78ee4	78ef0	padding	FUN_00078e00	3	
78f08	78f10	padding	FUN_00078ef0	2	
78f3c	78f40	padding	FUN_00078f10	1	
78f4c	78f50	padding	FUN_00078f10	1	
78f5c	78f60	padding	FUN_00078f10	1	
78f78	78f80	padding	FUN_00078f10	2	
79224	79230	padding	FUN_00078f80	3	
79244	79250	padding	FUN_00078f80	3	
792e4	792f0	padding	FUN_00078f80	3	
79304	79310	padding	FUN_00078f80	3	
794f8	79500	padding	FUN_00078f80	2	
795dc	795e0	padding	FUN_00078f80	1	
7979c	797a0	padding	FUN_00078f80	1	
798e4	798f0	padding	FUN_00078f80	3	
7990c	79910	padding	FUN_000798f0	1	
79978	79980	padding	FUN_00079910	2	
799d8	799e0	padding	FUN_00079910	2	
79a18	79a20	padding	FUN_00079910	2	
79a4c	79a50	padding	FUN_00079a20	1	
79a5c	79a60	padding	FUN_00079a20	1	
79a6c	79a70	padding	FUN_00079a20	1	
79a88	79a90	padding	FUN_00079a20	2	
79ab4	79ac0	padding	FUN_00079a90	3	
79bc8	79bd0	padding	FUN_00079b00	2	
79c9c	79ca0	padding	FUN_00079bd0	1	
79cac	79cb0	padding	FUN_00079bd0	1	
79d34	79d40	padding	FUN_00079bd0	3	
79d88	79d90	padding	FUN_00079bd0	2	
79db8	79dc0	padding	FUN_00079bd0	2	
79e08	79e10	padding	FUN_00079bd0	2	
79e68	79e70	padding	FUN_00079e10	2	
7a058	7a060	padding	FUN_00079e70	2	
7a10c	7a110	padding	FUN_0007a070	1	
7a174	7a1a0	other	FUN_0007a110	11	
7a494	7a4a0	padding	FUN_0007a1a0	3	
7a624	7a630	padding	FUN_0007a4a0	3	
7a6ec	7a6f0	padding	FUN_0007a4a0	1	
7a7dc	7a7e0	padding	FUN_0007a4a0	1	
7a9f4	7aa00	padding	FUN_0007a4a0	3	
7aa98	7aaa0	padding	FUN_0007a4a0	2	
7aab8	7aac0	padding	FUN_0007a4a0	2	
7aad8	7aae0	padding	FUN_0007a4a0	2	
7ac48	7ac50	padding	FUN_0007aae0	2	
7aea8	7aeb0	padding	FUN_0007aae0	2	
7afa4	7afb0	padding	FUN_0007aae0	3	
7b024	7b030	padding	FUN_0007aae0	3	
7b0a8	7b0b0	padding	FUN_0007aae0	2	
7b0c4	7b0d0	padding	FUN_0007aae0	3	
7b35c	7b360	padding	FUN_0007b0d0	1	
7b70c	7b710	padding	FUN_0007b0d0	1	
7b788	7b790	padding	FUN_0007b0d0	2	
7b934	7b940	padding	FUN_0007b0d0	3	
7ba58	7ba60	padding	FUN_0007b0d0	2	
7bef4	7bf00	padding	FUN_0007b0d0	3	
7bf44	7bf50	padding	FUN_0007b0d0	3	
7bfc8	7bfd0	padding	FUN_0007b0d0	2	
7c0cc	7c0d0	padding	FUN_0007b0d0	1	
7c4a8	7c4b0	padding	FUN_0007b0d0	2	
7c6c4	7c6d0	padding	FUN_0007b0d0	3	
7c724	7c730	padding	FUN_0007b0d0	3	
7c754	7c760	padding	FUN_0007b0d0	3	
7c92c	7c930	padding	FUN_0007c760	1	
7cbd8	7cbe0	padding	FUN_0007c760	2	
7d280	7d488	table	FUN_0007c760	130	
7d59c	7d5a0	padding	FUN_0007c760	1	
7dcc4	7dcd0	padding	FUN_0007c760	3	
7dd28	7dd30	padding	FUN_0007dcd0	2	
7dd7c	7dd80	padding	FUN_0007dd30	1	
7ddd4	7dde0	padding	FUN_0007dd30	3	
7de88	7de90	padding	FUN_0007dde0	2	
7e324	7e330	padding	FUN_0007dde0	3	
7e3cc	7e3d0	padding	FUN_0007dde0	1	
7e51c	7e520	padding	FUN_0007dde0	1	
7e854	7e860	padding	FUN_0007dde0	3	
7e8c8	7e8d0	padding	FUN_0007dde0	2	
7ebc0	7ede4	switch-code	FUN_0007dde0	137	
7ee18	7f03c	switch-code	FUN_0007dde0	137	
7f070	7f294	switch-code	FUN_0007dde0	137	
7f2c8	7f4ec	switch-code	FUN_0007dde0	137	
7f54c	7f770	switch-code	FUN_0007dde0	137	
7f7a4	7f9c8	switch-code	FUN_0007dde0	137	
7f9fc	7fc20	switch-code	FUN_0007dde0	137	
7fc54	7fe78	switch-code	FUN_0007dde0	137	
7fed8	800fc	switch-code	FUN_0007dde0	137	
80130	80354	switch-code	FUN_0007dde0	137	
80388	805ac	switch-code	FUN_0007dde0	137	
805e0	80804	switch-code	FUN_0007dde0	137	
80944	80950	padding	FUN_0007dde0	3	
80b18	80d14	switch-code	FUN_0007dde0	127	
80d48	80f44	switch-code	FUN_0007dde0	127	
80f78	81174	switch-code	FUN_0007dde0	127	
811a8	813a4	switch-code	FUN_0007dde0	127	
81400	815fc	switch-code	FUN_0007dde0	127	
81630	8182c	switch-code	FUN_0007dde0	127	
81860	81a5c	switch-code	FUN_0007dde0	127	
81a90	81c8c	switch-code	FUN_0007dde0	127	
81ce8	81ee4	switch-code	FUN_0007dde0	127	
81f18	82114	switch-code	FUN_0007dde0	127	
82148	82344	switch-code	FUN_0007dde0	127	
82378	82574	switch-code	FUN_0007dde0	127	
8269c	826a0	padding	FUN_0007dde0	1	
82804	82810	padding	FUN_0007dde0	3	
828f8	82900	padding	FUN_0007dde0	2	
82974	82980	padding	FUN_00082900	3	
8299c	829a0	padding	FUN_00082900	1	
82a08	82a10	padding	FUN_00082900	2	
82c44	82c50	padding	FUN_00082900	3	
82d98	82da0	padding	FUN_00082c50	2	
82f3c	82f40	padding	FUN_00082c50	1	
82f54	82f60	padding	FUN_00082c50	3	
83104	83110	padding	FUN_00083100	3	
8317c	83180	padding	FUN_00083110	1	
8340c	83410	padding	FUN_00083110	1	
8375c	83760	padding	FUN_00083470	1	
8386c	83870	padding	FUN_000837b0	1	
838cc	838d0	padding	FUN_00083870	1	
838dc	838e0	padding	FUN_00083870	1	
83bac	83bb0	padding	FUN_00083870	1	
83c0c	83c10	padding	FUN_00083870	1	
83c74	83c80	padding	FUN_00083870	3	
83c8c	83c90	padding	FUN_00083c80	1	
83d1c	83d20	padding	FUN_00083c90	1	
83e08	83e10	padding	FUN_00083c90	2	
840c4	840d0	padding	FUN_00083e10	3	
842f4	84300	padding	FUN_000840d0	3	
844d8	844e0	padding	FUN_00084300	2	
84704	84710	padding	FUN_000844e0	3	
84934	84940	padding	FUN_00084710	3	
84bf4	84c00	padding	FUN_00084940	3	
84eb4	84ec0	padding	FUN_00084c00	3	
85174	85180	padding	FUN_00084ec0	3	
853a4	853b0	padding	FUN_00085180	3	
855d4	855e0	padding	FUN_000853b0	3	
85804	85810	padding	FUN_000855e0	3	
85a34	85a40	padding	FUN_00085810	3	
85be8	85bf0	padding	FUN_00085a40	2	
85d98	85da0	padding	FUN_00085bf0	2	
85f48	85f50	padding	FUN_00085da0	2	
860f8	86100	padding	FUN_00085f50	2	
862a8	862b0	padding	FUN_00086100	2	
864d4	864e0	padding	FUN_000862b0	3	
86704	86710	padding	FUN_000864e0	3	
867a8	867b0	padding	FUN_00086710	2	
8683c	86840	padding	FUN_000867b0	1	
86924	86930	padding	FUN_00086840	3	
869b8	869c0	padding	FUN_00086930	2	
869dc	869e0	padding	FUN_00086930	1	
86a08	86a10	padding	FUN_00086930	2	
86a4c	86a50	padding	FUN_00086a10	1	
86a74	86a80	padding	FUN_00086a10	3	
86b9c	86ba0	padding	FUN_00086a80	1	
86c4c	86c50	padding	FUN_00086ba0	1	
86ef4	86f00	padding	FUN_00086ba0	3	
8745c	87460	padding	FUN_000872e0	1	
87498	874a0	padding	FUN_000872e0	2	
877fc	87800	padding	FUN_000872e0	1	
87958	87960	padding	FUN_00087800	2	
879d8	879e0	padding	FUN_00087960	2	
879e4	879f0	padding	FUN_000879e0	3	
87ccc	87cd0	padding	FUN_000879f0	1	
87d78	87d80	padding	FUN_00087cd0	2	
87d94	87da0	padding	FUN_00087cd0	3	
87e38	87e40	padding	FUN_00087da0	2	
87e54	87e60	padding	FUN_00087da0	3	
87e68	87e70	padding	FUN_00087e60	2	
87e78	87e80	padding	FUN_00087e70	2	
88158	88160	padding	FUN_00087e80	2	
88184	88190	padding	FUN_00087e80	3	
88474	88480	padding	FUN_00088190	3	
884e8	884f0	padding	FUN_00088480	2	
88514	88520	padding	FUN_00088480	3	
88544	88550	padding	FUN_00088480	3	
885ac	885b0	padding	FUN_00088480	1	
88658	88660	padding	FUN_000885b0	2	
88708	88710	padding	FUN_000885b0	2	
888fc	88900	padding	FUN_000885b0	1	
8898c	889f8	table	FUN_00088920	27	
88ab4	88ac0	padding	FUN_00088920	3	
88b4c	88ca0	switch-code	FUN_00088920	85	
88e68	88e70	padding	FUN_00088920	2	
88efc	88f00	padding	FUN_00088ee0	1	
88f44	88f50	padding	FUN_00088f00	3	
88fc4	88fd0	padding	FUN_00088f00	3	
89018	89020	padding	FUN_00088fd0	2	
8907c	89080	padding	FUN_00088fd0	1	
890dc	890e0	padding	FUN_00088fd0	1	
890fc	89100	padding	FUN_00088fd0	1	
8910c	89110	padding	FUN_00088fd0	1	
89134	89140	padding	FUN_00088fd0	3	
8915c	89160	padding	FUN_00089140	1	
8918c	89190	padding	FUN_00089160	1	
891d0	89238	table	FUN_00089190	26	
89274	89280	padding	FUN_00089190	3	
892cc	892d0	padding	FUN_00089280	1	
893d8	893e0	padding	FUN_00089320	2	
89464	89470	padding	FUN_00089430	3	
894b8	894c0	padding	FUN_00089430	2	
894e4	894f0	padding	FUN_00089430	3	
8951c	89520	padding	FUN_00089430	1	
89658	89660	padding	FUN_000895b0	2	
896f8	89700	padding	FUN_000895b0	2	
89708	89710	padding	FUN_000895b0	2	
89734	89740	padding	FUN_000895b0	3	
89764	89770	padding	FUN_00089740	3	
897a4	897b0	padding	FUN_00089740	3	
89824	89830	padding	FUN_000897b0	3	
898d4	898e0	padding	FUN_0008aa40	3	
899ac	899b0	padding	FUN_0008aa40	1	
89a14	89a20	padding	FUN_0008aa40	3	
89a88	89a90	padding	FUN_00089a20	2	
89ab8	89ac0	padding	FUN_0008aa40	2	
89b28	89b30	padding	FUN_00089ac0	2	
89b58	89b60	padding	FUN_0008aa40	2	
89c08	89c10	padding	FUN_0008aa40	2	
89c68	89c70	padding	FUN_00089c10	2	
89c98	89ca0	padding	FUN_0008aa40	2	
89d08	89d10	padding	FUN_00089ca0	2	
89d38	89d40	padding	FUN_0008aa40	2	
89de4	89e78	table	FUN_0008aa40	37	
89f18	89fb0	table	FUN_0008aa40	38	
8a008	8a010	padding	FUN_0008aa40	2	
8a098	8a134	table	FUN_0008aa40	39	
8a1b8	8a1c0	padding	FUN_0008aa40	2	
8a1cc	8a1d0	padding	FUN_0008aa40	1	
8a2a8	8a2b0	padding	FUN_0008aa40	2	
8a4d8	8a4e0	padding	FUN_0008aa40	2	
8a56c	8a570	padding	FUN_0008aa40	1	
8a5cc	8a61c	table	FUN_0008aa40	20	
8a934	8a940	padding	FUN_0008aa40	3	
8a95c	8a960	padding	FUN_0008aa40	1	
8a9e8	8a9f0	padding	FUN_0008aa40	2	
8aa34	8aa40	padding	FUN_0008aa40	3	
8aaac	8aab0	padding	FUN_0008aa40	1	
8aba8	8abb0	padding	FUN_0008aa40	2	
8ac3c	8ac40	padding	FUN_0008aa40	1	
8acac	8acb0	padding	FUN_0008aa40	1	
8acd8	8ace0	padding	FUN_00089ca0	2	
8ad24	8ad30	padding	FUN_0008ace0	3	
8aebc	8aec0	padding	FUN_0008ace0	1	
8af48	8af50	padding	FUN_0008aec0	2	
8afb8	8afc0	padding	FUN_0008b160	2	
8afe8	8aff0	padding	FUN_0008b160	2	
8b0b8	8b0c0	padding	FUN_0008b160	2	
8b0d4	8b0e0	padding	FUN_0008b160	3	
8b11c	8b120	padding	FUN_0008b160	1	
8b134	8b140	padding	FUN_0008b160	3	
8b1bc	8b1c0	padding	FUN_0008b160	1	
8b1ec	8b1f0	padding	FUN_0008b160	1	
8b28c	8b290	padding	FUN_0008b160	1	
8b2dc	8b2e0	padding	FUN_0008b160	1	
8b2f4	8b300	padding	FUN_0008b160	3	
8b374	8b380	padding	FUN_0008b300	3	
8b448	8b460	table	FUN_0008b300	6	
8b504	8b510	padding	FUN_0008b4b0	3	
8b548	8b550	padding	FUN_0008b4b0	2	
8b57c	8b580	padding	FUN_0008b4b0	1	
8b5f4	8b600	padding	FUN_0008b4b0	3	
8b674	8b680	padding	FUN_0008b4b0	3	
8b708	8b710	padding	FUN_0008b6d0	2	
8b8b4	8b8c0	padding	FUN_0008b6d0	3	
8b954	8b960	padding	FUN_0008b6d0	3	
8b9e4	8b9f0	padding	FUN_0008b960	3	
8bc28	8bc54	table	FUN_0008b9f0	11	
8c484	8c490	padding	FUN_0008b9f0	3	
8c50c	8c510	padding	FUN_0008c490	1	
8c58c	8c590	padding	FUN_0008c490	1	
8c724	8c730	padding	FUN_0008c590	3	
8c948	8c950	padding	FUN_0008c590	2	
8ca04	8ca10	padding	FUN_0008c590	3	
8cf28	8cf30	padding	FUN_0008c590	2	
8d538	8d55c	table	FUN_0008d470	9	
8d60c	8d610	padding	FUN_0008d470	1	
8d68c	8d690	padding	FUN_0008d470	1	
8d6f8	8d700	padding	FUN_0008d470	2	
8d744	8d750	padding	FUN_0008d470	3	
8d798	8d7a0	padding	FUN_0008d470	2	
8d80c	8d810	padding	FUN_0008d470	1	
8d884	8d890	padding	FUN_0008d470	3	
8d8cc	8d8d0	padding	FUN_0008d470	1	
8d8ec	8d8f0	padding	FUN_0008d470	1	
8da2c	8da30	padding	FUN_0008d470	1	
8da98	8daa0	padding	FUN_0008d470	2	
8db1c	8db20	padding	FUN_0008d470	1	
8db44	8db50	padding	FUN_0008d470	3	
8db6c	8db70	padding	FUN_0008d470	1	
8db88	8db90	padding	FUN_0008d470	2	
8dbc8	8dbd0	padding	FUN_0008d470	2	
8dc34	8dc40	padding	FUN_0008dbd0	3	
8dc4c	8dc50	padding	FUN_0008dc40	1	
8df24	8df30	padding	FUN_0008dda0	3	
8df44	8df50	padding	FUN_0008dda0	3	
8dff4	8e000	padding	FUN_0008df50	3	
8e078	8e080	padding	FUN_0008df50	2	
8e2d4	8e2e0	padding	FUN_0008df50	3	
8e388	8e390	padding	FUN_0008e2e0	2	
8eba4	8ebb0	padding	FUN_0008ebb0	3	
8ec08	8ecc4	table	FUN_0008ebb0	47	
8f514	8f520	padding	FUN_0008ebb0	3	
8f6e8	8f6f0	padding	FUN_0008f520	2	
8f75c	8f760	padding	FUN_0008f6f0	1	
8f8c4	8f8d0	padding	FUN_0008f7f0	3	
8fc0c	8fc10	padding	FUN_0008fb70	1	
8fc6c	8fc70	padding	FUN_0008fb70	1	
8fd58	8fd60	padding	FUN_0008fc70	2	
8fe58	8fe60	padding	FUN_0008fc70	2	
8fed8	8fee0	padding	FUN_0008fc70	2	
90038	90040	padding	FUN_0008fc70	2	
90094	900a0	padding	FUN_0008fc70	3	
900fc	90100	padding	FUN_000900a0	1	
9013c	90140	padding	FUN_000900a0	1	
9021c	90220	padding	FUN_000900a0	1	
90244	90250	padding	FUN_000900a0	3	
90468	90470	padding	FUN_000900a0	2	
904b4	904c0	padding	FUN_00090470	3	
90668	90670	padding	FUN_00090470	2	
907cc	907d0	padding	FUN_00090470	1	
908b4	908c0	padding	FUN_00090840	3	
90954	90960	padding	FUN_00090840	3	
90c94	90ca0	padding	FUN_00090990	3	
90d94	90da0	padding	FUN_00090ca0	3	
91144	91150	padding	FUN_00090ca0	3	
9116c	91170	padding	FUN_00090ca0	1	
9118c	91190	padding	FUN_00090ca0	1	
91198	911a0	padding	FUN_00090ca0	2	
91214	91220	padding	FUN_000911a0	3	
912e8	912f0	padding	FUN_000911a0	2	
91338	91340	padding	FUN_000912f0	2	
91354	91360	padding	FUN_000912f0	3	
9139c	913a0	padding	FUN_000912f0	1	
913d8	913e0	padding	FUN_000912f0	2	
914dc	914e0	padding	FUN_000914c0	1	
916cc	916d0	padding	FUN_000914e0	1	
91874	91880	padding	FUN_000916d0	3	
91978	91980	padding	FUN_00091880	2	
91c08	91c10	padding	FUN_00091b90	2	
91d3c	91d40	padding	FUN_00091b90	1	
91d68	91d70	padding	FUN_00091b90	2	
91e54	91e60	padding	FUN_00091d70	3	
91ea8	91eb0	padding	FUN_00091d70	2	
9209c	920a0	padding	FUN_00091eb0	1	
920e4	920f0	padding	FUN_00091eb0	3	
92148	92150	padding	FUN_00091eb0	2	
92218	92220	padding	FUN_00092150	2	
92348	92350	padding	FUN_00092220	2	
923cc	923d0	padding	FUN_00092350	1	
92524	92530	padding	FUN_00092350	3	
92538	92540	padding	FUN_00092350	2	
92568	92570	padding	FUN_00092350	2	
92864	92870	padding	FUN_00092570	3	
92898	928a0	padding	FUN_00092570	2	
9294c	92950	padding	FUN_000928a0	1	
92994	929a0	padding	FUN_000928a0	3	
929ac	929b0	padding	FUN_000928a0	1	
92a88	92a90	padding	FUN_000928a0	2	
92b58	92b60	padding	FUN_000928a0	2	
92bb4	92bc0	padding	FUN_000928a0	3	
92be8	92bf0	padding	FUN_000928a0	2	
92d38	92d40	padding	FUN_00092bf0	2	
92e74	92e80	padding	FUN_00092d40	3	
92f1c	92f20	padding	FUN_00092ea0	1	
92fb8	92fc0	padding	FUN_00092ea0	2	
92fc8	92fd0	padding	FUN_00092ea0	2	
92ff8	93000	padding	FUN_00092ea0	2	
93104	93110	padding	FUN_00093000	3	
9312c	93130	padding	FUN_00093000	1	
931d8	931e0	padding	FUN_00093130	2	
932e4	932f0	padding	FUN_000931e0	3	
932fc	93300	padding	FUN_000931e0	1	
93338	93340	padding	FUN_000931e0	2	
9338c	93390	padding	FUN_000931e0	1	
934fc	93500	padding	FUN_000934f0	1	
93508	93510	padding	FUN_000934f0	2	
939d4	939e0	padding	FUN_00093510	3	
93a08	93a10	padding	FUN_000939e0	2	
93a1c	93a20	padding	FUN_000939e0	1	
93a38	93a40	padding	FUN_00093a20	2	
93a8c	93a90	padding	FUN_00093a40	1	
9483c	94840	padding	FUN_00093a40	1	
94884	94890	padding	FUN_00094840	3	
95594	955a0	padding	FUN_00094840	3	
955ac	955b0	padding	FUN_000955a0	1	
955b8	955c0	padding	FUN_000955a0	2	
955cc	955d0	padding	FUN_000955c0	1	
955d8	955e0	padding	FUN_000955c0	2	
95608	95610	padding	FUN_000955e0	2	
95a24	95a30	padding	FUN_00095610	3	
95ba4	95bb0	padding	FUN_00095610	3	
95d24	95d30	padding	FUN_00095610	3	
95d38	95d40	padding	FUN_00095610	2	
95d6c	95d70	padding	FUN_00095610	1	
95da8	95db0	padding	FUN_00095d70	2	
95db4	95dc0	padding	FUN_00095d70	3	
95dcc	95dd0	padding	FUN_00095d70	1	
95e94	95ea0	padding	FUN_00095dd0	3	
961b4	961c0	padding	FUN_00095dd0	3	
964b4	964c0	padding	FUN_00095dd0	3	
964c8	964d0	padding	FUN_00095dd0	2	
964fc	96500	padding	FUN_00095dd0	1	
96528	96530	padding	FUN_00096500	2	
9653c	96540	padding	FUN_00096500	1	
965dc	965e0	padding	FUN_00096540	1	
965e8	965f0	padding	FUN_00096540	2	
965f8	96600	padding	FUN_00096540	2	
9664c	96650	padding	FUN_00096600	1	
9678c	96790	padding	FUN_00096600	1	
96970	96988	table	FUN_00096600	6	
96d3c	96d40	padding	FUN_00096600	1	
96d48	96d50	padding	FUN_00096600	2	
96d7c	96d80	padding	FUN_00096600	1	
97034	97040	padding	FUN_00096d80	3	
973b4	973c0	padding	FUN_00096d80	3	
9743c	97440	padding	FUN_00096d80	1	
974c8	974d0	padding	FUN_00097440	2	
9756c	97570	padding	FUN_00097440	1	
975cc	975d0	padding	FUN_00097440	1	
97a38	97a40	padding	FUN_00097440	2	
97b1c	97b20	padding	FUN_00097440	1	
97cd8	97ce0	padding	FUN_00097440	2	
98058	98060	padding	FUN_00097440	2	
9816c	98170	padding	FUN_00097440	1	
981e4	981f0	padding	FUN_00097440	3	
98498	984a0	padding	FUN_00097440	2	
984a8	984b0	padding	FUN_00097440	2	
9857c	98580	padding	FUN_00098500	1	
98614	98620	padding	FUN_00098500	3	
99dd4	99de0	padding	FUN_00098500	3	
99de8	99df0	padding	FUN_00098500	2	
99e44	99e50	padding	FUN_00098500	3	
99eac	99ec0	table	FUN_00099e50	5	
9a1e8	9a1fc	table	FUN_00099e50	5	
9a548	9a550	padding	FUN_00099e50	2	
9a558	9a560	padding	FUN_00099e50	2	
9a58c	9a590	padding	FUN_00099e50	1	
9a7b8	9a7c0	padding	FUN_0009a590	2	
9a81c	9a820	padding	FUN_0009a590	1	
9a868	9a870	padding	FUN_0009a590	2	
9a888	9a890	padding	FUN_0009a590	2	
9a8d4	9a8e0	padding	FUN_0009a590	3	
9a908	9a910	padding	FUN_0009a590	2	
9a988	9a990	padding	FUN_0009a910	2	
9a9f8	9aa00	padding	FUN_0009a990	2	
9aaac	9aab0	padding	FUN_0009aa00	1	
9aaf4	9ab00	padding	FUN_0009aa00	3	
9ab0c	9ab10	padding	FUN_0009aa00	1	
9acfc	9ad00	padding	FUN_0009aa00	1	
9ae5c	9ae60	padding	FUN_0009aa00	1	
9aec4	9aed0	padding	FUN_0009aa00	3	
9aef8	9af00	padding	FUN_0009aa00	2	
9af9c	9afa0	padding	FUN_0009af00	1	
9afa8	9afb0	padding	FUN_0009af00	2	
9afb8	9afc0	padding	FUN_0009af00	2	
9b06c	9b070	padding	FUN_0009afc0	1	
9b0b4	9b0c0	padding	FUN_0009afc0	3	
9b0cc	9b0d0	padding	FUN_0009afc0	1	
9b394	9b3a0	padding	FUN_0009afc0	3	
9b3f4	9b400	padding	FUN_0009afc0	3	
9b428	9b430	padding	FUN_0009afc0	2	
9b6e4	9b6f0	padding	FUN_0009b430	3	
9b78c	9b790	padding	FUN_0009b430	1	
9b82c	9b830	padding	FUN_0009b790	1	
9b838	9b840	padding	FUN_0009b790	2	
9b848	9b850	padding	FUN_0009b790	2	
9baac	9bab0	padding	FUN_0009b850	1	
9bb08	9bb10	padding	FUN_0009b850	2	
9bb9c	9bba0	padding	FUN_0009b850	1	
9bbac	9bbb0	padding	FUN_0009b850	1	
9bbb8	9bbc0	padding	FUN_0009b850	2	
9bbe8	9bbf0	padding	FUN_0009b850	2	
9bc0c	9bc10	padding	FUN_0009bbf0	1	
9bcac	9bcb0	padding	FUN_0009bc10	1	
9bcf8	9bd00	padding	FUN_0009bc10	2	
9bf4c	9bf50	padding	FUN_0009be00	1	
9bf7c	9bf80	padding	FUN_0009be00	1	
9c07c	9c080	padding	FUN_0009be00	1	
9c13c	9c140	padding	FUN_0009be00	1	
9c1d4	9c1e0	padding	FUN_0009be00	3	
9c2cc	9c2d0	padding	FUN_0009be00	1	
9c608	9c610	padding	FUN_0009be00	2	
9c624	9c630	padding	FUN_0009be00	3	
9c66c	9c670	padding	FUN_0009be00	1	
9c6a4	9c6b0	padding	FUN_0009be00	3	
9c6e4	9c6f0	padding	FUN_0009be00	3	
9c6f8	9c700	padding	FUN_0009be00	2	
9c72c	9c730	padding	FUN_0009c700	1	
9c7fc	9c800	padding	FUN_0009c700	1	
9c8a4	9c8b0	padding	FUN_0009c800	3	
9c96c	9c970	padding	FUN_0009c800	1	
9c988	9c990	padding	FUN_0009c800	2	
9ca84	9ca90	padding	FUN_0009c800	3	
9cb0c	9cb10	padding	FUN_0009c800	1	
9cbdc	9cbe0	padding	FUN_0009cb10	1	
9cc2c	9cc30	padding	FUN_0009cb10	1	
9cc6c	9cc70	padding	FUN_0009cc30	1	
9ced8	9cee0	padding	FUN_0009cc30	2	
9cf04	9cf10	padding	FUN_0009cc30	3	
9d05c	9d060	padding	FUN_0009cff0	1	
9d078	9d080	padding	FUN_0009cff0	2	
9d2d4	9d2e0	padding	FUN_0009d080	3	
9d384	9d390	padding	FUN_0009d2e0	3	
9d3a4	9d3b0	padding	FUN_0009d2e0	3	
9d3e8	9d3f0	padding	FUN_0009d3b0	2	
9d3f4	9d400	padding	FUN_0009d3b0	3	
9d404	9d410	padding	FUN_0009d3b0	3	
9d6dc	9d6e0	padding	FUN_0009d410	1	
9dbb8	9dbc0	padding	FUN_0009d410	2	
9e63c	9e640	padding	FUN_0009d410	1	
9e708	9e710	padding	FUN_0009d410	2	
9e84c	9e850	padding	FUN_0009d410	1	
9ea24	9ea30	padding	FUN_0009d410	3	
9eae4	9eaf0	padding	FUN_0009d410	3	
9eb2c	9eb30	padding	FUN_0009d410	1	
9eb64	9eb70	padding	FUN_0009d410	3	
9eb8c	9eb90	padding	FUN_0009d410	1	
9ecc4	9ecd0	padding	FUN_0009eb90	3	
9edcc	9edd0	padding	FUN_0009eb90	1	
9ee2c	9ee30	padding	FUN_0009edd0	1	
9ef08	9ef10	padding	FUN_0009edd0	2	
9efdc	9efe0	padding	FUN_0009edd0	1	
9f00c	9f010	padding	FUN_0009edd0	1	
9f078	9f080	padding	FUN_0009edd0	2	
9f134	9f1ac	table	FUN_0009f0b0	30	
a0284	a0290	padding	FUN_0009f0b0	3	
a02cc	a02d0	padding	FUN_000a0290	1	
a02f4	a0300	padding	FUN_000a0290	3	
a0374	a0380	padding	FUN_000a0350	3	
a0548	a0550	padding	FUN_000a0380	2	
a0564	a0570	padding	FUN_000a0380	3	
a05ec	a05f0	padding	FUN_000a0570	1	
a062c	a0630	padding	FUN_000a05f0	1	
a0668	a0670	padding	FUN_000a05f0	2	
a0698	a06a0	padding	FUN_000a05f0	2	
a06c4	a06d0	padding	FUN_000a05f0	3	
a071c	a09e4	table	FUN_000a05f0	178	
a0b98	a0ba0	padding	FUN_000a05f0	2	
a0c5c	a0c60	padding	FUN_000a0ba0	1	
a0d64	a0d70	padding	FUN_000a0c60	3	
a0ee4	a0ef0	padding	FUN_000a0d70	3	
a0f84	a0f90	padding	FUN_000a0f80	3	
a1028	a1040	millicode	FUN_000a0f90	6	
a1054	a1060	padding	FUN_000a1040	3	
a108c	a1090	padding	FUN_000a1060	1	
a1158	a1160	padding	FUN_000a1090	2	
a1188	a1190	padding	FUN_000a1160	2	
a1198	a11a0	padding	FUN_000a1160	2	
a11d8	a11e0	padding	FUN_000a11a0	2	
a11e8	a11f0	padding	FUN_000a11a0	2	
a12dc	a12e0	padding	FUN_000a12b0	1	
a12e8	a12f0	padding	FUN_000a12b0	2	
a1334	a1340	padding	FUN_000a12f0	3	
a135c	a1360	padding	FUN_000a12f0	1	
a1564	a1570	padding	FUN_000a12f0	3	
a15fc	a1600	padding	FUN_000a1570	1	
a16ac	a16b0	padding	FUN_000a1570	1	
a1744	a1750	padding	FUN_000a16b0	3	
a1a54	a1a60	padding	FUN_000a1750	3	
a1af4	a1b00	padding	FUN_000a1a60	3	
a1bb4	a1bc0	padding	FUN_000a1a60	3	
a1c54	a1c60	padding	FUN_000a1bc0	3	
a1d14	a1d20	padding	FUN_000a1bc0	3	
a1dbc	a1dc0	padding	FUN_000a1d20	1	
a1e68	a1e70	padding	FUN_000a1dc0	2	
a20f8	a2100	padding	FUN_000a2050	2	
a214c	a2150	padding	FUN_000a2100	1	
a21c4	a21d0	padding	FUN_000a2100	3	
a2234	a2240	padding	FUN_000a21d0	3	
a2328	a2330	padding	FUN_000a2240	2	
a2394	a23a0	padding	FUN_000a2330	3	
a23b4	a23c0	padding	FUN_000a2330	3	
a2524	a2530	padding	FUN_000a23c0	3	
a259c	a25a0	padding	FUN_000a2530	1	
a2654	a2660	padding	FUN_000a2530	3	
a27e8	a27f0	padding	FUN_000a2660	2	
a282c	a2830	padding	FUN_000a27f0	1	
a2904	a2910	padding	FUN_000a27f0	3	
a2918	a2920	padding	FUN_000a2910	2	
a2ba8	a2bb0	padding	FUN_000a2920	2	
a2cb4	a2cc0	padding	FUN_000a2bb0	3	
a2d38	a2d40	padding	FUN_000a2bb0	2	
a2d54	a2d60	padding	FUN_000a2bb0	3	
a2da4	a2db0	padding	FUN_000a2d60	3	
a2e6c	a2e70	padding	FUN_000a2d60	1	
a2e84	a2e90	padding	FUN_000a2d60	3	
a3154	a3160	padding	FUN_000a2e90	3	
a3484	a3490	padding	FUN_000a3160	3	
a350c	a3510	padding	FUN_000a3490	1	
a3558	a3560	padding	FUN_000a3490	2	
a3604	a3610	padding	FUN_000a3560	3	
a3628	a3630	padding	FUN_000a3610	2	
a368c	a3690	padding	FUN_000a3670	1	
a36a4	a36b0	padding	FUN_000a3670	3	
a371c	a3720	padding	FUN_000a36b0	1	
a3738	a3740	padding	FUN_000a36b0	2	
a388c	a3890	padding	FUN_000a3790	1	
a3bd4	a3be0	padding	FUN_000a3a60	3	
a43cc	a43d0	padding	FUN_000a3be0	1	
a43ec	a43f0	padding	FUN_000a3be0	1	
a4484	a4490	padding	FUN_000a43f0	3	
a44f8	a4500	padding	FUN_000a4490	2	
a46c4	a46d0	padding	FUN_000a4550	3	
a4768	a4770	padding	FUN_000a4760	2	
a48b8	a48c0	padding	FUN_000a4770	2	
a4904	a4910	padding	FUN_000a4770	3	
a497c	a4980	padding	FUN_000a4770	1	
a4d54	a4d60	padding	FUN_000a4980	3	
a5078	a5080	padding	FUN_000a4980	2	
a5168	a5170	padding	FUN_000a4980	2	
a543c	a5440	padding	FUN_000a4980	1	
a5cfc	a5d00	padding	FUN_000a5c40	1	
a5dc4	a5dd0	padding	FUN_000a5c40	3	
a5f0c	a5f10	padding	FUN_000a5ec0	1	
a5f98	a5fa0	padding	FUN_000a5ec0	2	
a60d8	a60e0	padding	FUN_000a5ec0	2	
a61b4	a61c0	padding	FUN_000a6140	3	
a64cc	a64d0	padding	FUN_000a6140	1	
a64f4	a6500	padding	FUN_000a64d0	3	
a660c	a6610	padding	FUN_000a6500	1	
a6618	a6620	padding	FUN_000a6500	2	
a6738	a6740	padding	FUN_000a6500	2	
a683c	a6840	padding	FUN_000a6500	1	
a6854	a6860	padding	FUN_000a6500	3	
a6adc	a6ae0	padding	FUN_000a6860	1	
a6cac	a6cb0	padding	FUN_000a6860	1	
a6d54	a6d60	padding	FUN_000a6cb0	3	
a6d84	a6d90	padding	FUN_000a6cb0	3	
a6dc4	a6dd0	padding	FUN_000a6cb0	3	
a6e94	a6ea0	padding	FUN_000a6cb0	3	
a6f78	a6f80	padding	FUN_000a6f70	2	
a6f84	a6f90	padding	FUN_000a6f80	3	
a7014	a7020	padding	FUN_000a6f90	3	
a7044	a7050	padding	FUN_000a6f90	3	
a7964	a7970	padding	FUN_000a7050	3	
a7b38	a7b40	padding	FUN_000a7a60	2	
a7ba8	a7bb0	padding	FUN_000a7a60	2	
a7d6c	a7d70	padding	FUN_000a7d10	1	
a7dbc	a7dc0	padding	FUN_000a7d10	1	
a7e38	a7e40	padding	FUN_000a7d10	2	
a7e78	a7e80	padding	FUN_000a7d10	2	
a7e98	a7ea0	padding	FUN_000a7e80	2	
a7ed4	a7ee0	padding	FUN_000a7ed0	3	
a82b4	a82c0	padding	FUN_000a7ee0	3	
a8334	a8340	padding	FUN_000a8320	3	
a83d8	a83e0	padding	FUN_000a8340	2	
a8404	a8410	padding	FUN_000a8340	3	
a8624	a8630	padding	FUN_000a8340	3	
a89ec	a89f0	padding	FUN_000a8630	1	
a89fc	a8a00	padding	FUN_000a8630	1	
a8b24	a8b30	padding	FUN_000a8a00	3	
a8bf4	a8c00	padding	FUN_000a8a00	3	
a8d64	a8d70	padding	FUN_000a8c00	3	
a8e18	a8e20	padding	FUN_000a8d70	2	
a8e48	a8e50	padding	FUN_000a8e20	2	
a8ed4	a8ee0	padding	FUN_000a8e20	3	
a8f74	a8f80	padding	FUN_000a8e20	3	
a8fbc	a8fc0	padding	FUN_000a8e20	1	
a9038	a9040	padding	FUN_000a8e20	2	
a906c	a9070	padding	FUN_000a8e20	1	
a9634	a9640	padding	FUN_000a9070	3	
a970c	a9710	padding	FUN_000a9640	1	
a977c	a9780	padding	FUN_000a9640	1	
a983c	a9840	padding	FUN_000a9640	1	
a9938	a9940	padding	FUN_000a9640	2	
a99a8	a99b0	padding	FUN_000a9640	2	
a9a68	a9a70	padding	FUN_000a9640	2	
a9c34	a9c40	padding	FUN_000a9ac0	3	
a9e9c	a9ea0	padding	FUN_000a9ac0	1	
aa8f4	aa900	padding	FUN_000a9ac0	3	
aaef8	aaf00	padding	FUN_000a9ac0	2	
aafd4	aafe0	padding	FUN_000a9ac0	3	
ab254	ab260	padding	FUN_000a9ac0	3	
ab6ac	ab6b0	padding	FUN_000a9ac0	1	
ab714	ab720	padding	FUN_000a9ac0	3	
ab8d8	ab8e0	padding	FUN_000a9ac0	2	
ab8fc	ab900	padding	FUN_000a9ac0	1	
ab92c	ab930	padding	FUN_000ab900	1	
ab988	ab990	padding	FUN_000ab940	2	
ab9a8	ab9b0	padding	FUN_000ab940	2	
aba48	aba50	padding	FUN_000ab9b0	2	
aba6c	aba70	padding	FUN_000ab9b0	1	
aba8c	aba90	padding	FUN_000ab9b0	1	
abb54	abb60	padding	FUN_000abab0	3	
abbb8	abbc0	padding	FUN_000abb60	2	
abbc8	abbd0	padding	FUN_000abb60	2	
abd08	abd10	padding	FUN_000abbd0	2	
abe20	abfb4	table	FUN_000abd10	101	
ac1c0	ac1d4	table	FUN_000abd10	5	
ac284	ac298	table	FUN_000abd10	5	
ac2fc	ac300	padding	FUN_000abd10	1	
ac538	ac540	padding	FUN_000abd10	2	
ac71c	ac720	padding	FUN_000ac540	1	
ac854	ac960	switch-code	FUN_000ac720	67	
ac9e4	aca10	table	FUN_000ac720	11	
aca6c	aca98	table	FUN_000ac720	11	
acaa4	acab0	padding	FUN_000ac720	3	
acb6c	acb98	table	FUN_000ac720	11	
acba4	acbb0	padding	FUN_000ac720	3	
acc64	acc90	table	FUN_000ac720	11	
acc9c	acca0	padding	FUN_000ac720	1	
acd54	acd80	table	FUN_000ac720	11	
acd8c	acd90	padding	FUN_000ac720	1	
acec8	acef4	table	FUN_000ac720	11	
acf50	acf7c	table	FUN_000ac720	11	
acf88	acf90	padding	FUN_000ac720	2	
ad04c	ad078	table	FUN_000ac720	11	
ad084	ad090	padding	FUN_000ac720	3	
ad144	ad170	table	FUN_000ac720	11	
ad17c	ad180	padding	FUN_000ac720	1	
ad234	ad260	table	FUN_000ac720	11	
ad26c	ad270	padding	FUN_000ac720	1	
ad3a8	ad3d4	table	FUN_000ac720	11	
ad430	ad45c	table	FUN_000ac720	11	
ad468	ad470	padding	FUN_000ac720	2	
ad52c	ad558	table	FUN_000ac720	11	
ad564	ad570	padding	FUN_000ac720	3	
ad624	ad650	table	FUN_000ac720	11	
ad65c	ad660	padding	FUN_000ac720	1	
ad714	ad740	table	FUN_000ac720	11	
ad74c	ad750	padding	FUN_000ac720	1	
ad8b4	ad8e0	table	FUN_000ac720	11	
ad93c	ad968	table	FUN_000ac720	11	
ad974	ad980	padding	FUN_000ac720	3	
ada2c	ada58	table	FUN_000ac720	11	
ada64	ada70	padding	FUN_000ac720	3	
adb1c	adb48	table	FUN_000ac720	11	
adb54	adb60	padding	FUN_000ac720	3	
adc0c	adc38	table	FUN_000ac720	11	
adc44	adc50	padding	FUN_000ac720	3	
ae344	ae448	table	FUN_000ac720	65	
aec14	aec20	padding	FUN_000ac720	3	
aec3c	aec40	padding	FUN_000ac720	1	
aede4	aee10	table	FUN_000aec40	11	
aee6c	aee98	table	FUN_000aec40	11	
aeea4	aeeb0	padding	FUN_000aec40	3	
aef5c	aef88	table	FUN_000aec40	11	
aef94	aefa0	padding	FUN_000aec40	3	
af04c	af078	table	FUN_000aec40	11	
af084	af090	padding	FUN_000aec40	3	
af13c	af168	table	FUN_000aec40	11	
af174	af180	padding	FUN_000aec40	3	
af498	af4a0	padding	FUN_000aec40	2	
af50c	af538	table	FUN_000aec40	11	
af598	af5c4	table	FUN_000aec40	11	
af698	af6c4	table	FUN_000aec40	11	
af790	af7bc	table	FUN_000aec40	11	
af7c8	af7d0	padding	FUN_000aec40	2	
af890	af8bc	table	FUN_000aec40	11	
af8c8	af8d0	padding	FUN_000aec40	2	
af9c0	afaa0	switch-code	FUN_000aec40	56	
afef8	aff00	padding	FUN_000afe40	2	
b007c	b0080	padding	FUN_000afe40	1	
b067c	b06a0	table	FUN_000afe40	9	
b0fac	b0fb0	padding	FUN_000afe40	1	
b1474	b1480	padding	FUN_000afe40	3	
b1578	b1580	padding	FUN_000afe40	2	
b1588	b1590	padding	FUN_000afe40	2	
b15a8	b15b0	padding	FUN_000afe40	2	
b15c4	b15d0	padding	FUN_000afe40	3	
b1684	b1690	padding	FUN_000b15d0	3	
b186c	b1870	padding	FUN_000b1690	1	
b1e7c	b1e80	padding	FUN_000b1b90	1	
b1edc	b1ee0	padding	FUN_000b1e80	1	
b1f14	b1f20	padding	FUN_000b1e80	3	
b1f44	b1f50	padding	FUN_000b1e80	3	
b1f78	b1f80	padding	FUN_000b1e80	2	
b201c	b2020	padding	FUN_000b1e80	1	
b2094	b20a0	padding	FUN_000b1e80	3	
b20d8	b20e0	padding	FUN_000b1e80	2	
b22c8	b22d0	padding	FUN_000b2260	2	
b23a8	b242c	table	FUN_000b2260	33	
b2798	b27a0	padding	FUN_000b25a0	2	
b287c	b2880	padding	FUN_000b25a0	1	
b2a0c	b2a10	padding	FUN_000b25a0	1	
b2adc	b2ae0	padding	FUN_000b25a0	1	
b2b3c	b2b40	padding	FUN_000b25a0	1	
b30dc	b30e0	padding	FUN_000b2e60	1	
b3628	b3630	padding	FUN_000b30e0	2	
b3944	b3950	padding	FUN_000b3630	3	
b3994	b39d0	switch-code	FUN_000b3630	15	
b3a54	b3a60	padding	FUN_000b3630	3	
b3a68	b3a70	padding	FUN_000b3630	2	
b3a84	b3a90	padding	FUN_000b3630	3	
b3ae0	b3b10	table	FUN_000b3630	12	
b3e7c	b3ea8	table	FUN_000b3630	11	
b433c	b4340	padding	FUN_000b3630	1	
b43ec	b43f0	padding	FUN_000b3630	1	
b43f4	b4400	padding	FUN_000b43f0	3	
b4bec	b4c4c	table	FUN_000b4400	24	
b4c64	b4c70	padding	FUN_000b4400	3	
b4ca8	b4cb0	padding	FUN_000b4400	2	
b4ccc	b4cd0	padding	FUN_000b4400	1	
b4ea4	b4eb0	padding	FUN_000b4cd0	3	
b4ed8	b4ee0	padding	FUN_000b4cd0	2	
b4f44	b4f50	padding	FUN_000b4cd0	3	
b4fa4	b4fb0	padding	FUN_000b4f50	3	
b5094	b50a0	padding	FUN_000b5010	3	
b5184	b5190	padding	FUN_000b50a0	3	
b5194	b51a0	padding	FUN_000b5190	3	
b5318	b5320	padding	FUN_000b51a0	2	
b53ec	b53f0	padding	FUN_000b5320	1	
b53f4	b5400	padding	FUN_000b53f0	3	
b58fc	b5900	padding	FUN_000b57a0	1	
b5a54	b5a60	padding	FUN_000b57a0	3	
b5b54	b5b60	padding	FUN_000b5a60	3	
b5bc4	b5bd0	padding	FUN_000b5ba0	3	
b5bf4	b5c00	padding	FUN_000b5bd0	3	
b5f3c	b5f40	padding	FUN_000b5c00	1	
b5fa4	b5fb0	padding	FUN_000b5f40	3	
b6014	b6020	padding	FUN_000b5fb0	3	
b655c	b6560	padding	FUN_000b6020	1	
b6574	b6580	padding	FUN_000b6020	3	
b6698	b66a0	padding	FUN_000b6580	2	
b6f18	b6f20	padding	FUN_000b6580	2	
b71a8	b71b0	padding	FUN_000b6f20	2	
b72c8	b72d0	padding	FUN_000b6f20	2	
b7344	b73c8	table	FUN_000b72d0	33	
b7528	b7530	padding	FUN_000b72d0	2	
b7ddc	b7de0	padding	FUN_000b72d0	1	
b8118	b8120	padding	FUN_000b72d0	2	
b84b4	b84c0	padding	FUN_000b72d0	3	
b87f8	b8800	padding	FUN_000b72d0	2	
b8f08	b8f10	padding	FUN_000b72d0	2	
b9258	b9260	padding	FUN_000b72d0	2	
b99d8	b99e0	padding	FUN_000b72d0	2	
b9c64	b9c70	padding	FUN_000b72d0	3	
b9edc	b9ee0	padding	FUN_000b72d0	1	
b9f08	b9f10	padding	FUN_000b72d0	2	
ba148	ba150	padding	FUN_000b9f10	2	
ba18c	ba190	padding	FUN_000b9f10	1	
ba378	ba380	padding	FUN_000b9f10	2	
ba4f4	ba500	padding	FUN_000b9f10	3	
ba788	ba790	padding	FUN_000b9f10	2	
baa00	baa1c	table	FUN_000b9f10	7	
baa88	baaa4	table	FUN_000b9f10	7	
bab10	bab2c	table	FUN_000b9f10	7	
bab98	babb4	table	FUN_000b9f10	7	
bac2c	bac4c	table	FUN_000b9f10	8	
bac9c	bacc8	table	FUN_000b9f10	11	
bacf8	bad24	table	FUN_000b9f10	11	
bad54	bad80	table	FUN_000b9f10	11	
badb0	baddc	table	FUN_000b9f10	11	
bae84	baea4	table	FUN_000b9f10	8	
baef4	baf20	table	FUN_000b9f10	11	
baf50	baf7c	table	FUN_000b9f10	11	
bafac	bafd8	table	FUN_000b9f10	11	
bb008	bb034	table	FUN_000b9f10	11	
bb0dc	bb0fc	table	FUN_000b9f10	8	
bb14c	bb178	table	FUN_000b9f10	11	
bb1a8	bb1d4	table	FUN_000b9f10	11	
bb204	bb230	table	FUN_000b9f10	11	
bb260	bb28c	table	FUN_000b9f10	11	
bb334	bb354	table	FUN_000b9f10	8	
bb3a4	bb3d0	table	FUN_000b9f10	11	
bb400	bb42c	table	FUN_000b9f10	11	
bb45c	bb488	table	FUN_000b9f10	11	
bb4b8	bb4e4	table	FUN_000b9f10	11	
bb598	bb5b8	table	FUN_000b9f10	8	
bb608	bb634	table	FUN_000b9f10	11	
bb664	bb690	table	FUN_000b9f10	11	
bb6c0	bb6ec	table	FUN_000b9f10	11	
bb71c	bb748	table	FUN_000b9f10	11	
bb7f0	bb810	table	FUN_000b9f10	8	
bb860	bb88c	table	FUN_000b9f10	11	
bb8bc	bb8e8	table	FUN_000b9f10	11	
bb918	bb944	table	FUN_000b9f10	11	
bb974	bb9a0	table	FUN_000b9f10	11	
bba48	bba68	table	FUN_000b9f10	8	
bbab8	bbae4	table	FUN_000b9f10	11	
bbb14	bbb40	table	FUN_000b9f10	11	
bbb70	bbb9c	table	FUN_000b9f10	11	
bbbcc	bbbf8	table	FUN_000b9f10	11	
bbca0	bbcc0	table	FUN_000b9f10	8	
bbd10	bbd3c	table	FUN_000b9f10	11	
bbd6c	bbd98	table	FUN_000b9f10	11	
bbdc8	bbdf4	table	FUN_000b9f10	11	
bbe24	bbe50	table	FUN_000b9f10	11	
bbf24	bbf30	padding	FUN_000b9f10	3	
bc1a0	bc1bc	table	FUN_000b9f10	7	
bc228	bc244	table	FUN_000b9f10	7	
bc2b0	bc2cc	table	FUN_000b9f10	7	
bc338	bc354	table	FUN_000b9f10	7	
bc3c4	bc3e4	table	FUN_000b9f10	8	
bc434	bc460	table	FUN_000b9f10	11	
bc490	bc4bc	table	FUN_000b9f10	11	
bc4ec	bc518	table	FUN_000b9f10	11	
bc548	bc574	table	FUN_000b9f10	11	
bc61c	bc63c	table	FUN_000b9f10	8	
bc68c	bc6b8	table	FUN_000b9f10	11	
bc6e8	bc714	table	FUN_000b9f10	11	
bc744	bc770	table	FUN_000b9f10	11	
bc7a0	bc7cc	table	FUN_000b9f10	11	
bc874	bc894	table	FUN_000b9f10	8	
bc8e4	bc910	table	FUN_000b9f10	11	
bc940	bc96c	table	FUN_000b9f10	11	
bc99c	bc9c8	table	FUN_000b9f10	11	
bc9f8	bca24	table	FUN_000b9f10	11	
bcacc	bcaec	table	FUN_000b9f10	8	
bcb3c	bcb68	table	FUN_000b9f10	11	
bcb98	bcbc4	table	FUN_000b9f10	11	
bcbf4	bcc20	table	FUN_000b9f10	11	
bcc50	bcc7c	table	FUN_000b9f10	11	
bcd28	bcd48	table	FUN_000b9f10	8	
bcd98	bcdc4	table	FUN_000b9f10	11	
bcdf4	bce20	table	FUN_000b9f10	11	
bce50	bce7c	table	FUN_000b9f10	11	
bceac	bced8	table	FUN_000b9f10	11	
bcf80	bcfa0	table	FUN_000b9f10	8	
bcff0	bd01c	table	FUN_000b9f10	11	
bd04c	bd078	table	FUN_000b9f10	11	
bd0a8	bd0d4	table	FUN_000b9f10	11	
bd104	bd130	table	FUN_000b9f10	11	
bd1d8	bd1f8	table	FUN_000b9f10	8	
bd248	bd274	table	FUN_000b9f10	11	
bd2a4	bd2d0	table	FUN_000b9f10	11	
bd300	bd32c	table	FUN_000b9f10	11	
bd35c	bd388	table	FUN_000b9f10	11	
bd430	bd450	table	FUN_000b9f10	8	
bd4a0	bd4cc	table	FUN_000b9f10	11	
bd4fc	bd528	table	FUN_000b9f10	11	
bd558	bd584	table	FUN_000b9f10	11	
bd5b4	bd5e0	table	FUN_000b9f10	11	
bd994	bd9a0	padding	FUN_000b9f10	3	
bdae4	bdaf0	padding	FUN_000bda40	3	
bdb24	bdb30	padding	FUN_000bda40	3	
bdb54	bdb60	padding	FUN_000bda40	3	
bdba4	bdbb0	padding	FUN_000bda40	3	
bdbf8	bdc00	padding	FUN_000bda40	2	
be41c	be420	padding	FUN_000bde70	1	
be454	be460	padding	FUN_000bde70	3	
be498	be4a0	padding	FUN_000be460	2	
be568	be570	padding	FUN_000be460	2	
be66c	be670	padding	FUN_000be460	1	
bec78	bec80	padding	FUN_000be460	2	
bed24	bed30	padding	FUN_000be460	3	
bed48	bed50	padding	FUN_000be460	2	
bee38	bee40	padding	FUN_000be460	2	
bef34	bef40	padding	FUN_000bee40	3	
bf3d4	bf3e0	padding	FUN_000bef40	3	
bf3f4	bf400	padding	FUN_000bef40	3	
bf46c	bf470	padding	FUN_000bf400	1	
bf788	bf790	padding	FUN_000bf400	2	
bf854	bf860	padding	FUN_000bf400	3	
bf8fc	bf900	padding	FUN_000bf400	1	
bf908	bf910	padding	FUN_000bf400	2	
bf938	bf940	padding	FUN_000bf910	2	
bf964	bf9e4	switch-code	FUN_000bf910	32	
bfcb4	bfcc0	padding	FUN_000bf910	3	
bfce8	bfcf0	padding	FUN_000bfcc0	2	
bfd14	bfd60	table	FUN_000bfcc0	19	
bfecc	bfed0	padding	FUN_000bfcc0	1	
c00ec	c00f0	padding	FUN_000bfed0	1	
c0874	c0880	padding	FUN_000bfed0	3	
c0a9c	c0aa0	padding	FUN_000c0880	1	
c0ac4	c0ad0	padding	FUN_000c0880	3	
c0ae8	c0af0	padding	FUN_000c0880	2	
c0b08	c0b10	padding	FUN_000c0880	2	
c0fc8	c0fd0	padding	FUN_000c0880	2	
c1708	c1710	padding	FUN_000c0fd0	2	
c1728	c1730	padding	FUN_000c0fd0	2	
c175c	c1760	padding	FUN_000c0fd0	1	
c1774	c1780	padding	FUN_000c0fd0	3	
c17e8	c17f0	padding	FUN_000c1780	2	
c18cc	c18d0	padding	FUN_000c1780	1	
c1914	c1920	padding	FUN_000c1780	3	
c1ad8	c1ae0	padding	FUN_000c1780	2	
c1b04	c1b10	padding	FUN_000c1780	3	
c1b1c	c1b20	padding	FUN_000c1780	1	
c1c0c	c1c10	padding	FUN_000c1780	1	
c1c68	c1c70	padding	FUN_000c1780	2	
c1c94	c1ca0	padding	FUN_000c1780	3	
c1cac	c1cb0	padding	FUN_000c1780	1	
c1d54	c1d60	padding	FUN_000c1780	3	
c1e38	c1e40	padding	FUN_000c1d60	2	
c1e74	c1e80	padding	FUN_000c1d60	3	
c1e88	c1e90	padding	FUN_000c1d60	2	
c1f78	c1f80	padding	FUN_000c1e90	2	
c1fe8	c1ff0	padding	FUN_000c1f80	2	
c2074	c2080	padding	FUN_000c1f80	3	
c20f4	c2100	padding	FUN_000c1f80	3	
c2138	c2140	padding	FUN_000c1f80	2	
c22f8	c2300	padding	FUN_000c1f80	2	
c236c	c2370	padding	FUN_000c1f80	1	
c243c	c2440	padding	FUN_000c1f80	1	
c24ac	c24b0	padding	FUN_000c1f80	1	
c25b4	c26f0	switch-code	FUN_000c1f80	79	
c2704	c2710	padding	FUN_000c1f80	3	
c2824	c2834	millicode	FUN_000c1f80	4	
c2e34	c2e40	padding	FUN_000c2834	3	
c2e94	c2ea0	padding	FUN_000c2e70	3	
c2f18	c2f20	padding	FUN_000c2ea0	2	
c2f6c	c2f70	padding	FUN_000c2f20	1	
c3004	c3010	padding	FUN_000c2fb0	3	
c30c4	c30d0	padding	FUN_000c3090	3	
c30f8	c3100	padding	FUN_000c30d0	2	
c3238	c3240	padding	FUN_000c3100	2	
c3274	c3280	padding	FUN_000c3240	3	
c32e4	c32f0	padding	FUN_000c3240	3	
c3434	c3440	padding	FUN_000c3240	3	
c35f8	c3600	padding	FUN_000c3240	2	
c3678	c3680	padding	FUN_000c3600	2	
c36bc	c36c0	padding	FUN_000c3680	1	
c36e8	c36f0	padding	FUN_000c3680	2	
c3714	c3720	padding	FUN_000c36f0	3	
c3738	c3740	padding	FUN_000c36f0	2	
c37b8	c37c0	padding	FUN_000c3740	2	
c3898	c38a0	padding	FUN_000c37c0	2	
c3a98	c3aa0	padding	FUN_000c38a0	2	
c3e48	c3e50	padding	FUN_000c3d60	2	
c3fc8	c3fd0	padding	FUN_000c3e50	2	
c4018	c4020	padding	FUN_000c3fd0	2	
c42e8	c42f0	padding	FUN_000c3fd0	2	
c44e8	c44f0	padding	FUN_000c42f0	2	
c4694	c46a0	padding	FUN_000c42f0	3	
c46d4	c46e0	padding	FUN_000c42f0	3	
c4774	c4780	padding	FUN_000c42f0	3	
c47fc	c4800	padding	FUN_000c42f0	1	
c4824	c4830	padding	FUN_000c42f0	3	
c4858	c4860	padding	FUN_000c42f0	2	
c49d8	c49e0	padding	FUN_000c42f0	2	
c49ec	c49f0	padding	FUN_000c42f0	1	
c4a14	c4a20	padding	FUN_000c42f0	3	
c4cd8	c4ce0	padding	FUN_000c42f0	2	
c4da4	c4db0	padding	FUN_000c4ce0	3	
c4dec	c4df0	padding	FUN_000c4ce0	1	
c4e18	c4e20	padding	FUN_000c4ce0	2	
c4e74	c4e80	padding	FUN_000c4ce0	3	
c4ea4	c4eb0	padding	FUN_000c4ce0	3	
c4efc	c4f00	padding	FUN_000c4ce0	1	
c4f44	c4f50	padding	FUN_000c4ce0	3	
c504c	c5050	padding	FUN_000c4ce0	1	
c50ec	c50f0	padding	FUN_000c4ce0	1	
c515c	c5160	padding	FUN_000c4ce0	1	
c51fc	c5340	switch-code	FUN_000c4ce0	81	
c5354	c5360	padding	FUN_000c4ce0	3	
c53d4	c53e0	padding	FUN_000c4ce0	3	
c5454	c5460	padding	FUN_000c4ce0	3	
c54a0	c5530	switch-code	FUN_000c5460	36	
c5538	c5590	other	FUN_000c5460	22	
c55b4	c57a0	switch-code	FUN_000c5460	123	
c57a8	c57b0	padding	FUN_000c5460	2	
c57f4	c5850	switch-code	FUN_000c57b0	23	
c5874	c59b0	switch-code	FUN_000c57b0	79	
c59b8	c59c0	padding	FUN_000c57b0	2	
c59d4	c59e0	padding	FUN_000c59c0	3	
c5a04	c5a10	padding	FUN_000c59c0	3	
c5a48	c5a50	padding	FUN_000c59c0	2	
c5a98	c5aa0	padding	FUN_000c59c0	2	
c5ae4	c5af0	padding	FUN_000c59c0	3	
c5b1c	c5b20	padding	FUN_000c59c0	1	
c5b9c	c5ba0	padding	FUN_000c59c0	1	
c5c3c	c5c40	padding	FUN_000c59c0	1	
c5c44	c5c50	padding	FUN_000c59c0	3	
c5c88	c5c90	padding	FUN_000c5c50	2	
c5ce8	c5cf0	padding	FUN_000c5c50	2	
c5d6c	c5d70	padding	FUN_000c5c50	1	
c5da4	c5db0	padding	FUN_000c5c50	3	
c5e1c	c5e20	padding	FUN_000c5c50	1	
c5e44	c5e50	padding	FUN_000c5c50	3	
c5e5c	c5e60	padding	FUN_000c5c50	1	
c5fa8	c5fc0	table	FUN_000c5e60	6	
c646c	c6470	padding	FUN_000c5e60	1	
c6584	c6590	padding	FUN_000c6470	3	
c66bc	c66c0	padding	FUN_000c6470	1	
c67b4	c67c0	padding	FUN_000c6470	3	
c6818	c6820	padding	FUN_000c6470	2	
c6998	c6b70	switch-code	FUN_000c6470	118	0xc5460,0xc57b0
c6e40	c6e50	other	FUN_000c6470	4	
c6e78	c6e80	padding	FUN_000c6e50	2	
c6ee8	c6ef0	padding	FUN_000c6e90	2	
c6f28	c6f30	padding	FUN_000c6ef0	2	
c6f3c	c6f40	padding	FUN_000c6ef0	1	
c6f4c	c6f50	padding	FUN_000c6ef0	1	
c6f58	c6f60	padding	FUN_000c6ef0	2	
c6f8c	c6f90	padding	FUN_000c6f60	1	
c6fb8	c6fc0	padding	FUN_000c6f90	2	
c6fe8	c6ff0	padding	FUN_000c6fc0	2	
c7108	c7110	padding	FUN_000c6ff0	2	
c7118	c7120	padding	FUN_000c6ff0	2	
c71d0	c71e0	other	FUN_000c6ff0	4	
c7218	c7220	padding	FUN_000c71e0	2	
c7234	c7240	padding	FUN_000c71e0	3	
c726c	c7270	padding	FUN_000c7240	1	
c7288	c7290	padding	FUN_000c7270	2	
c72e8	c72f0	padding	FUN_000c7290	2	
c7348	c7350	padding	FUN_000c72f0	2	
c7388	c7390	padding	FUN_000c7350	2	
c73b4	c73c0	padding	FUN_000c73a0	3	
c73fc	c7400	padding	FUN_000c73c0	1	
c7438	c7440	padding	FUN_000c73c0	2	
c745c	c7460	padding	FUN_000c73c0	1	
c7528	c7530	padding	FUN_000c7460	2	
c7564	c7570	padding	FUN_000c7460	3	
c7648	c7650	padding	FUN_000c7460	2	
c7778	c7798	table	FUN_000c7650	8	
c77fc	c7800	padding	FUN_000c7650	1	
c78f8	c7900	padding	FUN_000c7650	2	
c791c	c7920	padding	FUN_000c7650	1	
c7928	c7930	padding	FUN_000c7650	2	
c8104	c8110	padding	FUN_000c7930	3	
c85f4	c8600	padding	FUN_000c8110	3	
c8624	c8630	padding	FUN_000c8600	3	
c86b8	c86c0	padding	FUN_000c8600	2	
c86e4	c86f0	padding	FUN_000c8600	3	
c870c	c8710	padding	FUN_000c8600	1	
c87c8	c87d0	padding	FUN_000c8760	2	
c88a4	c88b0	padding	FUN_000c87d0	3	
c88fc	c8900	padding	FUN_000c87d0	1	
c8908	c8910	padding	FUN_000c87d0	2	
c8b24	c8b30	padding	FUN_000c8aa0	3	
c8b7c	c8b80	padding	FUN_000c8aa0	1	
c8c24	c8c30	padding	FUN_000c8aa0	3	
c8cb4	c8cc0	padding	FUN_000c8aa0	3	
c8d44	c8d50	padding	FUN_000c8aa0	3	
c8e2c	c8e30	padding	FUN_000c8de0	1	
c8e4c	c8e50	padding	FUN_000c8e30	1	
c90d0	c9264	table	FUN_000c8e50	101	
c9988	c9990	padding	FUN_000c8e50	2	
c9abc	c9c50	table	FUN_000c8e50	101	
c9e6c	c9e70	padding	FUN_000c8e50	1	
ca288	ca290	padding	FUN_000c8e50	2	
ca69c	ca6a0	padding	FUN_000c8e50	1	
ca75c	ca760	padding	FUN_000c8e50	1	
cae54	cae60	padding	FUN_000c8e50	3	
cae84	cae90	padding	FUN_000c8e50	3	
cb240	cb3d4	table	FUN_000cae90	101	
cbb14	cbb20	padding	FUN_000cae90	3	
cbc4c	cbde0	table	FUN_000cae90	101	
cc45c	cc460	padding	FUN_000cae90	1	
cc86c	cc870	padding	FUN_000cae90	1	
cce54	cce8c	table	FUN_000cae90	14	
cd028	cd030	padding	FUN_000cae90	2	
cd154	cd15c	other	extra	2	
cd28c	cd290	millicode	FUN_000cd1c4	1	
cd2c8	cd360	table	FUN_000cd290	38	
cd380	cd388	other	FUN_000cd1c4	2	
ce2c8	ce2e0	table	FUN_000ce148	6	
ce330	ce358	other	FUN_000ce148	10	_strcat
ce41c	ce434	table	FUN_000ce148	6	
ce568	ce580	table	FUN_000ce514	6	
cead0	ceae8	table	FUN_000cea6c	6	
cebcc	cebe4	table	FUN_000cea6c	6	
cec34	cec5c	other	FUN_000cea6c	10	_strcat
cede8	cee5c	table	FUN_000ced58	29	
cf224	cf23c	table	FUN_000ced58	6	
cf38c	cf594	table	FUN_000cf2ec	130	
d044c	d0450	millicode	FUN_000cd1c4	1	
d057c	d05fc	table	FUN_000d0488	32	
d0730	d0854	switch-code	FUN_000d0488	73	0x1a32d0
d0974	d09c0	table	FUN_000d0888	19	
d0aa4	d0b34	switch-code	FUN_000d0888	36	0x1a32d0
d1f70	d1f90	table	FUN_000d183c	8	
d2274	d228c	table	FUN_000d183c	6	
d2368	d2380	table	FUN_000d183c	6	
d2464	d2498	table	FUN_000d183c	13	
d2d34	d2d68	table	FUN_000d183c	13	
d2efc	d2f18	table	FUN_000d183c	7	
d3038	d3050	table	FUN_000d183c	6	
d3250	d3290	table	FUN_000d183c	16	
d3454	d3470	table	FUN_000d183c	7	
d3594	d35ac	table	FUN_000d183c	6	
d3dd8	d3dec	table	FUN_000d183c	5	
d3ee8	d3f10	table	FUN_000d183c	10	
d457c	d45a8	table	FUN_000d183c	11	
d4704	d4720	table	FUN_000d183c	7	
d48a0	d48d0	table	FUN_000d183c	12	
d4a2c	d4a48	table	FUN_000d183c	7	
d4b88	d4b9c	table	FUN_000d183c	5	
d4ee4	d4ef0	padding	FUN_000d4e8c	3	
d4f1c	d4f20	padding	FUN_000d4ef0	1	
d4f4c	d4f50	padding	FUN_000d4ef0	1	
d4f74	d4f80	padding	FUN_000d4ef0	3	
d5028	d5030	padding	FUN_000d4ef0	2	
d5058	d5060	padding	FUN_000d4ef0	2	
d508c	d5090	padding	FUN_000d4ef0	1	
d5154	d5160	padding	FUN_000d4ef0	3	
d5198	d51a0	padding	FUN_000d4ef0	2	
d51cc	d51d0	padding	FUN_000d51a0	1	
d51fc	d5200	padding	FUN_000d51a0	1	
d5224	d5230	padding	FUN_000d51a0	3	
d52cc	d52d0	padding	FUN_000d51a0	1	
d5384	d5390	padding	FUN_000d51a0	3	
d53dc	d53e0	padding	FUN_000d5390	1	
d55b8	d55c0	padding	FUN_000d5390	2	
d5e58	d5e60	padding	FUN_000d5900	2	
d633c	d6340	padding	FUN_000d5900	1	
d64b8	d64c0	padding	FUN_000d6340	2	
d680c	d6810	padding	FUN_000d6340	1	
d6f64	d6f70	padding	FUN_000d6340	3	
d7514	d7520	padding	FUN_000d6340	3	
d75f8	d7600	padding	FUN_000d7520	2	
d7614	d7620	padding	FUN_000d7520	3	
d7cac	d7cb0	padding	FUN_000d7520	1	
d7cd4	d7ce0	padding	FUN_000d7520	3	
d7e08	d7e10	padding	FUN_000d7520	2	
d8444	d8450	padding	FUN_000d7520	3	
d8778	d8780	padding	FUN_000d8450	2	
d8cf4	d8d00	padding	FUN_000d8450	3	
d934c	d9350	padding	FUN_000d8450	1	
d9808	d9810	padding	FUN_000d8450	2	
d99d8	d99e0	padding	FUN_000d8450	2	
d9f34	d9f3c	other	FUN_000d9e98	2	
d9f78	d9f80	other	FUN_000d9f3c	2	
da880	da8a8	other	FUN_000da78c	10	
dac88	daca0	table	FUN_000dac4c	6	
daec0	daedc	table	FUN_000dae5c	7	
dafb0	dafd0	table	FUN_000daf7c	8	
db3a4	db3b8	table	FUN_000db350	5	
db4a8	db4c0	table	FUN_000db458	6	
db988	db9a4	table	FUN_000db938	7	
dc2f8	dc320	table	FUN_000dc2c4	10	
dc75c	dc770	table	FUN_000dc71c	5	
dcc20	dcc34	table	FUN_000dcbcc	5	
dcd28	dcd40	table	FUN_000dccd4	6	
dcf28	dcfac	table	FUN_000dcef4	33	
ddc20	ddf1c	table	FUN_000ddbcc	191	
e0120	e0138	table	FUN_000ddbcc	6	
e0790	e0794	millicode	FUN_000e0740	1	
e0cc4	e0cc8	millicode	FUN_000e0ca8	1	
e0e04	e0e0c	millicode	FUN_000e0cd0	2	
e1480	e1484	millicode	FUN_000e1464	1	
e2084	e2094	other	FUN_000e1fe4	4	
e2884	e28f0	other	FUN_000e2860	27	
e2950	e2a04	other	FUN_000e28f0	45	
e2ac4	e2acc	millicode	FUN_000e2aa8	2	
e4d2c	e4d8c	table	FUN_000e4c40	24	
e61b0	e6370	table	FUN_000e5e70	112	
e67b8	e67d0	table	FUN_000e5e70	6	
e7650	e7658	other	FUN_000e5e70	2	
e86d0	e86f0	millicode	FUN_000e84fc	8	
e87dc	e87e4	millicode	FUN_000e86f0	2	
ea3bc	ea3c0	padding	FUN_000ea270	1	
ebcfc	ebd00	padding	FUN_000ebbb0	1	
ec1e4	ec1ec	other	FUN_000ec1d0	2	
ed29c	ed2a4	other	FUN_000ed124	2	
f3bc0	f3bc4	other	FUN_000f3b68	1	
f3cf8	f3d38	table	FUN_000f3c30	16	
f40d4	f4114	table	FUN_000f403c	16	
f89b4	f89b8	other	FUN_000f89a4	1	
f8cc8	f8ccc	millicode	FUN_000f8c88	1	
f91e8	f9288	table	FUN_000f9140	40	
f953c	f9550	table	FUN_000f94dc	5	
fdaf4	fdb14	table	FUN_000fd5c8	8	
fdb44	fde84	table	FUN_000fd5c8	208	
100620	1007e8	table	FUN_000fd5c8	114	
101fb8	101fd0	table	FUN_000fd5c8	6	
102048	102060	table	FUN_000fd5c8	6	
102bdc	102c20	table	FUN_000fd5c8	17	
103840	1038ec	table	FUN_000fd5c8	43	
103e80	103e84	millicode	FUN_00103e70	1	
10451c	10453c	other	FUN_001044e0	8	
106800	106804	millicode	FUN_00106780	1	
10b32c	10b334	other	FUN_0010b2dc	2	
10b384	10b3a8	switch-code	FUN_0010b334	9	
10b3b4	10b3ec	other	FUN_0010b334	14	
10b638	10b7f0	table	FUN_0010b5f8	110	
10b874	10b88c	table	FUN_0010b820	6	
10b9c0	10ba40	table	FUN_0010b93c	32	
10dcfc	10dd08	other	FUN_0010dcc4	3	
10dd4c	10dd54	millicode	FUN_0010dd08	2	
10ddf4	10ddfc	other	FUN_0010ddec	2	
10def8	10defc	millicode	FUN_0010de6c	1	
10f384	10f38c	millicode	FUN_0010ef68	2	
1272c4	1272cc	millicode	FUN_001272b4	2	
1281e8	1281f0	millicode	FUN_001281b0	2	
12841c	128430	other	FUN_0012839c	5	
128ad4	128ad8	other	FUN_00128930	1	
129400	129408	other	FUN_001293f8	2	
129670	129678	millicode	FUN_00129478	2	
129ce8	129dc8	table	FUN_00129b48	56	
129ea0	129eb4	other	FUN_00129b48	5	
12a070	12a088	table	FUN_0012a00c	6	
12ab70	12ab80	other	FUN_0012ab04	4	
12b440	12b458	table	FUN_0012b3f8	6	
12dd48	12dd58	other	FUN_0012dcf0	4	
1308dc	1308e0	millicode	FUN_001307f8	1	
134ef0	134ef4	millicode	FUN_00134de8	1	
136ec4	136ec8	other	FUN_00135fb0	1	
139384	1394a0	table	FUN_00139344	71	
14694c	146950	other	FUN_00146868	1	
1473f0	1474a8	table	FUN_00147398	46	
15a398	15a3b0	table	FUN_00159b58	6	
172474	17247c	other	FUN_00172428	2	
172f04	172f0c	millicode	FUN_00172efc	2	
172f20	172f24	millicode	FUN_00172f0c	1	
172f2c	172f34	millicode	FUN_00172f24	2	
1764dc	1764e0	millicode	FUN_00176474	1	
176e0c	176e20	other	FUN_00176d6c	5	
178478	1784f8	table	FUN_00178338	32	
1787b4	17887c	table	FUN_00178648	50	
1801a4	1801f8	table	FUN_0017f7ec	21	
187588	1875a8	other	FUN_00186a88	8	
189660	189664	other	FUN_0018962c	1	
189764	18976c	millicode	FUN_001896f8	2	
1897f8	1897fc	millicode	FUN_001897f0	1	
19018c	19026c	table	FUN_00190100	56	
191708	191710	other	FUN_0019156c	2	
192358	192438	table	FUN_001922c4	56	
193a8c	193a90	other	FUN_00193a00	1	
193bd0	193be8	other	FUN_00193b3c	6	
193d94	193d98	millicode	FUN_00193d18	1	
193f04	193f08	millicode	FUN_00193eb8	1	
195470	195474	millicode	FUN_0019545c	1	
195644	195650	millicode	FUN_00195640	3	
1961b0	1961c8	other	FUN_00196070	6	
197964	197988	table	FUN_0019786c	9	
197fb4	197fb8	other	FUN_00197ecc	1	
19a8cc	19a8d4	millicode	FUN_0019d480	2	
19aad8	19aaf4	other	FUN_0019d480	7	
19ab58	19ab60	millicode	FUN_0019d480	2	
19ac28	19ac2c	millicode	FUN_0019d480	1	
19aca8	19acb0	millicode	FUN_0019d480	2	
19d478	19d480	other	FUN_0019d474	2	
19ef4c	19ef50	millicode	FUN_0019ef2c	1	
19f43c	19f440	other	FUN_0019f310	1	
19fcc4	19fccc	millicode	FUN_0019fb84	2	
19fdf0	19fdf4	other	FUN_0019fccc	1	
1a00b4	1a00b8	other	FUN_0019ffdc	1	
1a1094	1a10ac	table	FUN_001a0fe4	6	
1a184c	1a1850	other	FUN_001a158c	1	
1a1974	1a198c	table	FUN_001a191c	6	
1a270c	1a2724	table	FUN_001a25a8	6	
1cd664	1cd7bc	other	FUN_001a3580	86	
1cd7d8	1cd7ec	other	FUN_001cd7bc	5	
1cdbf8	1cdc64	other	FUN_001cdba4	27	
1cdc80	1cdc88	other	FUN_001cdc64	2	
1cdca4	1cdcac	other	FUN_001cdc88	2	
1cdcc8	1cdcd0	other	FUN_001cdcac	2	
1cdcec	1cdcfc	other	FUN_001cdcd0	4	
1cdd18	1cdd20	other	FUN_001cdcfc	2	
1cdd3c	1cdd44	other	FUN_001cdd20	2	
1cdd7c	1cdd84	other	FUN_001cdd60	2	
1cdda0	1cdda8	other	FUN_001cdd84	2	
1cddc4	1cddcc	other	FUN_001cdda8	2	
1cdde8	1cddf0	other	FUN_001cddcc	2	
1cde0c	1cde18	other	FUN_001cddf0	3	
1ce61c	1ce6b4	other	FUN_001ce5e8	38	
1ce6d0	1ce6d8	other	FUN_001ce6b4	2	
1ce6f4	1ce6fc	other	FUN_001ce6d8	2	
1ce76c	1ce774	other	FUN_001ce750	2	
1ce790	1ce798	other	FUN_001ce774	2	
1ce7d0	1ce7d8	other	FUN_001ce7b4	2	
1ce7f4	1ce800	other	FUN_001ce7d8	3	
1ce838	1ce860	other	FUN_001ce81c	10	
1ce87c	1ce894	other	FUN_001ce860	6	
1ce8b0	1ce8d8	other	FUN_001ce894	10	
1ce8f4	1ce91c	other	FUN_001ce8d8	10	
1ce938	1ce95c	other	FUN_001ce91c	9	
1ce978	1ce9b4	other	FUN_001ce95c	15	
1ce9d0	1cea24	other	FUN_001ce9b4	21	
1cea40	1cebb4	other	FUN_001cea24	93	
1cebd0	1cebe4	other	FUN_001cebb4	5	
1cec00	1cec50	other	FUN_001cebe4	20	
1cec6c	1cecc0	other	FUN_001cec50	21	
1cffec	1d0000	other	FUN_001cffc8	5	
1d0020	1d0070	other	FUN_001d0000	20	
1d0090	1d014c	other	FUN_001d0070	47	
1d016c	1d01b0	other	FUN_001d014c	17	
1d01f8	1d0208	other	FUN_001d01d4	4	
1d0250	1d0278	other	FUN_001d022c	10	
1d0398	1d05b0	other	FUN_001d0278	134	
1d096c	1d09b4	other	FUN_001d092c	18	
1d0b6c	1d0b94	other	FUN_001d0af0	10	
1d0cb4	1d0cd8	other	FUN_001d0c78	9	
1d0d1c	1d0e0c	other	FUN_001d0cd8	60	
1d78a8	1d7950	other	FUN_001d7874	42	
1d82c4	1d8318	other	FUN_001d826c	21	
1d83e8	1d84ac	other	FUN_001d83b4	49	
1d857c	1d8584	other	FUN_001d8548	2	
1d86a8	1d86b4	other	FUN_001d8660	3	
1d86ec	1d87a8	other	FUN_001d86b4	47	
1d87e0	1d8850	other	FUN_001d87a8	28	
1d8898	1d8944	other	FUN_001d8874	43	
1d898c	1d8a28	other	FUN_001d8944	39	
1d8aa4	1d8af4	other	FUN_001d8a5c	20	
1d8c04	1d8c18	other	FUN_001d8bc0	5	
1d8cb4	1d8f58	other	FUN_001d8c70	169	
