name	address	section	ghidra_type	len	c_declaration	value	defined_in
MACH_HEADER	0x0	?	mach_header	28	extern MACH_HEADER_t MACH_HEADER asm("__mh_bundle_header");		linker symbol __mh_bundle_header
s__001a4134	0x1a4134	__TEXT,__cstring	TerminatedCString	1	extern unsigned char *s__001a4134 asm("s__001a4134");	0x00000000	data.s
s_C_001a4428	0x1a4428	__TEXT,__cstring	TerminatedCString	2	extern unsigned char *s_C_001a4428 asm("s_C_001a4428");	0x43000000	data.s
s_1_001a442c	0x1a442c	__TEXT,__cstring	TerminatedCString	2	extern unsigned char *s_1_001a442c asm("s_1_001a442c");	0x31000000	data.s
s__SAT_001a4430	0x1a4430	__TEXT,__cstring	TerminatedCString	5	extern unsigned char *s__SAT_001a4430 asm("s__SAT_001a4430");	0x5f534154	data.s
s_R_001a4438	0x1a4438	__TEXT,__cstring	TerminatedCString	2	extern unsigned char *s_R_001a4438 asm("s_R_001a4438");	0x52000000	data.s
s_H_001a443c	0x1a443c	__TEXT,__cstring	TerminatedCString	2	extern unsigned char *s_H_001a443c asm("s_H_001a443c");	0x48000000	data.s
s_X_001a4440	0x1a4440	__TEXT,__cstring	TerminatedCString	2	extern unsigned char *s_X_001a4440 asm("s_X_001a4440");	0x58000000	data.s
s___001a4444	0x1a4444	__TEXT,__cstring	TerminatedCString	2	extern unsigned char *s___001a4444 asm("s___001a4444");	0x3a000000	data.s
s_F_001a4448	0x1a4448	__TEXT,__cstring	TerminatedCString	2	extern unsigned char *s_F_001a4448 asm("s_F_001a4448");	0x46000000	data.s
s_I_001a444c	0x1a444c	__TEXT,__cstring	TerminatedCString	2	extern unsigned char *s_I_001a444c asm("s_I_001a444c");	0x49000000	data.s
s_B_001a4450	0x1a4450	__TEXT,__cstring	TerminatedCString	2	extern unsigned char *s_B_001a4450 asm("s_B_001a4450");	0x42000000	data.s
s_32_001a4454	0x1a4454	__TEXT,__cstring	TerminatedCString	3	extern unsigned char *s_32_001a4454 asm("s_32_001a4454");	0x33320000	data.s
s_16_001a4458	0x1a4458	__TEXT,__cstring	TerminatedCString	3	extern unsigned char *s_16_001a4458 asm("s_16_001a4458");	0x31360000	data.s
s_12_001a445c	0x1a445c	__TEXT,__cstring	TerminatedCString	3	extern unsigned char *s_12_001a445c asm("s_12_001a445c");	0x31320000	data.s
s_tmp_001a4460	0x1a4460	__TEXT,__cstring	TerminatedCString	4	extern unsigned char *s_tmp_001a4460 asm("s_tmp_001a4460");	0x746d7000	data.s
s___001a4464	0x1a4464	__TEXT,__cstring	TerminatedCString	2	extern unsigned char *s___001a4464 asm("s___001a4464");	0x5b000000	data.s
s___001a4468	0x1a4468	__TEXT,__cstring	TerminatedCString	2	extern unsigned char *s___001a4468 asm("s___001a4468");	0x5d000000	data.s
s_res_001a446c	0x1a446c	__TEXT,__cstring	TerminatedCString	4	extern unsigned char *s_res_001a446c asm("s_res_001a446c");	0x72657300	data.s
s__adr_001a4470	0x1a4470	__TEXT,__cstring	TerminatedCString	5	extern unsigned char *s__adr_001a4470 asm("s__adr_001a4470");	0x5b616472	data.s
s__x_001a4478	0x1a4478	__TEXT,__cstring	TerminatedCString	3	extern unsigned char *s__x_001a4478 asm("s__x_001a4478");	0x2e780000	data.s
s__y_001a447c	0x1a447c	__TEXT,__cstring	TerminatedCString	3	extern unsigned char *s__y_001a447c asm("s__y_001a447c");	0x2e790000	data.s
s__z_001a4480	0x1a4480	__TEXT,__cstring	TerminatedCString	3	extern unsigned char *s__z_001a4480 asm("s__z_001a4480");	0x2e7a0000	data.s
s__w_001a4484	0x1a4484	__TEXT,__cstring	TerminatedCString	3	extern unsigned char *s__w_001a4484 asm("s__w_001a4484");	0x2e770000	data.s
s___001a4488	0x1a4488	__TEXT,__cstring	TerminatedCString	2	extern unsigned char *s___001a4488 asm("s___001a4488");	0x2b000000	data.s
s___001a448c	0x1a448c	__TEXT,__cstring	TerminatedCString	2	extern unsigned char *s___001a448c asm("s___001a448c");	0x2e000000	data.s
s_x_001a4490	0x1a4490	__TEXT,__cstring	TerminatedCString	2	extern unsigned char *s_x_001a4490 asm("s_x_001a4490");	0x78000000	data.s
s_y_001a4494	0x1a4494	__TEXT,__cstring	TerminatedCString	2	extern unsigned char *s_y_001a4494 asm("s_y_001a4494");	0x79000000	data.s
s_z_001a4498	0x1a4498	__TEXT,__cstring	TerminatedCString	2	extern unsigned char *s_z_001a4498 asm("s_z_001a4498");	0x7a000000	data.s
s_w_001a449c	0x1a449c	__TEXT,__cstring	TerminatedCString	2	extern unsigned char *s_w_001a449c asm("s_w_001a449c");	0x77000000	data.s
s__TR_001a44a0	0x1a44a0	__TEXT,__cstring	TerminatedCString	5	extern unsigned char *s__TR_001a44a0 asm("s__TR_001a44a0");	0x20285452	data.s
s__EQ_001a44a8	0x1a44a8	__TEXT,__cstring	TerminatedCString	5	extern unsigned char *s__EQ_001a44a8 asm("s__EQ_001a44a8");	0x20284551	data.s
s__GE_001a44b0	0x1a44b0	__TEXT,__cstring	TerminatedCString	5	extern unsigned char *s__GE_001a44b0 asm("s__GE_001a44b0");	0x20284745	data.s
s__GT_001a44b8	0x1a44b8	__TEXT,__cstring	TerminatedCString	5	extern unsigned char *s__GT_001a44b8 asm("s__GT_001a44b8");	0x20284754	data.s
s__LE_001a44c0	0x1a44c0	__TEXT,__cstring	TerminatedCString	5	extern unsigned char *s__LE_001a44c0 asm("s__LE_001a44c0");	0x20284c45	data.s
s__LT_001a44c8	0x1a44c8	__TEXT,__cstring	TerminatedCString	5	extern unsigned char *s__LT_001a44c8 asm("s__LT_001a44c8");	0x20284c54	data.s
s__NE_001a44d0	0x1a44d0	__TEXT,__cstring	TerminatedCString	5	extern unsigned char *s__NE_001a44d0 asm("s__NE_001a44d0");	0x20284e45	data.s
s__FL_001a44d8	0x1a44d8	__TEXT,__cstring	TerminatedCString	5	extern unsigned char *s__FL_001a44d8 asm("s__FL_001a44d8");	0x2028464c	data.s
s___001a44e0	0x1a44e0	__TEXT,__cstring	TerminatedCString	2	extern unsigned char *s___001a44e0 asm("s___001a44e0");	0x2d000000	data.s
s___001a44e4	0x1a44e4	__TEXT,__cstring	TerminatedCString	2	extern unsigned char *s___001a44e4 asm("s___001a44e4");	0x7c000000	data.s
s_att_001a44e8	0x1a44e8	__TEXT,__cstring	TerminatedCString	4	extern unsigned char *s_att_001a44e8 asm("s_att_001a44e8");	0x61747400	data.s
s_prm_001a44ec	0x1a44ec	__TEXT,__cstring	TerminatedCString	4	extern unsigned char *s_prm_001a44ec asm("s_prm_001a44ec");	0x70726d00	data.s
s_adr_001a44f0	0x1a44f0	__TEXT,__cstring	TerminatedCString	4	extern unsigned char *s_adr_001a44f0 asm("s_adr_001a44f0");	0x61647200	data.s
s___001a44f4	0x1a44f4	__TEXT,__cstring	TerminatedCString	3	extern unsigned char *s___001a44f4 asm("s___001a44f4");	0x2c200000	data.s
s___001a44f8	0x1a44f8	__TEXT,__cstring	TerminatedCString	2	extern unsigned char *s___001a44f8 asm("s___001a44f8");	0x2c000000	data.s
s__x_001a44fc	0x1a44fc	__TEXT,__cstring	TerminatedCString	3	extern unsigned char *s__x_001a44fc asm("s__x_001a44fc");	0x2d780000	data.s
s__y_001a4500	0x1a4500	__TEXT,__cstring	TerminatedCString	3	extern unsigned char *s__y_001a4500 asm("s__y_001a4500");	0x2d790000	data.s
s__z_001a4504	0x1a4504	__TEXT,__cstring	TerminatedCString	3	extern unsigned char *s__z_001a4504 asm("s__z_001a4504");	0x2d7a0000	data.s
s__w_001a4508	0x1a4508	__TEXT,__cstring	TerminatedCString	3	extern unsigned char *s__w_001a4508 asm("s__w_001a4508");	0x2d770000	data.s
s_0_001a450c	0x1a450c	__TEXT,__cstring	TerminatedCString	2	extern unsigned char *s_0_001a450c asm("s_0_001a450c");	0x30000000	data.s
s__1_001a4510	0x1a4510	__TEXT,__cstring	TerminatedCString	3	extern unsigned char *s__1_001a4510 asm("s__1_001a4510");	0x2d310000	data.s
s_texture__001a4514	0x1a4514	__TEXT,__cstring	TerminatedCString	9	extern unsigned char *s_texture__001a4514 asm("s_texture__001a4514");	0x74657874	data.s
s____001a4520	0x1a4520	__TEXT,__cstring	TerminatedCString	4	extern unsigned char *s____001a4520 asm("s____001a4520");	0x5d2c2000	data.s
s_1D_001a4524	0x1a4524	__TEXT,__cstring	TerminatedCString	3	extern unsigned char *s_1D_001a4524 asm("s_1D_001a4524");	0x31440000	data.s
s_2D_001a4528	0x1a4528	__TEXT,__cstring	TerminatedCString	3	extern unsigned char *s_2D_001a4528 asm("s_2D_001a4528");	0x32440000	data.s
s_3D_001a452c	0x1a452c	__TEXT,__cstring	TerminatedCString	3	extern unsigned char *s_3D_001a452c asm("s_3D_001a452c");	0x33440000	data.s
s_CUBE_001a4530	0x1a4530	__TEXT,__cstring	TerminatedCString	5	extern unsigned char *s_CUBE_001a4530 asm("s_CUBE_001a4530");	0x43554245	data.s
s_RECT_001a4538	0x1a4538	__TEXT,__cstring	TerminatedCString	5	extern unsigned char *s_RECT_001a4538 asm("s_RECT_001a4538");	0x52454354	data.s
s_SHADOWRECT_001a4540	0x1a4540	__TEXT,__cstring	TerminatedCString	11	extern unsigned char *s_SHADOWRECT_001a4540 asm("s_SHADOWRECT_001a4540");	0x53484144	data.s
s_SHADOW2D_001a454c	0x1a454c	__TEXT,__cstring	TerminatedCString	9	extern unsigned char *s_SHADOW2D_001a454c asm("s_SHADOW2D_001a454c");	0x53484144	data.s
s_SHADOW1D_001a4558	0x1a4558	__TEXT,__cstring	TerminatedCString	9	extern unsigned char *s_SHADOW1D_001a4558 asm("s_SHADOW1D_001a4558");	0x53484144	data.s
s___ARBvp1_0_001a4564	0x1a4564	__TEXT,__cstring	TerminatedCString	12	extern unsigned char *s___ARBvp1_0_001a4564 asm("s___ARBvp1_0_001a4564");	0x21214152	data.s
s___ARBvertexshader_001a4570	0x1a4570	__TEXT,__cstring	TerminatedCString	19	extern unsigned char *s___ARBvertexshader_001a4570 asm("s___ARBvertexshader_001a4570");	0x21214152	data.s
s___ARBfp1_0_001a4584	0x1a4584	__TEXT,__cstring	TerminatedCString	12	extern unsigned char *s___ARBfp1_0_001a4584 asm("s___ARBfp1_0_001a4584");	0x21214152	data.s
s___ARBfragmentshader_001a4590	0x1a4590	__TEXT,__cstring	TerminatedCString	21	extern unsigned char *s___ARBfragmentshader_001a4590 asm("s___ARBfragmentshader_001a4590");	0x21214152	data.s
s_Unkown_Target__error__001a45a8	0x1a45a8	__TEXT,__cstring	TerminatedCString	23	extern unsigned char *s_Unkown_Target__error__001a45a8 asm("s_Unkown_Target__error__001a45a8");	0x556e6b6f	data.s
s__001a45c0	0x1a45c0	__TEXT,__cstring	TerminatedCString	2	extern unsigned char *s__001a45c0 asm("s__001a45c0");	0x0a000000	data.s
s_OPTION_001a45c4	0x1a45c4	__TEXT,__cstring	TerminatedCString	8	extern unsigned char *s_OPTION_001a45c4 asm("s_OPTION_001a45c4");	0x4f505449	data.s
s_ARB_position_invariant_001a45cc	0x1a45cc	__TEXT,__cstring	TerminatedCString	23	extern unsigned char *s_ARB_position_invariant_001a45cc asm("s_ARB_position_invariant_001a45cc");	0x4152425f	data.s
s_ARB_fog_exp_001a45e4	0x1a45e4	__TEXT,__cstring	TerminatedCString	12	extern unsigned char *s_ARB_fog_exp_001a45e4 asm("s_ARB_fog_exp_001a45e4");	0x4152425f	data.s
s_ARB_fog_exp2_001a45f0	0x1a45f0	__TEXT,__cstring	TerminatedCString	13	extern unsigned char *s_ARB_fog_exp2_001a45f0 asm("s_ARB_fog_exp2_001a45f0");	0x4152425f	data.s
s_ARB_fog_linear_001a4600	0x1a4600	__TEXT,__cstring	TerminatedCString	15	extern unsigned char *s_ARB_fog_linear_001a4600 asm("s_ARB_fog_linear_001a4600");	0x4152425f	data.s
s_ARB_precision_hint_fastest_001a4610	0x1a4610	__TEXT,__cstring	TerminatedCString	27	extern unsigned char *s_ARB_precision_hint_fastest_001a4610 asm("s_ARB_precision_hint_fastest_001a4610");	0x4152425f	data.s
s_ARB_precision_hint_nicest_001a462c	0x1a462c	__TEXT,__cstring	TerminatedCString	26	extern unsigned char *s_ARB_precision_hint_nicest_001a462c asm("s_ARB_precision_hint_nicest_001a462c");	0x4152425f	data.s
s_APPLE_no_runtime_compile_001a4648	0x1a4648	__TEXT,__cstring	TerminatedCString	25	extern unsigned char *s_APPLE_no_runtime_compile_001a4648 asm("s_APPLE_no_runtime_compile_001a4648");	0x4150504c	data.s
s_APPLE_no_altivec_001a4664	0x1a4664	__TEXT,__cstring	TerminatedCString	17	extern unsigned char *s_APPLE_no_altivec_001a4664 asm("s_APPLE_no_altivec_001a4664");	0x4150504c	data.s
s_NV_fragment_program_001a4678	0x1a4678	__TEXT,__cstring	TerminatedCString	20	extern unsigned char *s_NV_fragment_program_001a4678 asm("s_NV_fragment_program_001a4678");	0x4e565f66	data.s
s_NV_fragment_program2_001a468c	0x1a468c	__TEXT,__cstring	TerminatedCString	21	extern unsigned char *s_NV_fragment_program2_001a468c asm("s_NV_fragment_program2_001a468c");	0x4e565f66	data.s
s_ARB_fragment_program_shadow_001a46a4	0x1a46a4	__TEXT,__cstring	TerminatedCString	28	extern unsigned char *s_ARB_fragment_program_shadow_001a46a4 asm("s_ARB_fragment_program_shadow_001a46a4");	0x4152425f	data.s
s_NV_vertex_program2_001a46c0	0x1a46c0	__TEXT,__cstring	TerminatedCString	19	extern unsigned char *s_NV_vertex_program2_001a46c0 asm("s_NV_vertex_program2_001a46c0");	0x4e565f76	data.s
s_NV_vertex_program3_001a46d4	0x1a46d4	__TEXT,__cstring	TerminatedCString	19	extern unsigned char *s_NV_vertex_program3_001a46d4 asm("s_NV_vertex_program3_001a46d4");	0x4e565f76	data.s
s_ARB_draw_buffers_001a46e8	0x1a46e8	__TEXT,__cstring	TerminatedCString	17	extern unsigned char *s_ARB_draw_buffers_001a46e8 asm("s_ARB_draw_buffers_001a46e8");	0x4152425f	data.s
s___001a46fc	0x1a46fc	__TEXT,__cstring	TerminatedCString	3	extern unsigned char *s___001a46fc asm("s___001a46fc");	0x3b0a0000	data.s
s_ADDRESS_adr0_001a4700	0x1a4700	__TEXT,__cstring	TerminatedCString	13	extern unsigned char *s_ADDRESS_adr0_001a4700 asm("s_ADDRESS_adr0_001a4700");	0x41444452	data.s
s___adr_001a4710	0x1a4710	__TEXT,__cstring	TerminatedCString	6	extern unsigned char *s___adr_001a4710 asm("s___adr_001a4710");	0x2c206164	data.s
s_TEMP_001a4718	0x1a4718	__TEXT,__cstring	TerminatedCString	6	extern unsigned char *s_TEMP_001a4718 asm("s_TEMP_001a4718");	0x54454d50	data.s
s_LONG_TEMP_001a4720	0x1a4720	__TEXT,__cstring	TerminatedCString	11	extern unsigned char *s_LONG_TEMP_001a4720 asm("s_LONG_TEMP_001a4720");	0x4c4f4e47	data.s
s_SHORT_TEMP_001a472c	0x1a472c	__TEXT,__cstring	TerminatedCString	12	extern unsigned char *s_SHORT_TEMP_001a472c asm("s_SHORT_TEMP_001a472c");	0x53484f52	data.s
s_ATTRIB_att_001a4738	0x1a4738	__TEXT,__cstring	TerminatedCString	11	extern unsigned char *s_ATTRIB_att_001a4738 asm("s_ATTRIB_att_001a4738");	0x41545452	data.s
s___vertex__001a4744	0x1a4744	__TEXT,__cstring	TerminatedCString	11	extern unsigned char *s___vertex__001a4744 asm("s___vertex__001a4744");	0x203d2076	data.s
s___fragment__001a4750	0x1a4750	__TEXT,__cstring	TerminatedCString	13	extern unsigned char *s___fragment__001a4750 asm("s___fragment__001a4750");	0x203d2066	data.s
s_position_001a4760	0x1a4760	__TEXT,__cstring	TerminatedCString	9	extern unsigned char *s_position_001a4760 asm("s_position_001a4760");	0x706f7369	data.s
s_color_primary_001a476c	0x1a476c	__TEXT,__cstring	TerminatedCString	14	extern unsigned char *s_color_primary_001a476c asm("s_color_primary_001a476c");	0x636f6c6f	data.s
s_color_secondary_001a477c	0x1a477c	__TEXT,__cstring	TerminatedCString	16	extern unsigned char *s_color_secondary_001a477c asm("s_color_secondary_001a477c");	0x636f6c6f	data.s
s_normal_001a478c	0x1a478c	__TEXT,__cstring	TerminatedCString	7	extern unsigned char *s_normal_001a478c asm("s_normal_001a478c");	0x6e6f726d	data.s
s_fogcoord_001a4794	0x1a4794	__TEXT,__cstring	TerminatedCString	9	extern unsigned char *s_fogcoord_001a4794 asm("s_fogcoord_001a4794");	0x666f6763	data.s
s_frontfacing_001a47a0	0x1a47a0	__TEXT,__cstring	TerminatedCString	12	extern unsigned char *s_frontfacing_001a47a0 asm("s_frontfacing_001a47a0");	0x66726f6e	data.s
s_texcoord__001a47ac	0x1a47ac	__TEXT,__cstring	TerminatedCString	10	extern unsigned char *s_texcoord__001a47ac asm("s_texcoord__001a47ac");	0x74657863	data.s
s_weight__001a47b8	0x1a47b8	__TEXT,__cstring	TerminatedCString	8	extern unsigned char *s_weight__001a47b8 asm("s_weight__001a47b8");	0x77656967	data.s
s_matrixindex__001a47c0	0x1a47c0	__TEXT,__cstring	TerminatedCString	13	extern unsigned char *s_matrixindex__001a47c0 asm("s_matrixindex__001a47c0");	0x6d617472	data.s
s_attrib__001a47d0	0x1a47d0	__TEXT,__cstring	TerminatedCString	8	extern unsigned char *s_attrib__001a47d0 asm("s_attrib__001a47d0");	0x61747472	data.s
s_material__001a47d8	0x1a47d8	__TEXT,__cstring	TerminatedCString	10	extern unsigned char *s_material__001a47d8 asm("s_material__001a47d8");	0x6d617465	data.s
s_front__001a47e4	0x1a47e4	__TEXT,__cstring	TerminatedCString	7	extern unsigned char *s_front__001a47e4 asm("s_front__001a47e4");	0x66726f6e	data.s
s_back__001a47ec	0x1a47ec	__TEXT,__cstring	TerminatedCString	6	extern unsigned char *s_back__001a47ec asm("s_back__001a47ec");	0x6261636b	data.s
s_ambient_001a47f4	0x1a47f4	__TEXT,__cstring	TerminatedCString	8	extern unsigned char *s_ambient_001a47f4 asm("s_ambient_001a47f4");	0x616d6269	data.s
s_diffuse_001a47fc	0x1a47fc	__TEXT,__cstring	TerminatedCString	8	extern unsigned char *s_diffuse_001a47fc asm("s_diffuse_001a47fc");	0x64696666	data.s
s_specular_001a4804	0x1a4804	__TEXT,__cstring	TerminatedCString	9	extern unsigned char *s_specular_001a4804 asm("s_specular_001a4804");	0x73706563	data.s
s_emission_001a4810	0x1a4810	__TEXT,__cstring	TerminatedCString	9	extern unsigned char *s_emission_001a4810 asm("s_emission_001a4810");	0x656d6973	data.s
s_shininess_001a481c	0x1a481c	__TEXT,__cstring	TerminatedCString	10	extern unsigned char *s_shininess_001a481c asm("s_shininess_001a481c");	0x7368696e	data.s
s_PARAM_prm_001a4828	0x1a4828	__TEXT,__cstring	TerminatedCString	10	extern unsigned char *s_PARAM_prm_001a4828 asm("s_PARAM_prm_001a4828");	0x50415241	data.s
s___001a4834	0x1a4834	__TEXT,__cstring	TerminatedCString	4	extern unsigned char *s___001a4834 asm("s___001a4834");	0x203d2000	data.s
s_____001a4838	0x1a4838	__TEXT,__cstring	TerminatedCString	10	extern unsigned char *s_____001a4838 asm("s_____001a4838");	0x203d207b	data.s
s__001a4844	0x1a4844	__TEXT,__cstring	TerminatedCString	5	extern unsigned char *s__001a4844 asm("s__001a4844");	0x20202020	data.s
s_program__001a484c	0x1a484c	__TEXT,__cstring	TerminatedCString	9	extern unsigned char *s_program__001a484c asm("s_program__001a484c");	0x70726f67	data.s
s_state__001a4858	0x1a4858	__TEXT,__cstring	TerminatedCString	7	extern unsigned char *s_state__001a4858 asm("s_state__001a4858");	0x73746174	data.s
s_local__001a4860	0x1a4860	__TEXT,__cstring	TerminatedCString	7	extern unsigned char *s_local__001a4860 asm("s_local__001a4860");	0x6c6f6361	data.s
s_env__001a4868	0x1a4868	__TEXT,__cstring	TerminatedCString	5	extern unsigned char *s_env__001a4868 asm("s_env__001a4868");	0x656e765b	data.s
s_light__001a4870	0x1a4870	__TEXT,__cstring	TerminatedCString	7	extern unsigned char *s_light__001a4870 asm("s_light__001a4870");	0x6c696768	data.s
s____001a4878	0x1a4878	__TEXT,__cstring	TerminatedCString	3	extern unsigned char *s____001a4878 asm("s____001a4878");	0x5d2e0000	data.s
s_spot_direction_001a487c	0x1a487c	__TEXT,__cstring	TerminatedCString	15	extern unsigned char *s_spot_direction_001a487c asm("s_spot_direction_001a487c");	0x73706f74	data.s
s_attenuation_001a488c	0x1a488c	__TEXT,__cstring	TerminatedCString	12	extern unsigned char *s_attenuation_001a488c asm("s_attenuation_001a488c");	0x61747465	data.s
s_half_001a4898	0x1a4898	__TEXT,__cstring	TerminatedCString	5	extern unsigned char *s_half_001a4898 asm("s_half_001a4898");	0x68616c66	data.s
s_spotcutoff_001a48a0	0x1a48a0	__TEXT,__cstring	TerminatedCString	11	extern unsigned char *s_spotcutoff_001a48a0 asm("s_spotcutoff_001a48a0");	0x73706f74	data.s
s_lightprod__001a48ac	0x1a48ac	__TEXT,__cstring	TerminatedCString	11	extern unsigned char *s_lightprod__001a48ac asm("s_lightprod__001a48ac");	0x6c696768	data.s
s_lightmodel_ambient_001a48b8	0x1a48b8	__TEXT,__cstring	TerminatedCString	19	extern unsigned char *s_lightmodel_ambient_001a48b8 asm("s_lightmodel_ambient_001a48b8");	0x6c696768	data.s
s_lightmodel__001a48cc	0x1a48cc	__TEXT,__cstring	TerminatedCString	12	extern unsigned char *s_lightmodel__001a48cc asm("s_lightmodel__001a48cc");	0x6c696768	data.s
s_scenecolor_001a48d8	0x1a48d8	__TEXT,__cstring	TerminatedCString	11	extern unsigned char *s_scenecolor_001a48d8 asm("s_scenecolor_001a48d8");	0x7363656e	data.s
s_texgen__001a48e4	0x1a48e4	__TEXT,__cstring	TerminatedCString	8	extern unsigned char *s_texgen__001a48e4 asm("s_texgen__001a48e4");	0x74657867	data.s
s___eye__001a48ec	0x1a48ec	__TEXT,__cstring	TerminatedCString	7	extern unsigned char *s___eye__001a48ec asm("s___eye__001a48ec");	0x5d2e6579	data.s
s_s_001a48f4	0x1a48f4	__TEXT,__cstring	TerminatedCString	2	extern unsigned char *s_s_001a48f4 asm("s_s_001a48f4");	0x73000000	data.s
s_t_001a48f8	0x1a48f8	__TEXT,__cstring	TerminatedCString	2	extern unsigned char *s_t_001a48f8 asm("s_t_001a48f8");	0x74000000	data.s
s_r_001a48fc	0x1a48fc	__TEXT,__cstring	TerminatedCString	2	extern unsigned char *s_r_001a48fc asm("s_r_001a48fc");	0x72000000	data.s
s_q_001a4900	0x1a4900	__TEXT,__cstring	TerminatedCString	2	extern unsigned char *s_q_001a4900 asm("s_q_001a4900");	0x71000000	data.s
s___object__001a4904	0x1a4904	__TEXT,__cstring	TerminatedCString	10	extern unsigned char *s___object__001a4904 asm("s___object__001a4904");	0x5d2e6f62	data.s
s_texenv__001a4910	0x1a4910	__TEXT,__cstring	TerminatedCString	8	extern unsigned char *s_texenv__001a4910 asm("s_texenv__001a4910");	0x74657865	data.s
s___color_001a4918	0x1a4918	__TEXT,__cstring	TerminatedCString	8	extern unsigned char *s___color_001a4918 asm("s___color_001a4918");	0x5d2e636f	data.s
s_clip__001a4920	0x1a4920	__TEXT,__cstring	TerminatedCString	6	extern unsigned char *s_clip__001a4920 asm("s_clip__001a4920");	0x636c6970	data.s
s___plane_001a4928	0x1a4928	__TEXT,__cstring	TerminatedCString	8	extern unsigned char *s___plane_001a4928 asm("s___plane_001a4928");	0x5d2e706c	data.s
s_fog_color_001a4930	0x1a4930	__TEXT,__cstring	TerminatedCString	10	extern unsigned char *s_fog_color_001a4930 asm("s_fog_color_001a4930");	0x666f672e	data.s
s_fog_params_001a493c	0x1a493c	__TEXT,__cstring	TerminatedCString	11	extern unsigned char *s_fog_params_001a493c asm("s_fog_params_001a493c");	0x666f672e	data.s
s_depth_range_001a4948	0x1a4948	__TEXT,__cstring	TerminatedCString	12	extern unsigned char *s_depth_range_001a4948 asm("s_depth_range_001a4948");	0x64657074	data.s
s_point_size_001a4954	0x1a4954	__TEXT,__cstring	TerminatedCString	11	extern unsigned char *s_point_size_001a4954 asm("s_point_size_001a4954");	0x706f696e	data.s
s_point_attenuation_001a4960	0x1a4960	__TEXT,__cstring	TerminatedCString	18	extern unsigned char *s_point_attenuation_001a4960 asm("s_point_attenuation_001a4960");	0x706f696e	data.s
s_matrix__001a4974	0x1a4974	__TEXT,__cstring	TerminatedCString	8	extern unsigned char *s_matrix__001a4974 asm("s_matrix__001a4974");	0x6d617472	data.s
s_projection__001a497c	0x1a497c	__TEXT,__cstring	TerminatedCString	12	extern unsigned char *s_projection__001a497c asm("s_projection__001a497c");	0x70726f6a	data.s
s_mvp__001a4988	0x1a4988	__TEXT,__cstring	TerminatedCString	5	extern unsigned char *s_mvp__001a4988 asm("s_mvp__001a4988");	0x6d76702e	data.s
s_color__001a4990	0x1a4990	__TEXT,__cstring	TerminatedCString	7	extern unsigned char *s_color__001a4990 asm("s_color__001a4990");	0x636f6c6f	data.s
s_modelview__001a4998	0x1a4998	__TEXT,__cstring	TerminatedCString	11	extern unsigned char *s_modelview__001a4998 asm("s_modelview__001a4998");	0x6d6f6465	data.s
s_program__001a49a4	0x1a49a4	__TEXT,__cstring	TerminatedCString	9	extern unsigned char *s_program__001a49a4 asm("s_program__001a49a4");	0x70726f67	data.s
s_transpose__001a49b0	0x1a49b0	__TEXT,__cstring	TerminatedCString	11	extern unsigned char *s_transpose__001a49b0 asm("s_transpose__001a49b0");	0x7472616e	data.s
s_inverse__001a49bc	0x1a49bc	__TEXT,__cstring	TerminatedCString	9	extern unsigned char *s_inverse__001a49bc asm("s_inverse__001a49bc");	0x696e7665	data.s
s_invtrans__001a49c8	0x1a49c8	__TEXT,__cstring	TerminatedCString	10	extern unsigned char *s_invtrans__001a49c8 asm("s_invtrans__001a49c8");	0x696e7674	data.s
s_row__001a49d4	0x1a49d4	__TEXT,__cstring	TerminatedCString	5	extern unsigned char *s_row__001a49d4 asm("s_row__001a49d4");	0x726f775b	data.s
s___001a49dc	0x1a49dc	__TEXT,__cstring	TerminatedCString	2	extern unsigned char *s___001a49dc asm("s___001a49dc");	0x7b000000	data.s
s___001a49e0	0x1a49e0	__TEXT,__cstring	TerminatedCString	2	extern unsigned char *s___001a49e0 asm("s___001a49e0");	0x7d000000	data.s
s_____Fixed_constant_data_not_curr_001a49e4	0x1a49e4	__TEXT,__cstring	TerminatedCString	52	extern unsigned char *s_____Fixed_constant_data_not_curr_001a49e4 asm("s_____Fixed_constant_data_not_curr_001a49e4");	0x7b2d2d20	data.s
s_normalscale_001a4a18	0x1a4a18	__TEXT,__cstring	TerminatedCString	12	extern unsigned char *s_normalscale_001a4a18 asm("s_normalscale_001a4a18");	0x6e6f726d	data.s
s____001a4a24	0x1a4a24	__TEXT,__cstring	TerminatedCString	5	extern unsigned char *s____001a4a24 asm("s____001a4a24");	0x0a7d3b0a	data.s
s___001a4a2c	0x1a4a2c	__TEXT,__cstring	TerminatedCString	3	extern unsigned char *s___001a4a2c asm("s___001a4a2c");	0x2c0a0000	data.s
s_OUTPUT_res_001a4a30	0x1a4a30	__TEXT,__cstring	TerminatedCString	11	extern unsigned char *s_OUTPUT_res_001a4a30 asm("s_OUTPUT_res_001a4a30");	0x4f555450	data.s
s_LONG_OUTPUT_res_001a4a3c	0x1a4a3c	__TEXT,__cstring	TerminatedCString	16	extern unsigned char *s_LONG_OUTPUT_res_001a4a3c asm("s_LONG_OUTPUT_res_001a4a3c");	0x4c4f4e47	data.s
s_SHORT_OUTPUT_res_001a4a4c	0x1a4a4c	__TEXT,__cstring	TerminatedCString	17	extern unsigned char *s_SHORT_OUTPUT_res_001a4a4c asm("s_SHORT_OUTPUT_res_001a4a4c");	0x53484f52	data.s
s_result_position_001a4a60	0x1a4a60	__TEXT,__cstring	TerminatedCString	16	extern unsigned char *s_result_position_001a4a60 asm("s_result_position_001a4a60");	0x72657375	data.s
s_result_fogcoord_001a4a70	0x1a4a70	__TEXT,__cstring	TerminatedCString	16	extern unsigned char *s_result_fogcoord_001a4a70 asm("s_result_fogcoord_001a4a70");	0x72657375	data.s
s_result_pointsize_001a4a80	0x1a4a80	__TEXT,__cstring	TerminatedCString	17	extern unsigned char *s_result_pointsize_001a4a80 asm("s_result_pointsize_001a4a80");	0x72657375	data.s
s_result_color_001a4a94	0x1a4a94	__TEXT,__cstring	TerminatedCString	13	extern unsigned char *s_result_color_001a4a94 asm("s_result_color_001a4a94");	0x72657375	data.s
s__front_primary_001a4aa4	0x1a4aa4	__TEXT,__cstring	TerminatedCString	15	extern unsigned char *s__front_primary_001a4aa4 asm("s__front_primary_001a4aa4");	0x2e66726f	data.s
s__back_primary_001a4ab4	0x1a4ab4	__TEXT,__cstring	TerminatedCString	14	extern unsigned char *s__back_primary_001a4ab4 asm("s__back_primary_001a4ab4");	0x2e626163	data.s
s__front_secondary_001a4ac4	0x1a4ac4	__TEXT,__cstring	TerminatedCString	17	extern unsigned char *s__front_secondary_001a4ac4 asm("s__front_secondary_001a4ac4");	0x2e66726f	data.s
s__back_secondary_001a4ad8	0x1a4ad8	__TEXT,__cstring	TerminatedCString	16	extern unsigned char *s__back_secondary_001a4ad8 asm("s__back_secondary_001a4ad8");	0x2e626163	data.s
s_result_texcoord__001a4ae8	0x1a4ae8	__TEXT,__cstring	TerminatedCString	17	extern unsigned char *s_result_texcoord__001a4ae8 asm("s_result_texcoord__001a4ae8");	0x72657375	data.s
s_result_depth_001a4afc	0x1a4afc	__TEXT,__cstring	TerminatedCString	13	extern unsigned char *s_result_depth_001a4afc asm("s_result_depth_001a4afc");	0x72657375	data.s
s_result_attrib__001a4b0c	0x1a4b0c	__TEXT,__cstring	TerminatedCString	15	extern unsigned char *s_result_attrib__001a4b0c asm("s_result_attrib__001a4b0c");	0x72657375	data.s
s_result_eyePosition_001a4b1c	0x1a4b1c	__TEXT,__cstring	TerminatedCString	19	extern unsigned char *s_result_eyePosition_001a4b1c asm("s_result_eyePosition_001a4b1c");	0x72657375	data.s
s_result_clipVertex_001a4b30	0x1a4b30	__TEXT,__cstring	TerminatedCString	18	extern unsigned char *s_result_clipVertex_001a4b30 asm("s_result_clipVertex_001a4b30");	0x72657375	data.s
s_main__001a4b44	0x1a4b44	__TEXT,__cstring	TerminatedCString	7	extern unsigned char *s_main__001a4b44 asm("s_main__001a4b44");	0x6d61696e	data.s
s__001a4b4c	0x1a4b4c	__TEXT,__cstring	TerminatedCString	3	extern unsigned char *s__001a4b4c asm("s__001a4b4c");	0x20200000	data.s
s_label__001a4b50	0x1a4b50	__TEXT,__cstring	TerminatedCString	7	extern unsigned char *s_label__001a4b50 asm("s_label__001a4b50");	0x6c616265	data.s
s___001a4b58	0x1a4b58	__TEXT,__cstring	TerminatedCString	3	extern unsigned char *s___001a4b58 asm("s___001a4b58");	0x3a0a0000	data.s
s__001a4b5c	0x1a4b5c	__TEXT,__cstring	TerminatedCString	2	extern unsigned char *s__001a4b5c asm("s__001a4b5c");	0x20000000	data.s
s_TR_001a4b60	0x1a4b60	__TEXT,__cstring	TerminatedCString	4	extern unsigned char *s_TR_001a4b60 asm("s_TR_001a4b60");	0x20545200	data.s
s_EQ_001a4b64	0x1a4b64	__TEXT,__cstring	TerminatedCString	4	extern unsigned char *s_EQ_001a4b64 asm("s_EQ_001a4b64");	0x20455100	data.s
s_GE_001a4b68	0x1a4b68	__TEXT,__cstring	TerminatedCString	4	extern unsigned char *s_GE_001a4b68 asm("s_GE_001a4b68");	0x20474500	data.s
s_GT_001a4b6c	0x1a4b6c	__TEXT,__cstring	TerminatedCString	4	extern unsigned char *s_GT_001a4b6c asm("s_GT_001a4b6c");	0x20475400	data.s
s_LE_001a4b70	0x1a4b70	__TEXT,__cstring	TerminatedCString	4	extern unsigned char *s_LE_001a4b70 asm("s_LE_001a4b70");	0x204c4500	data.s
s_LT_001a4b74	0x1a4b74	__TEXT,__cstring	TerminatedCString	4	extern unsigned char *s_LT_001a4b74 asm("s_LT_001a4b74");	0x204c5400	data.s
s_NE_001a4b78	0x1a4b78	__TEXT,__cstring	TerminatedCString	4	extern unsigned char *s_NE_001a4b78 asm("s_NE_001a4b78");	0x204e4500	data.s
s_FL_001a4b7c	0x1a4b7c	__TEXT,__cstring	TerminatedCString	4	extern unsigned char *s_FL_001a4b7c asm("s_FL_001a4b7c");	0x20464c00	data.s
s_label__001a4ba4	0x1a4ba4	__TEXT,__cstring	TerminatedCString	9	extern unsigned char *s_label__001a4ba4 asm("s_label__001a4ba4");	0x20206c61	data.s
s_END_001a4bb0	0x1a4bb0	__TEXT,__cstring	TerminatedCString	5	extern unsigned char *s_END_001a4bb0 asm("s_END_001a4bb0");	0x454e440a	data.s
s___ILfs1_0_001a5d2c	0x1a5d2c	__TEXT,__cstring	TerminatedCString	13	extern unsigned char *s___ILfs1_0_001a5d2c asm("s___ILfs1_0_001a5d2c");	0x2121494c	data.s
s_IL_pos_001a62cc	0x1a62cc	__TEXT,__cstring	TerminatedCString	7	extern unsigned char *s_IL_pos_001a62cc asm("s_IL_pos_001a62cc");	0x494c5f70	data.s
s_IL_pointsize_001a62d4	0x1a62d4	__TEXT,__cstring	TerminatedCString	13	extern unsigned char *s_IL_pointsize_001a62d4 asm("s_IL_pointsize_001a62d4");	0x494c5f70	data.s
s_IL_color_001a62e4	0x1a62e4	__TEXT,__cstring	TerminatedCString	9	extern unsigned char *s_IL_color_001a62e4 asm("s_IL_color_001a62e4");	0x494c5f63	data.s
s_IL_backcolor_001a62f0	0x1a62f0	__TEXT,__cstring	TerminatedCString	13	extern unsigned char *s_IL_backcolor_001a62f0 asm("s_IL_backcolor_001a62f0");	0x494c5f62	data.s
s_IL_fog_001a6300	0x1a6300	__TEXT,__cstring	TerminatedCString	7	extern unsigned char *s_IL_fog_001a6300 asm("s_IL_fog_001a6300");	0x494c5f66	data.s
s_IL_generic_001a6308	0x1a6308	__TEXT,__cstring	TerminatedCString	11	extern unsigned char *s_IL_generic_001a6308 asm("s_IL_generic_001a6308");	0x494c5f67	data.s
s_IL_unknown_001a6314	0x1a6314	__TEXT,__cstring	TerminatedCString	11	extern unsigned char *s_IL_unknown_001a6314 asm("s_IL_unknown_001a6314");	0x494c5f75	data.s
s_ox_001a64a8	0x1a64a8	__TEXT,__cstring	TerminatedCString	3	extern unsigned char *s_ox_001a64a8 asm("s_ox_001a64a8");	0x6f780000	data.s
s_Du_001a64b4	0x1a64b4	__TEXT,__cstring	TerminatedCString	8	extern char s_Du_001a64b4[] asm("s_Du_001a64b4");	0x20202020	data.s
s_neg__001a6f80	0x1a6f80	__TEXT,__cstring	TerminatedCString	5	extern unsigned char *s_neg__001a6f80 asm("s_neg__001a6f80");	0x6e656728	data.s
s_abs__001a6f88	0x1a6f88	__TEXT,__cstring	TerminatedCString	5	extern unsigned char *s_abs__001a6f88 asm("s_abs__001a6f88");	0x61627328	data.s
s_nab__001a6f90	0x1a6f90	__TEXT,__cstring	TerminatedCString	5	extern unsigned char *s_nab__001a6f90 asm("s_nab__001a6f90");	0x6e616228	data.s
s______001a6f98	0x1a6f98	__TEXT,__cstring	TerminatedCString	5	extern unsigned char *s______001a6f98 asm("s______001a6f98");	0x3f3f3f28	data.s
s_srcp_001a6fa0	0x1a6fa0	__TEXT,__cstring	TerminatedCString	5	extern unsigned char *s_srcp_001a6fa0 asm("s_srcp_001a6fa0");	0x73726370	data.s
s_ign_unc_001a734c	0x1a734c	__TEXT,__cstring	TerminatedCString	9	extern unsigned char *s_ign_unc_001a734c asm("s_ign_unc_001a734c");	0x2069676e	data.s
s_sem_wait_001a7358	0x1a7358	__TEXT,__cstring	TerminatedCString	10	extern unsigned char *s_sem_wait_001a7358 asm("s_sem_wait_001a7358");	0x2073656d	data.s
s_alu_wait_001a7364	0x1a7364	__TEXT,__cstring	TerminatedCString	10	extern unsigned char *s_alu_wait_001a7364 asm("s_alu_wait_001a7364");	0x20616c75	data.s
s_sem_grab_001a73ac	0x1a73ac	__TEXT,__cstring	TerminatedCString	10	extern unsigned char *s_sem_grab_001a73ac asm("s_sem_grab_001a73ac");	0x2073656d	data.s
s__p_001a74dc	0x1a74dc	__TEXT,__cstring	TerminatedCString	3	extern unsigned char *s__p_001a74dc asm("s__p_001a74dc");	0x21700000	data.s
s_eq_001a77d8	0x1a77d8	__TEXT,__cstring	TerminatedCString	3	extern unsigned char *s_eq_001a77d8 asm("s_eq_001a77d8");	0x65710000	data.s
s_lt_001a77dc	0x1a77dc	__TEXT,__cstring	TerminatedCString	3	extern unsigned char *s_lt_001a77dc asm("s_lt_001a77dc");	0x6c740000	data.s
s_ge_001a77e0	0x1a77e0	__TEXT,__cstring	TerminatedCString	3	extern unsigned char *s_ge_001a77e0 asm("s_ge_001a77e0");	0x67650000	data.s
s_ne_001a77e4	0x1a77e4	__TEXT,__cstring	TerminatedCString	3	extern unsigned char *s_ne_001a77e4 asm("s_ne_001a77e4");	0x6e650000	data.s
s_alpha_001a77e8	0x1a77e8	__TEXT,__cstring	TerminatedCString	6	extern unsigned char *s_alpha_001a77e8 asm("s_alpha_001a77e8");	0x616c7068	data.s
s__point_list_001a82b8	0x1a82b8	__TEXT,__cstring	TerminatedCString	12	extern char s__point_list_001a82b8[] asm("s__point_list_001a82b8");	0x5f706f69	data.s
s__line_strip_001a82c4	0x1a82c4	__TEXT,__cstring	TerminatedCString	12	extern char s__line_strip_001a82c4[] asm("s__line_strip_001a82c4");	0x5f6c696e	data.s
s__triangle_strip_001a82d0	0x1a82d0	__TEXT,__cstring	TerminatedCString	16	extern char s__triangle_strip_001a82d0[] asm("s__triangle_strip_001a82d0");	0x5f747269	data.s
s__point_001a82e0	0x1a82e0	__TEXT,__cstring	TerminatedCString	7	extern unsigned char *s__point_001a82e0 asm("s__point_001a82e0");	0x5f706f69	data.s
s__line_001a82e8	0x1a82e8	__TEXT,__cstring	TerminatedCString	6	extern char s__line_001a82e8[] asm("s__line_001a82e8");	0x5f6c696e	data.s
s__triangle_001a82f0	0x1a82f0	__TEXT,__cstring	TerminatedCString	10	extern char s__triangle_001a82f0[] asm("s__triangle_001a82f0");	0x5f747269	data.s
s__line_adj_001a82fc	0x1a82fc	__TEXT,__cstring	TerminatedCString	10	extern char s__line_adj_001a82fc[] asm("s__line_adj_001a82fc");	0x5f6c696e	data.s
s__triangle_adj_001a8308	0x1a8308	__TEXT,__cstring	TerminatedCString	14	extern char s__triangle_adj_001a8308[] asm("s__triangle_adj_001a8308");	0x5f747269	data.s
s_vs_001a838c	0x1a838c	__TEXT,__cstring	TerminatedCString	3	extern unsigned char *s_vs_001a838c asm("s_vs_001a838c");	0x76730000	data.s
s_ps_001a8390	0x1a8390	__TEXT,__cstring	TerminatedCString	3	extern unsigned char *s_ps_001a8390 asm("s_ps_001a8390");	0x70730000	data.s
s_gs_001a8394	0x1a8394	__TEXT,__cstring	TerminatedCString	3	extern unsigned char *s_gs_001a8394 asm("s_gs_001a8394");	0x67730000	data.s
s__LDBL128_001aa0b4	0x1aa0b4	__TEXT,__cstring	TerminatedCString	9	extern unsigned char *s__LDBL128_001aa0b4 asm("s__LDBL128_001aa0b4");	0x244c4442	data.s
FLOAT_001aa0cc	0x1aa0cc	__TEXT,__literal4	float	4	extern float FLOAT_001aa0cc asm("FLOAT_001aa0cc");	0x42ffffff	data.s
FLOAT_001aa0d0	0x1aa0d0	__TEXT,__literal4	float	4	extern float FLOAT_001aa0d0 asm("FLOAT_001aa0d0");	0x46ffffff	data.s
FLOAT_001aa0d4	0x1aa0d4	__TEXT,__literal4	float	4	extern float FLOAT_001aa0d4 asm("FLOAT_001aa0d4");	0x00000000	data.s
FLOAT_001aa0d8	0x1aa0d8	__TEXT,__literal4	float	4	extern float FLOAT_001aa0d8 asm("FLOAT_001aa0d8");	0x46fffe00	data.s
FLOAT_001aa0dc	0x1aa0dc	__TEXT,__literal4	float	4	extern float FLOAT_001aa0dc asm("FLOAT_001aa0dc");	0x3c010204	data.s
FLOAT_001aa0e0	0x1aa0e0	__TEXT,__literal4	float	4	extern float FLOAT_001aa0e0 asm("FLOAT_001aa0e0");	0x3fffdf3b	data.s
FLOAT_001aa0e4	0x1aa0e4	__TEXT,__literal4	float	4	extern float FLOAT_001aa0e4 asm("FLOAT_001aa0e4");	0x38000100	data.s
FLOAT_001aa0e8	0x1aa0e8	__TEXT,__literal4	float	4	extern float FLOAT_001aa0e8 asm("FLOAT_001aa0e8");	0x3f800000	data.s
FLOAT_001aa0ec	0x1aa0ec	__TEXT,__literal4	float	4	extern float FLOAT_001aa0ec asm("FLOAT_001aa0ec");	0x41f80000	data.s
FLOAT_001aa0f0	0x1aa0f0	__TEXT,__literal4	float	4	extern float FLOAT_001aa0f0 asm("FLOAT_001aa0f0");	0x437f0000	data.s
FLOAT_001aa0f4	0x1aa0f4	__TEXT,__literal4	float	4	extern float FLOAT_001aa0f4 asm("FLOAT_001aa0f4");	0x42fe0000	data.s
FLOAT_001aa0f8	0x1aa0f8	__TEXT,__literal4	float	4	extern float FLOAT_001aa0f8 asm("FLOAT_001aa0f8");	0x42000000	data.s
FLOAT_001aa0fc	0x1aa0fc	__TEXT,__literal4	float	4	extern float FLOAT_001aa0fc asm("FLOAT_001aa0fc");	0x41800000	data.s
FLOAT_001aa100	0x1aa100	__TEXT,__literal4	float	4	extern float FLOAT_001aa100 asm("FLOAT_001aa100");	0x41000000	data.s
FLOAT_001aa104	0x1aa104	__TEXT,__literal4	float	4	extern float FLOAT_001aa104 asm("FLOAT_001aa104");	0x40800000	data.s
FLOAT_001aa108	0x1aa108	__TEXT,__literal4	float	4	extern float FLOAT_001aa108 asm("FLOAT_001aa108");	0x40000000	data.s
FLOAT_001aa10c	0x1aa10c	__TEXT,__literal4	float	4	extern float FLOAT_001aa10c asm("FLOAT_001aa10c");	0x3f000000	data.s
FLOAT_001aa110	0x1aa110	__TEXT,__literal4	float	4	extern float FLOAT_001aa110 asm("FLOAT_001aa110");	0x3e800000	data.s
FLOAT_001aa114	0x1aa114	__TEXT,__literal4	float	4	extern float FLOAT_001aa114 asm("FLOAT_001aa114");	0xbf800000	data.s
FLOAT_001aa118	0x1aa118	__TEXT,__literal4	float	4	extern float FLOAT_001aa118 asm("FLOAT_001aa118");	0x3f7ffe5d	data.s
FLOAT_001aa128	0x1aa128	__TEXT,__literal4	float	4	extern float FLOAT_001aa128 asm("FLOAT_001aa128");	0x3fc00000	data.s
FLOAT_001aa12c	0x1aa12c	__TEXT,__literal4	float	4	extern float FLOAT_001aa12c asm("FLOAT_001aa12c");	0x40c00000	data.s
FLOAT_001aa130	0x1aa130	__TEXT,__literal4	float	4	extern float FLOAT_001aa130 asm("FLOAT_001aa130");	0x40490fdb	data.s
FLOAT_001aa134	0x1aa134	__TEXT,__literal4	float	4	extern float FLOAT_001aa134 asm("FLOAT_001aa134");	0x3fc90fdb	data.s
FLOAT_001aa138	0x1aa138	__TEXT,__literal4	float	4	extern float FLOAT_001aa138 asm("FLOAT_001aa138");	0x3c8efa35	data.s
FLOAT_001aa13c	0x1aa13c	__TEXT,__literal4	float	4	extern float FLOAT_001aa13c asm("FLOAT_001aa13c");	0x42652ee1	data.s
FLOAT_001aa140	0x1aa140	__TEXT,__literal4	float	4	extern float FLOAT_001aa140 asm("FLOAT_001aa140");	0x3fb8aa3b	data.s
FLOAT_001aa144	0x1aa144	__TEXT,__literal4	float	4	extern float FLOAT_001aa144 asm("FLOAT_001aa144");	0x3f99be61	data.s
FLOAT_001aa148	0x1aa148	__TEXT,__literal4	float	4	extern float FLOAT_001aa148 asm("FLOAT_001aa148");	0x80000000	data.s
FLOAT_001aa14c	0x1aa14c	__TEXT,__literal4	float	4	extern float FLOAT_001aa14c asm("FLOAT_001aa14c");	0x477fff00	data.s
FLOAT_001aa150	0x1aa150	__TEXT,__literal4	float	4	extern float FLOAT_001aa150 asm("FLOAT_001aa150");	0x4b7fffff	data.s
FLOAT_001aa154	0x1aa154	__TEXT,__literal4	float	4	extern float FLOAT_001aa154 asm("FLOAT_001aa154");	0x447fc000	data.s
FLOAT_001aa158	0x1aa158	__TEXT,__literal4	float	4	extern float FLOAT_001aa158 asm("FLOAT_001aa158");	0x40400000	data.s
FLOAT_001aa164	0x1aa164	__TEXT,__literal4	float	4	extern float FLOAT_001aa164 asm("FLOAT_001aa164");	0x44800000	data.s
FLOAT_001aa168	0x1aa168	__TEXT,__literal4	float	4	extern float FLOAT_001aa168 asm("FLOAT_001aa168");	0x43800000	data.s
FLOAT_001aa170	0x1aa170	__TEXT,__literal4	float	4	extern float FLOAT_001aa170 asm("FLOAT_001aa170");	0x3e000000	data.s
FLOAT_001aa174	0x1aa174	__TEXT,__literal4	float	4	extern float FLOAT_001aa174 asm("FLOAT_001aa174");	0xbf000000	data.s
FLOAT_001aa178	0x1aa178	__TEXT,__literal4	float	4	extern float FLOAT_001aa178 asm("FLOAT_001aa178");	0xc1800000	data.s
FLOAT_001aa17c	0x1aa17c	__TEXT,__literal4	float	4	extern float FLOAT_001aa17c asm("FLOAT_001aa17c");	0xc4000000	data.s
FLOAT_001aa180	0x1aa180	__TEXT,__literal4	float	4	extern float FLOAT_001aa180 asm("FLOAT_001aa180");	0x417f0000	data.s
FLOAT_001aa184	0x1aa184	__TEXT,__literal4	float	4	extern float FLOAT_001aa184 asm("FLOAT_001aa184");	0x43ff0000	data.s
FLOAT_001aa188	0x1aa188	__TEXT,__literal4	float	4	extern float FLOAT_001aa188 asm("FLOAT_001aa188");	0x3dcccccd	data.s
FLOAT_001aa18c	0x1aa18c	__TEXT,__literal4	float	4	extern float FLOAT_001aa18c asm("FLOAT_001aa18c");	0x3e4ccccd	data.s
FLOAT_001aa190	0x1aa190	__TEXT,__literal4	float	4	extern float FLOAT_001aa190 asm("FLOAT_001aa190");	0x3e99999a	data.s
FLOAT_001aa194	0x1aa194	__TEXT,__literal4	float	4	extern float FLOAT_001aa194 asm("FLOAT_001aa194");	0x3ecccccd	data.s
FLOAT_001aa198	0x1aa198	__TEXT,__literal4	float	4	extern float FLOAT_001aa198 asm("FLOAT_001aa198");	0xb58637bd	data.s
FLOAT_001aa19c	0x1aa19c	__TEXT,__literal4	float	4	extern float FLOAT_001aa19c asm("FLOAT_001aa19c");	0x358637bd	data.s
FLOAT_001aa1a0	0x1aa1a0	__TEXT,__literal4	float	4	extern float FLOAT_001aa1a0 asm("FLOAT_001aa1a0");	0x3d800000	data.s
FLOAT_001aa1a4	0x1aa1a4	__TEXT,__literal4	float	4	extern float FLOAT_001aa1a4 asm("FLOAT_001aa1a4");	0x41400000	data.s
FLOAT_001aa1a8	0x1aa1a8	__TEXT,__literal4	float	4	extern float FLOAT_001aa1a8 asm("FLOAT_001aa1a8");	0xbe4ccccd	data.s
FLOAT_001aa1ac	0x1aa1ac	__TEXT,__literal4	float	4	extern float FLOAT_001aa1ac asm("FLOAT_001aa1ac");	0x3f99999a	data.s
FLOAT_001aa1b0	0x1aa1b0	__TEXT,__literal4	float	4	extern float FLOAT_001aa1b0 asm("FLOAT_001aa1b0");	0x3e19999a	data.s
FLOAT_001aa1b4	0x1aa1b4	__TEXT,__literal4	float	4	extern float FLOAT_001aa1b4 asm("FLOAT_001aa1b4");	0x44c80000	data.s
FLOAT_001aa1b8	0x1aa1b8	__TEXT,__literal4	float	4	extern float FLOAT_001aa1b8 asm("FLOAT_001aa1b8");	0x44960000	data.s
FLOAT_001aa1bc	0x1aa1bc	__TEXT,__literal4	float	4	extern float FLOAT_001aa1bc asm("FLOAT_001aa1bc");	0x40a00000	data.s
FLOAT_001aa1c0	0x1aa1c0	__TEXT,__literal4	float	4	extern float FLOAT_001aa1c0 asm("FLOAT_001aa1c0");	0x3a800000	data.s
FLOAT_001aa1c4	0x1aa1c4	__TEXT,__literal4	float	4	extern float FLOAT_001aa1c4 asm("FLOAT_001aa1c4");	0x3c800000	data.s
FLOAT_001aa1c8	0x1aa1c8	__TEXT,__literal4	float	4	extern float FLOAT_001aa1c8 asm("FLOAT_001aa1c8");	0xc0000000	data.s
FLOAT_001aa1cc	0x1aa1cc	__TEXT,__literal4	float	4	extern float FLOAT_001aa1cc asm("FLOAT_001aa1cc");	0x40c90fdb	data.s
FLOAT_001aa1d0	0x1aa1d0	__TEXT,__literal4	float	4	extern float FLOAT_001aa1d0 asm("FLOAT_001aa1d0");	0x4f000000	data.s
FLOAT_001aa1d4	0x1aa1d4	__TEXT,__literal4	float	4	extern float FLOAT_001aa1d4 asm("FLOAT_001aa1d4");	0xc3000000	data.s
FLOAT_001aa1d8	0x1aa1d8	__TEXT,__literal4	float	4	extern float FLOAT_001aa1d8 asm("FLOAT_001aa1d8");	0x43000000	data.s
DOUBLE_001aa1e0	0x1aa1e0	__TEXT,__literal8	double	8	extern double DOUBLE_001aa1e0 asm("DOUBLE_001aa1e0");	0x43300000	data.s
DOUBLE_001aa1e8	0x1aa1e8	__TEXT,__literal8	double	8	extern double DOUBLE_001aa1e8 asm("DOUBLE_001aa1e8");	0x41e00000	data.s
DOUBLE_001aa1f0	0x1aa1f0	__TEXT,__literal8	double	8	extern double DOUBLE_001aa1f0 asm("DOUBLE_001aa1f0");	0x3949f623	data.s
DOUBLE_001aa1f8	0x1aa1f8	__TEXT,__literal8	double	8	extern double DOUBLE_001aa1f8 asm("DOUBLE_001aa1f8");	0x4693b8b5	data.s
DOUBLE_001aa200	0x1aa200	__TEXT,__literal8	double	8	extern double DOUBLE_001aa200 asm("DOUBLE_001aa200");	0x3ff00000	data.s
DOUBLE_001aa208	0x1aa208	__TEXT,__literal8	double	8	extern double DOUBLE_001aa208 asm("DOUBLE_001aa208");	0x3eb0c6f7	data.s
DOUBLE_001aa210	0x1aa210	__TEXT,__literal8	double	8	extern double DOUBLE_001aa210 asm("DOUBLE_001aa210");	0x3f847ae1	data.s
DOUBLE_001aa218	0x1aa218	__TEXT,__literal8	double	8	extern double DOUBLE_001aa218 asm("DOUBLE_001aa218");	0x3fd34413	data.s
DOUBLE_001aa220	0x1aa220	__TEXT,__literal8	double	8	extern double DOUBLE_001aa220 asm("DOUBLE_001aa220");	0x3fb99999	data.s
DOUBLE_001aa228	0x1aa228	__TEXT,__literal8	double	8	extern double DOUBLE_001aa228 asm("DOUBLE_001aa228");	0x00000000	data.s
DOUBLE_001aa230	0x1aa230	__TEXT,__literal8	double	8	extern double DOUBLE_001aa230 asm("DOUBLE_001aa230");	0x40590000	data.s
DOUBLE_001aa238	0x1aa238	__TEXT,__literal8	double	8	extern double DOUBLE_001aa238 asm("DOUBLE_001aa238");	0x40240000	data.s
DOUBLE_001aa240	0x1aa240	__TEXT,__literal8	double	8	extern double DOUBLE_001aa240 asm("DOUBLE_001aa240");	0x3fe00000	data.s
DOUBLE_001aa248	0x1aa248	__TEXT,__literal8	double	8	extern double DOUBLE_001aa248 asm("DOUBLE_001aa248");	0x3e7ad7f2	data.s
DOUBLE_001aa250	0x1aa250	__TEXT,__literal8	double	8	extern double DOUBLE_001aa250 asm("DOUBLE_001aa250");	0x43300000	data.s
DOUBLE_001aa258	0x1aa258	__TEXT,__literal8	double	8	extern double DOUBLE_001aa258 asm("DOUBLE_001aa258");	0x406fe000	data.s
DOUBLE_001aa260	0x1aa260	__TEXT,__literal8	double	8	extern double DOUBLE_001aa260 asm("DOUBLE_001aa260");	0x3f800000	data.s
DOUBLE_001aa268	0x1aa268	__TEXT,__literal8	double	8	extern double DOUBLE_001aa268 asm("DOUBLE_001aa268");	0x3fe62e42	data.s
DOUBLE_001aa270	0x1aa270	__TEXT,__literal8	double	8	extern double DOUBLE_001aa270 asm("DOUBLE_001aa270");	0x3feaa449	data.s
DOUBLE_001aa278	0x1aa278	__TEXT,__literal8	double	8	extern double DOUBLE_001aa278 asm("DOUBLE_001aa278");	0x40efffe0	data.s
DOUBLE_001aa280	0x1aa280	__TEXT,__literal8	double	8	extern double DOUBLE_001aa280 asm("DOUBLE_001aa280");	0x41efffff	data.s
DOUBLE_001aa288	0x1aa288	__TEXT,__literal8	double	8	extern double DOUBLE_001aa288 asm("DOUBLE_001aa288");	0x416fffff	data.s
DOUBLE_001aa290	0x1aa290	__TEXT,__literal8	double	8	extern double DOUBLE_001aa290 asm("DOUBLE_001aa290");	0x40200000	data.s
DOUBLE_001aa298	0x1aa298	__TEXT,__literal8	double	8	extern double DOUBLE_001aa298 asm("DOUBLE_001aa298");	0x3e6ad7f2	data.s
DOUBLE_001aa2a0	0x1aa2a0	__TEXT,__literal8	double	8	extern double DOUBLE_001aa2a0 asm("DOUBLE_001aa2a0");	0x40000000	data.s
DOUBLE_001aa2a8	0x1aa2a8	__TEXT,__literal8	double	8	extern double DOUBLE_001aa2a8[] asm("DOUBLE_001aa2a8");	0x401c0000	data.s
DAT_001aa3a8	0x1aa3a8	__TEXT,__const	-	-	extern unsigned char DAT_001aa3a8 asm("DAT_001aa3a8");	0x3949f623	data.s
DAT_001aa4b0	0x1aa4b0	__TEXT,__const	undefined4	4	extern unsigned int DAT_001aa4b0 asm("DAT_001aa4b0");	0xffffffff	data.s
DAT_001aa4b4	0x1aa4b4	__TEXT,__const	undefined4	4	extern unsigned int DAT_001aa4b4 asm("DAT_001aa4b4");	0x03ffffff	data.s
DAT_001aa4b8	0x1aa4b8	__TEXT,__const	undefined4	4	extern unsigned int DAT_001aa4b8 asm("DAT_001aa4b8");	0xfffffffd	data.s
DAT_001aa4bc	0x1aa4bc	__TEXT,__const	undefined4	4	extern unsigned int DAT_001aa4bc asm("DAT_001aa4bc");	0x07ffffff	data.s
DAT_001aa4c0	0x1aa4c0	__TEXT,__const	undefined4	4	extern unsigned int DAT_001aa4c0 asm("DAT_001aa4c0");	0xffffffff	data.s
DAT_001aa4c4	0x1aa4c4	__TEXT,__const	-	-	extern unsigned char DAT_001aa4c4 asm("DAT_001aa4c4");	0x00000000	data.s
DAT_001aa4e8	0x1aa4e8	__TEXT,__const	undefined4	4	extern unsigned int DAT_001aa4e8 asm("DAT_001aa4e8");	0xffffffff	data.s
DAT_001aa4ec	0x1aa4ec	__TEXT,__const	undefined4	4	extern unsigned int DAT_001aa4ec asm("DAT_001aa4ec");	0x03ffffff	data.s
DAT_001aa4f0	0x1aa4f0	__TEXT,__const	undefined4	4	extern unsigned int DAT_001aa4f0 asm("DAT_001aa4f0");	0xfffffffd	data.s
DAT_001aa4f4	0x1aa4f4	__TEXT,__const	undefined4	4	extern unsigned int DAT_001aa4f4 asm("DAT_001aa4f4");	0x07ffffff	data.s
DAT_001aa4f8	0x1aa4f8	__TEXT,__const	undefined4	4	extern unsigned int DAT_001aa4f8 asm("DAT_001aa4f8");	0xffffffff	data.s
DAT_001aa4fc	0x1aa4fc	__TEXT,__const	undefined4	4	extern unsigned int DAT_001aa4fc asm("DAT_001aa4fc");	0x00000000	data.s
DAT_001aa500	0x1aa500	__TEXT,__const	undefined4	4	extern unsigned int DAT_001aa500 asm("DAT_001aa500");	0x00000000	data.s
DAT_001aa504	0x1aa504	__TEXT,__const	undefined4	4	extern unsigned int DAT_001aa504 asm("DAT_001aa504");	0x00000000	data.s
DAT_001aa508	0x1aa508	__TEXT,__const	undefined4	4	extern unsigned int DAT_001aa508 asm("DAT_001aa508");	0x00000000	data.s
DAT_001aa50c	0x1aa50c	__TEXT,__const	undefined4	4	extern unsigned int DAT_001aa50c asm("DAT_001aa50c");	0x00000000	data.s
DAT_001aa510	0x1aa510	__TEXT,__const	-	-	extern unsigned char DAT_001aa510 asm("DAT_001aa510");	0x00000000	data.s
DAT_001aa554	0x1aa554	__TEXT,__const	undefined4	4	extern unsigned int DAT_001aa554 asm("DAT_001aa554");	0x00000001	data.s
DAT_001aa558	0x1aa558	__TEXT,__const	undefined4	4	extern unsigned int DAT_001aa558 asm("DAT_001aa558");	0x00000007	data.s
DAT_001aa55c	0x1aa55c	__TEXT,__const	undefined4	4	extern unsigned int DAT_001aa55c asm("DAT_001aa55c");	0x00000006	data.s
DAT_001aa560	0x1aa560	__TEXT,__const	undefined4	4	extern unsigned int DAT_001aa560 asm("DAT_001aa560");	0x00000005	data.s
DAT_001aa564	0x1aa564	__TEXT,__const	undefined4	4	extern unsigned int DAT_001aa564 asm("DAT_001aa564");	0x00000004	data.s
DAT_001aa568	0x1aa568	__TEXT,__const	undefined4	4	extern unsigned int DAT_001aa568 asm("DAT_001aa568");	0x00000003	data.s
DAT_001aa56c	0x1aa56c	__TEXT,__const	undefined4	4	extern unsigned int DAT_001aa56c asm("DAT_001aa56c");	0x00000002	data.s
DAT_001aa570	0x1aa570	__TEXT,__const	undefined4	4	extern unsigned int DAT_001aa570 asm("DAT_001aa570");	0x00000000	data.s
UNK_001aa574	0x1aa574	__TEXT,__const	-	-	extern unsigned char UNK_001aa574 asm("UNK_001aa574");	0x00000000	data.s
DAT_001aa584	0x1aa584	__TEXT,__const	undefined4	4	extern unsigned int DAT_001aa584 asm("DAT_001aa584");	0xfffffffd	data.s
DAT_001aa588	0x1aa588	__TEXT,__const	undefined4	4	extern unsigned int DAT_001aa588 asm("DAT_001aa588");	0x000087c3	data.s
DAT_001aa58c	0x1aa58c	__TEXT,__const	undefined4	4	extern unsigned int DAT_001aa58c asm("DAT_001aa58c");	0x000087c2	data.s
DAT_001aa5f0	0x1aa5f0	__TEXT,__const	-	-	extern unsigned char DAT_001aa5f0 asm("DAT_001aa5f0");	0x00000000	data.s
DAT_001aa5f4	0x1aa5f4	__TEXT,__const	-	-	extern unsigned char DAT_001aa5f4 asm("DAT_001aa5f4");	0x00000000	data.s
DAT_001aa5f8	0x1aa5f8	__TEXT,__const	-	-	extern unsigned char DAT_001aa5f8 asm("DAT_001aa5f8");	0x00000003	data.s
DAT_001aa5fc	0x1aa5fc	__TEXT,__const	-	-	extern unsigned char DAT_001aa5fc asm("DAT_001aa5fc");	0x00000003	data.s
DAT_001aa600	0x1aa600	__TEXT,__const	-	-	extern unsigned char DAT_001aa600[] asm("DAT_001aa600");	0x00000000	data.s
DAT_001aa758	0x1aa758	__TEXT,__const	-	-	extern unsigned char DAT_001aa758[] asm("DAT_001aa758");	0x00050505	data.s
DAT_001aa760	0x1aa760	__TEXT,__const	-	-	extern unsigned char DAT_001aa760[] asm("DAT_001aa760");	0x00010402	data.s
DAT_001aa761	0x1aa761	__TEXT,__const	undefined1	1	extern unsigned char DAT_001aa761 asm("DAT_001aa761");	0x01040200	data.s
DAT_001aa764	0x1aa764	__TEXT,__const	-	-	extern unsigned char DAT_001aa764[] asm("DAT_001aa764");	0x00050410	data.s
DAT_001aa798	0x1aa798	__TEXT,__const	undefined4	4	extern unsigned int DAT_001aa798 asm("DAT_001aa798");	0x00000004	data.s
DAT_001aa79c	0x1aa79c	__TEXT,__const	undefined4	4	extern unsigned int DAT_001aa79c asm("DAT_001aa79c");	0x00000004	data.s
DAT_001aa7a0	0x1aa7a0	__TEXT,__const	undefined4	4	extern unsigned int DAT_001aa7a0 asm("DAT_001aa7a0");	0x00000005	data.s
DAT_001aa7a4	0x1aa7a4	__TEXT,__const	undefined4	4	extern unsigned int DAT_001aa7a4 asm("DAT_001aa7a4");	0x00000004	data.s
DAT_001aa7a8	0x1aa7a8	__TEXT,__const	-	-	extern unsigned char DAT_001aa7a8 asm("DAT_001aa7a8");	0x00000000	data.s
DAT_001aa7d0	0x1aa7d0	__TEXT,__const	-	-	extern unsigned char DAT_001aa7d0 asm("DAT_001aa7d0");	0x03393939	data.s
DAT_001aa7dc	0x1aa7dc	__TEXT,__const	-	-	extern unsigned char DAT_001aa7dc asm("DAT_001aa7dc");	0x33393993	data.s
DAT_001aa7e8	0x1aa7e8	__TEXT,__const	-	-	extern unsigned char DAT_001aa7e8 asm("DAT_001aa7e8");	0x00000000	data.s
_UNK_001aa7f4	0x1aa7f4	__TEXT,__const	-	-	extern unsigned char _UNK_001aa7f4 asm("_UNK_001aa7f4");	0x00000100	data.s
_UNK_001aa7f8	0x1aa7f8	__TEXT,__const	-	-	extern unsigned char _UNK_001aa7f8 asm("_UNK_001aa7f8");	0x00000200	data.s
DAT_001aa7fc	0x1aa7fc	__TEXT,__const	undefined4	4	extern unsigned int DAT_001aa7fc asm("DAT_001aa7fc");	0x00000000	data.s
DAT_001aa800	0x1aa800	__TEXT,__const	undefined4	4	extern unsigned int DAT_001aa800 asm("DAT_001aa800");	0x00000000	data.s
DAT_001aa804	0x1aa804	__TEXT,__const	undefined4	4	extern unsigned int DAT_001aa804 asm("DAT_001aa804");	0x00010203	data.s
UNK_001aa808	0x1aa808	__TEXT,__const	undefined4	4	extern unsigned int UNK_001aa808 asm("UNK_001aa808");	0x04040404	data.s
DAT_001aa80c	0x1aa80c	__TEXT,__const	undefined4	4	extern unsigned int DAT_001aa80c asm("DAT_001aa80c");	0x01010101	data.s
DAT_001aa810	0x1aa810	__TEXT,__const	undefined4	4	extern unsigned int DAT_001aa810 asm("DAT_001aa810");	0x00000000	data.s
DAT_001aa814	0x1aa814	__TEXT,__const	undefined4	4	extern unsigned int DAT_001aa814 asm("DAT_001aa814");	0x01010100	data.s
DAT_001aa818	0x1aa818	__TEXT,__const	undefined4	4	extern unsigned char DAT_001aa818[] asm("DAT_001aa818");	0x00000000	data.s
DAT_001aa838	0x1aa838	__TEXT,__const	undefined4	4	extern unsigned int DAT_001aa838 asm("DAT_001aa838");	0x01010101	data.s
DAT_001aa83c	0x1aa83c	__TEXT,__const	undefined4	4	extern unsigned int DAT_001aa83c asm("DAT_001aa83c");	0x04040404	data.s
DAT_001aa840	0x1aa840	__TEXT,__const	undefined4	4	extern unsigned int DAT_001aa840 asm("DAT_001aa840");	0x01010101	data.s
DAT_001aa844	0x1aa844	__TEXT,__const	undefined4	4	extern unsigned int DAT_001aa844 asm("DAT_001aa844");	0x00000000	data.s
_UNK_001aa848	0x1aa848	__TEXT,__const	-	-	extern unsigned char _UNK_001aa848 asm("_UNK_001aa848");	0x00010203	data.s
_UNK_001aa84c	0x1aa84c	__TEXT,__const	-	-	extern unsigned char _UNK_001aa84c asm("_UNK_001aa84c");	0x00000000	data.s
DAT_001aa850	0x1aa850	__TEXT,__const	undefined4	4	extern unsigned int DAT_001aa850 asm("DAT_001aa850");	0x01010100	data.s
DAT_001aa854	0x1aa854	__TEXT,__const	undefined4	4	extern unsigned int DAT_001aa854 asm("DAT_001aa854");	0x01010001	data.s
DAT_001aa858	0x1aa858	__TEXT,__const	undefined4	4	extern unsigned int DAT_001aa858 asm("DAT_001aa858");	0x01000101	data.s
DAT_001aa85c	0x1aa85c	__TEXT,__const	undefined4	4	extern unsigned int DAT_001aa85c asm("DAT_001aa85c");	0x00010101	data.s
DAT_001aa860	0x1aa860	__TEXT,__const	undefined4	4	extern unsigned int DAT_001aa860 asm("DAT_001aa860");	0x00000000	data.s
DAT_001aa868	0x1aa868	__TEXT,__const	undefined4	4	extern unsigned int DAT_001aa868 asm("DAT_001aa868");	0x00010203	data.s
DAT_001aa86c	0x1aa86c	__TEXT,__const	-	-	extern unsigned char DAT_001aa86c asm("DAT_001aa86c");	0x00000000	data.s
DAT_001aa87c	0x1aa87c	__TEXT,__const	-	-	extern unsigned char DAT_001aa87c asm("DAT_001aa87c");	0x00000003	data.s
DAT_001aa9a8	0x1aa9a8	__TEXT,__const	undefined4	4	extern unsigned int DAT_001aa9a8 asm("DAT_001aa9a8");	0x00010203	data.s
UNK_001aa9ac	0x1aa9ac	__TEXT,__const	undefined4	4	extern unsigned int UNK_001aa9ac asm("UNK_001aa9ac");	0x01000101	data.s
UNK_001aa9b0	0x1aa9b0	__TEXT,__const	undefined4	4	extern unsigned int UNK_001aa9b0 asm("UNK_001aa9b0");	0x01010101	data.s
UNK_001aa9b4	0x1aa9b4	__TEXT,__const	undefined4	4	extern unsigned int UNK_001aa9b4 asm("UNK_001aa9b4");	0x01010001	data.s
UNK_001aa9b8	0x1aa9b8	__TEXT,__const	undefined4	4	extern unsigned int UNK_001aa9b8 asm("UNK_001aa9b8");	0x00000001	data.s
UNK_001aa9bc	0x1aa9bc	__TEXT,__const	undefined4	4	extern unsigned int UNK_001aa9bc asm("UNK_001aa9bc");	0x01010100	data.s
UNK_001aa9c0	0x1aa9c0	__TEXT,__const	undefined4	4	extern unsigned int UNK_001aa9c0 asm("UNK_001aa9c0");	0x01010001	data.s
UNK_001aa9c4	0x1aa9c4	__TEXT,__const	undefined4	4	extern unsigned int UNK_001aa9c4 asm("UNK_001aa9c4");	0x01000101	data.s
UNK_001aa9c8	0x1aa9c8	__TEXT,__const	undefined4	4	extern unsigned int UNK_001aa9c8 asm("UNK_001aa9c8");	0x04050607	data.s
DAT_001aa9cc	0x1aa9cc	__TEXT,__const	undefined4	4	extern unsigned int DAT_001aa9cc asm("DAT_001aa9cc");	0x00000000	data.s
DAT_001aa9d0	0x1aa9d0	__TEXT,__const	undefined4	4	extern unsigned int DAT_001aa9d0 asm("DAT_001aa9d0");	0x00010101	data.s
UNK_001aa9d4	0x1aa9d4	__TEXT,__const	undefined4	4	extern unsigned int UNK_001aa9d4 asm("UNK_001aa9d4");	0x03030303	data.s
UNK_001aa9d8	0x1aa9d8	__TEXT,__const	undefined4	4	extern unsigned int UNK_001aa9d8 asm("UNK_001aa9d8");	0x02020202	data.s
DAT_001aa9dc	0x1aa9dc	__TEXT,__const	undefined4	4	extern unsigned int DAT_001aa9dc asm("DAT_001aa9dc");	0x00000000	data.s
DAT_001aa9e0	0x1aa9e0	__TEXT,__const	undefined4	4	extern unsigned int DAT_001aa9e0 asm("DAT_001aa9e0");	0x01010101	data.s
DAT_001aa9e4	0x1aa9e4	__TEXT,__const	-	-	extern unsigned char DAT_001aa9e4 asm("DAT_001aa9e4");	0x00000002	data.s
DAT_001aa9fc	0x1aa9fc	__TEXT,__const	-	-	extern unsigned char DAT_001aa9fc asm("DAT_001aa9fc");	0x00000006	data.s
UNK_001aaa18	0x1aaa18	__TEXT,__const	undefined4	4	extern unsigned int UNK_001aaa18 asm("UNK_001aaa18");	0x01010100	data.s
UNK_001aaa1c	0x1aaa1c	__TEXT,__const	undefined4	4	extern unsigned int UNK_001aaa1c asm("UNK_001aaa1c");	0x00000001	data.s
DAT_001aaa20	0x1aaa20	__TEXT,__const	undefined4	4	extern unsigned int DAT_001aaa20 asm("DAT_001aaa20");	0x01010000	data.s
UNK_001aaa24	0x1aaa24	__TEXT,__const	undefined4	4	extern unsigned int UNK_001aaa24 asm("UNK_001aaa24");	0x00000101	data.s
UNK_001aaa28	0x1aaa28	__TEXT,__const	undefined4	4	extern unsigned int UNK_001aaa28 asm("UNK_001aaa28");	0x01000000	data.s
UNK_001aaa2c	0x1aaa2c	__TEXT,__const	-	-	extern unsigned char UNK_001aaa2c asm("UNK_001aaa2c");	0x00000000	data.s
DAT_001ab134	0x1ab134	__TEXT,__const	-	-	extern unsigned char DAT_001ab134 asm("DAT_001ab134");	0x00000000	data.s
DAT_001abfb4	0x1abfb4	__TEXT,__const	-	-	extern unsigned char DAT_001abfb4 asm("DAT_001abfb4");	0x00000055	data.s
DAT_001ac5a4	0x1ac5a4	__TEXT,__const	-	-	extern unsigned char DAT_001ac5a4 asm("DAT_001ac5a4");	0x00000056	data.s
DAT_001acec0	0x1acec0	__TEXT,__const	-	-	extern unsigned char DAT_001acec0 asm("DAT_001acec0");	0x00000055	data.s
DAT_001ad5d8	0x1ad5d8	__TEXT,__const	-	-	extern unsigned char DAT_001ad5d8 asm("DAT_001ad5d8");	0x0000001f	data.s
UNK_001ada48	0x1ada48	__TEXT,__const	-	-	extern unsigned char UNK_001ada48 asm("UNK_001ada48");	0x00000031	data.s
DAT_001af9bc	0x1af9bc	__TEXT,__const	undefined4	4	extern unsigned int DAT_001af9bc asm("DAT_001af9bc");	0x00010203	data.s
DAT_001af9c0	0x1af9c0	__TEXT,__const	undefined4	4	extern unsigned int DAT_001af9c0 asm("DAT_001af9c0");	0x00000000	data.s
DAT_001af9c4	0x1af9c4	__TEXT,__const	undefined4	4	extern unsigned int DAT_001af9c4 asm("DAT_001af9c4");	0x04040404	data.s
DAT_001af9c8	0x1af9c8	__TEXT,__const	undefined4	4	extern unsigned int DAT_001af9c8 asm("DAT_001af9c8");	0x01010101	data.s
DAT_001af9cc	0x1af9cc	__TEXT,__const	undefined4	4	extern unsigned int DAT_001af9cc asm("DAT_001af9cc");	0x00000000	data.s
DAT_001af9d0	0x1af9d0	__TEXT,__const	undefined4	4	extern unsigned int DAT_001af9d0 asm("DAT_001af9d0");	0x03030303	data.s
UNK_001af9d4	0x1af9d4	__TEXT,__const	undefined4	4	extern unsigned int UNK_001af9d4 asm("UNK_001af9d4");	0x03030303	data.s
_UNK_001af9d8	0x1af9d8	__TEXT,__const	-	-	extern unsigned char _UNK_001af9d8 asm("_UNK_001af9d8");	0x01010100	data.s
DAT_001af9dc	0x1af9dc	__TEXT,__const	undefined4	4	extern unsigned int DAT_001af9dc asm("DAT_001af9dc");	0x00010101	data.s
DAT_001af9e0	0x1af9e0	__TEXT,__const	undefined4	4	extern unsigned int DAT_001af9e0 asm("DAT_001af9e0");	0x3e000000	data.s
DAT_001af9ec	0x1af9ec	__TEXT,__const	-	-	extern unsigned char DAT_001af9ec asm("DAT_001af9ec");	0x3f800000	data.s
DAT_001af9fc	0x1af9fc	__TEXT,__const	undefined4	4	extern unsigned int DAT_001af9fc asm("DAT_001af9fc");	0x04040404	data.s
DAT_001afa00	0x1afa00	__TEXT,__const	undefined4	4	extern unsigned int DAT_001afa00 asm("DAT_001afa00");	0x00010203	data.s
DAT_001afa04	0x1afa04	__TEXT,__const	undefined4	4	extern unsigned int DAT_001afa04 asm("DAT_001afa04");	0x01010100	data.s
DAT_001afa08	0x1afa08	__TEXT,__const	undefined4	4	extern unsigned int DAT_001afa08 asm("DAT_001afa08");	0x00000000	data.s
DAT_001afa0c	0x1afa0c	__TEXT,__const	undefined4	4	extern unsigned int DAT_001afa0c asm("DAT_001afa0c");	0x00010203	data.s
DAT_001afa14	0x1afa14	__TEXT,__const	undefined4	4	extern unsigned int DAT_001afa14 asm("DAT_001afa14");	0x01010101	data.s
DAT_001afa18	0x1afa18	__TEXT,__const	undefined4	4	extern unsigned int DAT_001afa18 asm("DAT_001afa18");	0x00000000	data.s
DAT_001afedc	0x1afedc	__TEXT,__const	undefined4	4	extern unsigned int DAT_001afedc asm("DAT_001afedc");	0x04040404	data.s
UNK_001afee0	0x1afee0	__TEXT,__const	undefined4	4	extern unsigned int UNK_001afee0 asm("UNK_001afee0");	0x00010101	data.s
DAT_001afee4	0x1afee4	__TEXT,__const	undefined4	4	extern unsigned int DAT_001afee4 asm("DAT_001afee4");	0x00000000	data.s
DAT_001afee8	0x1afee8	__TEXT,__const	undefined4	4	extern unsigned int DAT_001afee8 asm("DAT_001afee8");	0x00000000	data.s
DAT_001afeec	0x1afeec	__TEXT,__const	undefined4	4	extern unsigned int DAT_001afeec asm("DAT_001afeec");	0x00000000	data.s
DAT_001afef0	0x1afef0	__TEXT,__const	undefined4	4	extern unsigned int DAT_001afef0 asm("DAT_001afef0");	0x00010101	data.s
DAT_001afef4	0x1afef4	__TEXT,__const	undefined4	4	extern unsigned int DAT_001afef4 asm("DAT_001afef4");	0x00010203	data.s
DAT_001afef8	0x1afef8	__TEXT,__const	undefined4	4	extern unsigned int DAT_001afef8 asm("DAT_001afef8");	0x01010101	data.s
DAT_001aff08	0x1aff08	__TEXT,__const	undefined4	4	extern unsigned int DAT_001aff08 asm("DAT_001aff08");	0x00000000	data.s
DAT_001aff0c	0x1aff0c	__TEXT,__const	undefined4	4	extern unsigned int DAT_001aff0c asm("DAT_001aff0c");	0x00000000	data.s
DAT_001aff48	0x1aff48	__TEXT,__const	undefined4	4	extern unsigned int DAT_001aff48 asm("DAT_001aff48");	0x00000000	data.s
DAT_001aff4c	0x1aff4c	__TEXT,__const	undefined4	4	extern unsigned int DAT_001aff4c asm("DAT_001aff4c");	0x3e000000	data.s
DAT_001aff50	0x1aff50	__TEXT,__const	undefined4	4	extern unsigned int DAT_001aff50 asm("DAT_001aff50");	0x3e800000	data.s
UNK_001aff54	0x1aff54	__TEXT,__const	-	-	extern unsigned char UNK_001aff54 asm("UNK_001aff54");	0x3f000000	data.s
DAT_001aff68	0x1aff68	__TEXT,__const	undefined4	4	extern unsigned int DAT_001aff68 asm("DAT_001aff68");	0x00000000	data.s
DAT_001aff74	0x1aff74	__TEXT,__const	undefined4	4	extern unsigned int DAT_001aff74 asm("DAT_001aff74");	0xbf800000	data.s
DAT_001aff9c	0x1aff9c	__TEXT,__const	undefined4	4	extern unsigned int DAT_001aff9c asm("DAT_001aff9c");	0x00010203	data.s
DAT_001affa0	0x1affa0	__TEXT,__const	undefined4	4	extern unsigned int DAT_001affa0 asm("DAT_001affa0");	0x04040404	data.s
DAT_001affa4	0x1affa4	__TEXT,__const	undefined4	4	extern unsigned int DAT_001affa4 asm("DAT_001affa4");	0x03030303	data.s
DAT_001affb0	0x1affb0	__TEXT,__const	undefined4	4	extern unsigned int DAT_001affb0 asm("DAT_001affb0");	0x00000000	data.s
DAT_001affb8	0x1affb8	__TEXT,__const	undefined4	4	extern unsigned int DAT_001affb8 asm("DAT_001affb8");	0x00010203	data.s
DAT_001affbc	0x1affbc	__TEXT,__const	undefined4	4	extern unsigned int DAT_001affbc asm("DAT_001affbc");	0x04040404	data.s
DAT_001affc0	0x1affc0	__TEXT,__const	undefined4	4	extern unsigned int DAT_001affc0 asm("DAT_001affc0");	0x0000001b	data.s
DAT_001affc4	0x1affc4	__TEXT,__const	undefined4	4	extern unsigned int DAT_001affc4 asm("DAT_001affc4");	0x00000009	data.s
DAT_001affc8	0x1affc8	__TEXT,__const	undefined4	4	extern unsigned int DAT_001affc8 asm("DAT_001affc8");	0x00000003	data.s
DAT_001affcc	0x1affcc	__TEXT,__const	undefined4	4	extern unsigned int DAT_001affcc asm("DAT_001affcc");	0x00000028	data.s
DAT_001affd0	0x1affd0	__TEXT,__const	undefined4	4	extern unsigned int DAT_001affd0 asm("DAT_001affd0");	0x04040404	data.s
UNK_001affd4	0x1affd4	__TEXT,__const	undefined4	4	extern unsigned int UNK_001affd4 asm("UNK_001affd4");	0x00000000	data.s
DAT_001affd8	0x1affd8	__TEXT,__const	undefined4	4	extern unsigned int DAT_001affd8 asm("DAT_001affd8");	0x00010203	data.s
UNK_001affdc	0x1affdc	__TEXT,__const	undefined4	4	extern unsigned int UNK_001affdc asm("UNK_001affdc");	0x00040404	data.s
UNK_001affe0	0x1affe0	__TEXT,__const	undefined4	4	extern unsigned int UNK_001affe0 asm("UNK_001affe0");	0x00010203	data.s
UNK_001affe4	0x1affe4	__TEXT,__const	undefined4	4	extern unsigned int UNK_001affe4 asm("UNK_001affe4");	0x00000000	data.s
UNK_001affe8	0x1affe8	__TEXT,__const	undefined4	4	extern unsigned int UNK_001affe8 asm("UNK_001affe8");	0x01010101	data.s
UNK_001affec	0x1affec	__TEXT,__const	undefined4	4	extern unsigned int UNK_001affec asm("UNK_001affec");	0xffffffff	data.s
UNK_001afff0	0x1afff0	__TEXT,__const	undefined4	4	extern unsigned int UNK_001afff0 asm("UNK_001afff0");	0xffffffff	data.s
UNK_001afff4	0x1afff4	__TEXT,__const	undefined4	4	extern unsigned int UNK_001afff4 asm("UNK_001afff4");	0xffffffff	data.s
UNK_001afff8	0x1afff8	__TEXT,__const	undefined4	4	extern unsigned int UNK_001afff8 asm("UNK_001afff8");	0xffffffff	data.s
DAT_001afffc	0x1afffc	__TEXT,__const	undefined4	4	extern unsigned int DAT_001afffc asm("DAT_001afffc");	0x01010101	data.s
DAT_001b0000	0x1b0000	__TEXT,__const	undefined4	4	extern unsigned int DAT_001b0000 asm("DAT_001b0000");	0x04040404	data.s
DAT_001b0004	0x1b0004	__TEXT,__const	undefined4	4	extern unsigned int DAT_001b0004 asm("DAT_001b0004");	0x00010203	data.s
DAT_001b0008	0x1b0008	__TEXT,__const	undefined4	4	extern unsigned int DAT_001b0008 asm("DAT_001b0008");	0x00000000	data.s
DAT_001b000c	0x1b000c	__TEXT,__const	undefined4	4	extern unsigned int DAT_001b000c asm("DAT_001b000c");	0x00000001	data.s
DAT_001b0010	0x1b0010	__TEXT,__const	undefined4	4	extern unsigned int DAT_001b0010 asm("DAT_001b0010");	0x01010100	data.s
DAT_001b0014	0x1b0014	__TEXT,__const	undefined4	4	extern unsigned int DAT_001b0014 asm("DAT_001b0014");	0x01010101	data.s
UNK_001b0018	0x1b0018	__TEXT,__const	undefined4	4	extern unsigned int UNK_001b0018 asm("UNK_001b0018");	0x03030303	data.s
DAT_001b001c	0x1b001c	__TEXT,__const	undefined4	4	extern unsigned int DAT_001b001c asm("DAT_001b001c");	0x00000000	data.s
DAT_001b0020	0x1b0020	__TEXT,__const	undefined4	4	extern unsigned int DAT_001b0020 asm("DAT_001b0020");	0x01010101	data.s
DAT_001b0024	0x1b0024	__TEXT,__const	undefined4	4	extern unsigned int DAT_001b0024 asm("DAT_001b0024");	0x01010100	data.s
DAT_001b0028	0x1b0028	__TEXT,__const	undefined4	4	extern unsigned int DAT_001b0028 asm("DAT_001b0028");	0x01010100	data.s
DAT_001b002c	0x1b002c	__TEXT,__const	undefined4	4	extern unsigned int DAT_001b002c asm("DAT_001b002c");	0x01010001	data.s
DAT_001b0030	0x1b0030	__TEXT,__const	undefined4	4	extern unsigned int DAT_001b0030 asm("DAT_001b0030");	0x01000101	data.s
DAT_001b0034	0x1b0034	__TEXT,__const	undefined4	4	extern unsigned int DAT_001b0034 asm("DAT_001b0034");	0x00010101	data.s
DAT_001b0038	0x1b0038	__TEXT,__const	undefined4	4	extern unsigned int DAT_001b0038 asm("DAT_001b0038");	0x04040404	data.s
DAT_001b003c	0x1b003c	__TEXT,__const	undefined4	4	extern unsigned int DAT_001b003c asm("DAT_001b003c");	0x00010203	data.s
DAT_001b0040	0x1b0040	__TEXT,__const	undefined4	4	extern unsigned int DAT_001b0040 asm("DAT_001b0040");	0x00000000	data.s
DAT_001b0044	0x1b0044	__TEXT,__const	undefined4	4	extern unsigned int DAT_001b0044 asm("DAT_001b0044");	0x01010101	data.s
DAT_001b0048	0x1b0048	__TEXT,__const	undefined4	4	extern unsigned int DAT_001b0048 asm("DAT_001b0048");	0x01010101	data.s
DAT_001b004c	0x1b004c	__TEXT,__const	undefined4	4	extern unsigned char DAT_001b004c asm("DAT_001b004c");	0x00010203	data.s
DAT_001b0050	0x1b0050	__TEXT,__const	undefined4	4	extern unsigned int DAT_001b0050 asm("DAT_001b0050");	0x04040404	data.s
DAT_001b0054	0x1b0054	__TEXT,__const	undefined4	4	extern unsigned int DAT_001b0054 asm("DAT_001b0054");	0x01010100	data.s
DAT_001b0058	0x1b0058	__TEXT,__const	undefined4	4	extern unsigned int DAT_001b0058 asm("DAT_001b0058");	0x00010101	data.s
DAT_001b005c	0x1b005c	__TEXT,__const	undefined4	4	extern unsigned int DAT_001b005c asm("DAT_001b005c");	0x00000000	data.s
DAT_001b0060	0x1b0060	__TEXT,__const	-	-	extern unsigned char DAT_001b0060 asm("DAT_001b0060");	0x00000000	data.s
DAT_001b0160	0x1b0160	__TEXT,__const	-	-	extern unsigned char DAT_001b0160 asm("DAT_001b0160");	0x01020003	data.s
DAT_001b0170	0x1b0170	__TEXT,__const	undefined4	4	extern unsigned int DAT_001b0170 asm("DAT_001b0170");	0x00000000	data.s
DAT_001b0174	0x1b0174	__TEXT,__const	undefined4	4	extern unsigned int DAT_001b0174 asm("DAT_001b0174");	0x01010101	data.s
DAT_001b017c	0x1b017c	__TEXT,__const	undefined4	4	extern unsigned int DAT_001b017c asm("DAT_001b017c");	0x01010101	data.s
DAT_001b0180	0x1b0180	__TEXT,__const	undefined4	4	extern unsigned int DAT_001b0180 asm("DAT_001b0180");	0x00000000	data.s
DAT_001b0184	0x1b0184	__TEXT,__const	undefined4	4	extern unsigned int DAT_001b0184 asm("DAT_001b0184");	0x00000000	data.s
DAT_001b0188	0x1b0188	__TEXT,__const	undefined4	4	extern unsigned int DAT_001b0188 asm("DAT_001b0188");	0x00000000	data.s
DAT_001b018c	0x1b018c	__TEXT,__const	undefined4	4	extern unsigned int DAT_001b018c asm("DAT_001b018c");	0x00000000	data.s
DAT_001b0190	0x1b0190	__TEXT,__const	undefined4	4	extern unsigned int DAT_001b0190 asm("DAT_001b0190");	0x00000000	data.s
DAT_001b0194	0x1b0194	__TEXT,__const	undefined4	4	extern unsigned int DAT_001b0194 asm("DAT_001b0194");	0x01010101	data.s
DAT_001b0198	0x1b0198	__TEXT,__const	undefined4	4	extern unsigned int DAT_001b0198 asm("DAT_001b0198");	0x01010101	data.s
UNK_001b019c	0x1b019c	__TEXT,__const	undefined4	4	extern unsigned int UNK_001b019c asm("UNK_001b019c");	0x00000000	data.s
DAT_001b01a0	0x1b01a0	__TEXT,__const	undefined4	4	extern unsigned int DAT_001b01a0 asm("DAT_001b01a0");	0x04040404	data.s
DAT_001b01a4	0x1b01a4	__TEXT,__const	undefined4	4	extern unsigned int DAT_001b01a4 asm("DAT_001b01a4");	0x00010203	data.s
DAT_001b01a8	0x1b01a8	__TEXT,__const	undefined4	4	extern unsigned int DAT_001b01a8 asm("DAT_001b01a8");	0x00000000	data.s
DAT_001b01ac	0x1b01ac	__TEXT,__const	undefined4	4	extern unsigned int DAT_001b01ac asm("DAT_001b01ac");	0x00010203	data.s
DAT_001b01b0	0x1b01b0	__TEXT,__const	undefined4	4	extern unsigned int DAT_001b01b0 asm("DAT_001b01b0");	0x00000000	data.s
DAT_001b01b4	0x1b01b4	__TEXT,__const	undefined4	4	extern unsigned int DAT_001b01b4 asm("DAT_001b01b4");	0x01010101	data.s
DAT_001b01b8	0x1b01b8	__TEXT,__const	undefined4	4	extern unsigned int DAT_001b01b8 asm("DAT_001b01b8");	0x04040404	data.s
DAT_001b01bc	0x1b01bc	__TEXT,__const	undefined4	4	extern unsigned int DAT_001b01bc asm("DAT_001b01bc");	0x00010203	data.s
DAT_001b01c0	0x1b01c0	__TEXT,__const	undefined4	4	extern unsigned int DAT_001b01c0 asm("DAT_001b01c0");	0x00000001	data.s
DAT_001b01c4	0x1b01c4	__TEXT,__const	undefined4	4	extern unsigned int DAT_001b01c4 asm("DAT_001b01c4");	0x00000001	data.s
DAT_001b01c8	0x1b01c8	__TEXT,__const	undefined4	4	extern unsigned int DAT_001b01c8 asm("DAT_001b01c8");	0x00000001	data.s
DAT_001b01cc	0x1b01cc	__TEXT,__const	undefined4	4	extern unsigned int DAT_001b01cc asm("DAT_001b01cc");	0x00000001	data.s
DAT_001b01d0	0x1b01d0	__TEXT,__const	undefined4	4	extern unsigned int DAT_001b01d0 asm("DAT_001b01d0");	0x01010101	data.s
DAT_001b01d4	0x1b01d4	__TEXT,__const	undefined4	4	extern unsigned int DAT_001b01d4 asm("DAT_001b01d4");	0x01010100	data.s
DAT_001b01d8	0x1b01d8	__TEXT,__const	undefined4	4	extern unsigned int DAT_001b01d8 asm("DAT_001b01d8");	0x00010203	data.s
DAT_001b01dc	0x1b01dc	__TEXT,__const	undefined4	4	extern unsigned int DAT_001b01dc asm("DAT_001b01dc");	0x04040404	data.s
DAT_001b01e0	0x1b01e0	__TEXT,__const	undefined4	4	extern unsigned int DAT_001b01e0 asm("DAT_001b01e0");	0x00000000	data.s
DAT_001b01e4	0x1b01e4	__TEXT,__const	undefined4	4	extern unsigned int DAT_001b01e4 asm("DAT_001b01e4");	0x00000000	data.s
DAT_001b01e8	0x1b01e8	__TEXT,__const	undefined4	4	extern unsigned int DAT_001b01e8 asm("DAT_001b01e8");	0x00000000	data.s
DAT_001b01ec	0x1b01ec	__TEXT,__const	undefined4	4	extern unsigned int DAT_001b01ec asm("DAT_001b01ec");	0x00000000	data.s
DAT_001b01f0	0x1b01f0	__TEXT,__const	undefined4	4	extern unsigned int DAT_001b01f0 asm("DAT_001b01f0");	0x00000000	data.s
DAT_001b01f4	0x1b01f4	__TEXT,__const	undefined4	4	extern unsigned int DAT_001b01f4 asm("DAT_001b01f4");	0x00000000	data.s
DAT_001b01f8	0x1b01f8	__TEXT,__const	undefined4	4	extern unsigned int DAT_001b01f8 asm("DAT_001b01f8");	0x3f800000	data.s
DAT_001b01fc	0x1b01fc	__TEXT,__const	undefined4	4	extern unsigned int DAT_001b01fc asm("DAT_001b01fc");	0x3f800000	data.s
DAT_001b0200	0x1b0200	__TEXT,__const	undefined4	4	extern unsigned int DAT_001b0200 asm("DAT_001b0200");	0x3f800000	data.s
DAT_001b0204	0x1b0204	__TEXT,__const	undefined4	4	extern unsigned int DAT_001b0204 asm("DAT_001b0204");	0x3f800000	data.s
UNK_001b0208	0x1b0208	__TEXT,__const	undefined4	4	extern unsigned int UNK_001b0208 asm("UNK_001b0208");	0x00010203	data.s
UNK_001b020c	0x1b020c	__TEXT,__const	undefined4	4	extern unsigned int UNK_001b020c asm("UNK_001b020c");	0x03030303	data.s
DAT_001b0210	0x1b0210	__TEXT,__const	undefined4	4	extern unsigned int DAT_001b0210 asm("DAT_001b0210");	0x01010100	data.s
DAT_001b0214	0x1b0214	__TEXT,__const	undefined4	4	extern unsigned int DAT_001b0214 asm("DAT_001b0214");	0x01010001	data.s
DAT_001b0218	0x1b0218	__TEXT,__const	undefined4	4	extern unsigned int DAT_001b0218 asm("DAT_001b0218");	0x01000101	data.s
DAT_001b021c	0x1b021c	__TEXT,__const	undefined4	4	extern unsigned int DAT_001b021c asm("DAT_001b021c");	0x00010101	data.s
DAT_001b0220	0x1b0220	__TEXT,__const	undefined4	4	extern unsigned int DAT_001b0220 asm("DAT_001b0220");	0x00010203	data.s
DAT_001b0224	0x1b0224	__TEXT,__const	undefined4	4	extern unsigned int DAT_001b0224 asm("DAT_001b0224");	0x04040404	data.s
DAT_001b0228	0x1b0228	__TEXT,__const	undefined1	1	extern unsigned char DAT_001b0228 asm("DAT_001b0228");	0x00010203	data.s
DAT_001b023c	0x1b023c	__TEXT,__const	undefined4	4	extern unsigned int DAT_001b023c asm("DAT_001b023c");	0x01010100	data.s
DAT_001b0240	0x1b0240	__TEXT,__const	-	-	extern unsigned char DAT_001b0240 asm("DAT_001b0240");	0x00000000	data.s
DAT_001b0244	0x1b0244	__TEXT,__const	-	-	extern unsigned char DAT_001b0244 asm("DAT_001b0244");	0x04040404	data.s
DAT_001b02ec	0x1b02ec	__TEXT,__const	-	-	extern unsigned char DAT_001b02ec asm("DAT_001b02ec");	0x04040404	data.s
DAT_001b19e0	0x1b19e0	__TEXT,__const	-	-	extern unsigned char DAT_001b19e0 asm("DAT_001b19e0");	0x03000004	data.s
DAT_001b2994	0x1b2994	__TEXT,__const	undefined4	4	extern unsigned int DAT_001b2994 asm("DAT_001b2994");	0x00010200	data.s
UNK_001b29e4	0x1b29e4	__TEXT,__const	-	-	extern unsigned char UNK_001b29e4 asm("UNK_001b29e4");	0x00010200	data.s
DAT_001b2a64	0x1b2a64	__TEXT,__const	undefined4	4	extern unsigned int DAT_001b2a64 asm("DAT_001b2a64");	0x00010203	data.s
DAT_001b2a68	0x1b2a68	__TEXT,__const	undefined4	4	extern unsigned int DAT_001b2a68 asm("DAT_001b2a68");	0x04040404	data.s
DAT_001b2a6c	0x1b2a6c	__TEXT,__const	undefined4	4	extern unsigned int DAT_001b2a6c asm("DAT_001b2a6c");	0x00010101	data.s
DAT_001b2a70	0x1b2a70	__TEXT,__const	undefined4	4	extern unsigned int DAT_001b2a70 asm("DAT_001b2a70");	0x01010100	data.s
DAT_001b2a74	0x1b2a74	__TEXT,__const	undefined4	4	extern unsigned int DAT_001b2a74 asm("DAT_001b2a74");	0x00000000	data.s
DAT_001b2a78	0x1b2a78	__TEXT,__const	undefined4	4	extern unsigned int DAT_001b2a78 asm("DAT_001b2a78");	0x01010101	data.s
_UNK_001b2a7c	0x1b2a7c	__TEXT,__const	-	-	extern unsigned char _UNK_001b2a7c asm("_UNK_001b2a7c");	0x00010303	data.s
DAT_001b2a80	0x1b2a80	__TEXT,__const	undefined4	4	extern unsigned int DAT_001b2a80 asm("DAT_001b2a80");	0x01010101	data.s
DAT_001b2a84	0x1b2a84	__TEXT,__const	undefined4	4	extern unsigned int DAT_001b2a84 asm("DAT_001b2a84");	0x01010101	data.s
DAT_001b2a88	0x1b2a88	__TEXT,__const	undefined4	4	extern unsigned int DAT_001b2a88 asm("DAT_001b2a88");	0x00000000	data.s
DAT_001b2a8c	0x1b2a8c	__TEXT,__const	undefined4	4	extern unsigned int DAT_001b2a8c asm("DAT_001b2a8c");	0x03030303	data.s
DAT_001b2a90	0x1b2a90	__TEXT,__const	undefined4	4	extern unsigned int DAT_001b2a90 asm("DAT_001b2a90");	0x02020202	data.s
DAT_001b2a94	0x1b2a94	__TEXT,__const	undefined4	4	extern unsigned int DAT_001b2a94 asm("DAT_001b2a94");	0x01010101	data.s
DAT_001b2a98	0x1b2a98	__TEXT,__const	undefined4	4	extern unsigned int DAT_001b2a98 asm("DAT_001b2a98");	0x00000000	data.s
DAT_001b2aa4	0x1b2aa4	__TEXT,__const	undefined4	4	extern unsigned int DAT_001b2aa4 asm("DAT_001b2aa4");	0x00010203	data.s
DAT_001b2aa8	0x1b2aa8	__TEXT,__const	undefined4	4	extern unsigned int DAT_001b2aa8 asm("DAT_001b2aa8");	0x04040404	data.s
UNK_001b2aac	0x1b2aac	__TEXT,__const	undefined4	4	extern unsigned int UNK_001b2aac asm("UNK_001b2aac");	0x04040404	data.s
DAT_001b2ab0	0x1b2ab0	__TEXT,__const	undefined4	4	extern unsigned int DAT_001b2ab0 asm("DAT_001b2ab0");	0x00010303	data.s
DAT_001b2ab4	0x1b2ab4	__TEXT,__const	undefined4	4	extern unsigned int DAT_001b2ab4 asm("DAT_001b2ab4");	0x02020202	data.s
DAT_001b2ab8	0x1b2ab8	__TEXT,__const	undefined4	4	extern unsigned int DAT_001b2ab8 asm("DAT_001b2ab8");	0x01010101	data.s
DAT_001b2abc	0x1b2abc	__TEXT,__const	undefined4	4	extern unsigned int DAT_001b2abc asm("DAT_001b2abc");	0x00000000	data.s
DAT_001b2ac0	0x1b2ac0	__TEXT,__const	undefined4	4	extern unsigned int DAT_001b2ac0 asm("DAT_001b2ac0");	0x00010203	data.s
DAT_001b2ac4	0x1b2ac4	__TEXT,__const	undefined4	4	extern unsigned int DAT_001b2ac4 asm("DAT_001b2ac4");	0x03030303	data.s
DAT_001b2acc	0x1b2acc	__TEXT,__const	undefined4	4	extern unsigned int DAT_001b2acc asm("DAT_001b2acc");	0x01010100	data.s
DAT_001b2ad0	0x1b2ad0	__TEXT,__const	-	-	extern unsigned char DAT_001b2ad0 asm("DAT_001b2ad0");	0x00000000	data.s
DAT_001b2be8	0x1b2be8	__TEXT,__const	-	-	extern unsigned char DAT_001b2be8 asm("DAT_001b2be8");	0x00000000	data.s
DAT_001b2c04	0x1b2c04	__TEXT,__const	undefined4	4	extern unsigned int DAT_001b2c04 asm("DAT_001b2c04");	0x01010100	data.s
DAT_001b2c08	0x1b2c08	__TEXT,__const	undefined4	4	extern unsigned int DAT_001b2c08 asm("DAT_001b2c08");	0x01010001	data.s
DAT_001b2c0c	0x1b2c0c	__TEXT,__const	undefined4	4	extern unsigned int DAT_001b2c0c asm("DAT_001b2c0c");	0x01000101	data.s
DAT_001b2c10	0x1b2c10	__TEXT,__const	undefined4	4	extern unsigned int DAT_001b2c10 asm("DAT_001b2c10");	0x00010101	data.s
DAT_001b2c14	0x1b2c14	__TEXT,__const	-	-	extern unsigned char DAT_001b2c14 asm("DAT_001b2c14");	0x00000000	data.s
DAT_001b2d2c	0x1b2d2c	__TEXT,__const	undefined4	4	extern unsigned int DAT_001b2d2c asm("DAT_001b2d2c");	0x03030303	data.s
DAT_001b2d30	0x1b2d30	__TEXT,__const	undefined4	4	extern unsigned int DAT_001b2d30 asm("DAT_001b2d30");	0x02020202	data.s
DAT_001b2d34	0x1b2d34	__TEXT,__const	undefined4	4	extern unsigned int DAT_001b2d34 asm("DAT_001b2d34");	0x01010101	data.s
DAT_001b2d38	0x1b2d38	__TEXT,__const	undefined4	4	extern unsigned int DAT_001b2d38 asm("DAT_001b2d38");	0x00000000	data.s
DAT_001b2d4c	0x1b2d4c	__TEXT,__const	undefined4	4	extern unsigned int DAT_001b2d4c asm("DAT_001b2d4c");	0x03030303	data.s
DAT_001b2d50	0x1b2d50	__TEXT,__const	undefined4	4	extern unsigned int DAT_001b2d50 asm("DAT_001b2d50");	0x01010100	data.s
DAT_001b2d54	0x1b2d54	__TEXT,__const	undefined4	4	extern unsigned int DAT_001b2d54 asm("DAT_001b2d54");	0x01010101	data.s
DAT_001b2d58	0x1b2d58	__TEXT,__const	undefined4	4	extern unsigned int DAT_001b2d58 asm("DAT_001b2d58");	0x03030303	data.s
DAT_001b2d5c	0x1b2d5c	__TEXT,__const	undefined4	4	extern unsigned int DAT_001b2d5c asm("DAT_001b2d5c");	0x02020202	data.s
DAT_001b2d60	0x1b2d60	__TEXT,__const	undefined4	4	extern unsigned int DAT_001b2d60 asm("DAT_001b2d60");	0x01010101	data.s
DAT_001b2d64	0x1b2d64	__TEXT,__const	undefined4	4	extern unsigned int DAT_001b2d64 asm("DAT_001b2d64");	0x00000000	data.s
DAT_001b2d68	0x1b2d68	__TEXT,__const	undefined4	4	extern unsigned int DAT_001b2d68 asm("DAT_001b2d68");	0x00010203	data.s
DAT_001b2d6c	0x1b2d6c	__TEXT,__const	undefined4	4	extern unsigned int DAT_001b2d6c asm("DAT_001b2d6c");	0x00010101	data.s
DAT_001b2d70	0x1b2d70	__TEXT,__const	undefined4	4	extern unsigned int DAT_001b2d70 asm("DAT_001b2d70");	0x01010100	data.s
DAT_001b2eb8	0x1b2eb8	__TEXT,__eh_frame	-	-	extern unsigned char DAT_001b2eb8 asm("DAT_001b2eb8");	0x000007a0	data.s
DAT_001b40f0	0x1b40f0	__TEXT,__eh_frame	-	-	extern unsigned char DAT_001b40f0 asm("DAT_001b40f0");	0x00000000	data.s
DAT_001b81b8	0x1b81b8	__TEXT,__eh_frame	-	-	extern unsigned char DAT_001b81b8 asm("DAT_001b81b8");	0x00000014	data.s
DAT_001b9d04	0x1b9d04	__TEXT,__eh_frame	-	-	extern unsigned char DAT_001b9d04 asm("DAT_001b9d04");	0x00040000	data.s
UNK_001ba4e4	0x1ba4e4	__TEXT,__eh_frame	-	-	extern unsigned char UNK_001ba4e4 asm("UNK_001ba4e4");	0x000024e0	data.s
DAT_001d91f0	0x1d91f0	__DATA,__data	-	-	extern unsigned char DAT_001d91f0 asm("DAT_001d91f0");	0x00010000	data.s
DAT_001d92a8	0x1d92a8	__DATA,__data	-	-	extern unsigned char DAT_001d92a8 asm("DAT_001d92a8");	0x00000005	data.s
DAT_001d9358	0x1d9358	__DATA,__data	-	-	extern unsigned char DAT_001d9358 asm("DAT_001d9358");	0x00000004	data.s
DAT_001d9408	0x1d9408	__DATA,__data	-	-	extern unsigned char DAT_001d9408 asm("DAT_001d9408");	0x00000004	data.s
DAT_001d94b8	0x1d94b8	__DATA,__data	-	-	extern unsigned char DAT_001d94b8 asm("DAT_001d94b8");	0x00000003	data.s
DAT_001d9568	0x1d9568	__DATA,__data	-	-	extern unsigned char DAT_001d9568 asm("DAT_001d9568");	0x00000001	data.s
DAT_001d9594	0x1d9594	__DATA,__data	-	-	extern unsigned char DAT_001d9594 asm("DAT_001d9594");	0x00000004	data.s
DAT_001d9644	0x1d9644	__DATA,__data	-	-	extern unsigned char DAT_001d9644 asm("DAT_001d9644");	0x00000001	data.s
DAT_001d96f4	0x1d96f4	__DATA,__data	-	-	extern unsigned char DAT_001d96f4 asm("DAT_001d96f4");	0x00000001	data.s
DAT_001d9778	0x1d9778	__DATA,__data	-	-	extern unsigned char DAT_001d9778 asm("DAT_001d9778");	0x00000030	data.s
DAT_001d9888	0x1d9888	__DATA,__data	-	-	extern unsigned char DAT_001d9888 asm("DAT_001d9888");	0x00000001	data.s
DAT_001d98b0	0x1d98b0	__DATA,__data	-	-	extern unsigned char DAT_001d98b0 asm("DAT_001d98b0");	0x00000005	data.s
DAT_001d9960	0x1d9960	__DATA,__data	-	-	extern unsigned char DAT_001d9960 asm("DAT_001d9960");	0x00000004	data.s
DAT_001d9a10	0x1d9a10	__DATA,__data	-	-	extern unsigned char DAT_001d9a10 asm("DAT_001d9a10");	0x00000004	data.s
DAT_001d9ac0	0x1d9ac0	__DATA,__data	-	-	extern unsigned char DAT_001d9ac0 asm("DAT_001d9ac0");	0x00000003	data.s
DAT_001d9b70	0x1d9b70	__DATA,__data	-	-	extern unsigned char DAT_001d9b70 asm("DAT_001d9b70");	0x00000001	data.s
DAT_001d9b9c	0x1d9b9c	__DATA,__data	-	-	extern unsigned char DAT_001d9b9c asm("DAT_001d9b9c");	0x00000004	data.s
DAT_001d9c4c	0x1d9c4c	__DATA,__data	-	-	extern unsigned char DAT_001d9c4c asm("DAT_001d9c4c");	0x00000001	data.s
DAT_001d9cfc	0x1d9cfc	__DATA,__data	-	-	extern unsigned char DAT_001d9cfc asm("DAT_001d9cfc");	0x00000000	data.s
DAT_001d9dac	0x1d9dac	__DATA,__data	-	-	extern unsigned char DAT_001d9dac asm("DAT_001d9dac");	0x00000001	data.s
DAT_001d9dd8	0x1d9dd8	__DATA,__data	-	-	extern unsigned char DAT_001d9dd8 asm("DAT_001d9dd8");	0x00010000	data.s
DAT_001d9eb0	0x1d9eb0	__DATA,__data	-	-	extern unsigned char DAT_001d9eb0 asm("DAT_001d9eb0");	0x00000030	data.s
DAT_001d9f34	0x1d9f34	__DATA,__data	-	-	extern unsigned char DAT_001d9f34 asm("DAT_001d9f34");	0x00000000	data.s
DAT_001d9f3c	0x1d9f3c	__DATA,__data	-	-	extern unsigned char DAT_001d9f3c asm("DAT_001d9f3c");	0x00000000	data.s
DAT_001d9f3e	0x1d9f3e	__DATA,__data	-	-	extern unsigned char DAT_001d9f3e asm("DAT_001d9f3e");	0x00000000	data.s
DAT_001d9f40	0x1d9f40	__DATA,__data	-	-	extern unsigned char DAT_001d9f40 asm("DAT_001d9f40");	0x00000000	data.s
DAT_001d9f44	0x1d9f44	__DATA,__data	-	-	extern unsigned char DAT_001d9f44 asm("DAT_001d9f44");	0x00000000	data.s
DAT_001d9f48	0x1d9f48	__DATA,__data	-	-	extern unsigned char DAT_001d9f48 asm("DAT_001d9f48");	0x00000000	data.s
DAT_001d9f4c	0x1d9f4c	__DATA,__data	-	-	extern unsigned char DAT_001d9f4c asm("DAT_001d9f4c");	0x00000000	data.s
DAT_001d9f50	0x1d9f50	__DATA,__data	-	-	extern unsigned char DAT_001d9f50 asm("DAT_001d9f50");	0x04218000	data.s
DAT_001d9f54	0x1d9f54	__DATA,__data	-	-	extern unsigned char DAT_001d9f54 asm("DAT_001d9f54");	0x003fc000	data.s
DAT_001d9fa0	0x1d9fa0	__DATA,__data	-	-	extern unsigned char DAT_001d9fa0 asm("DAT_001d9fa0");	0x03000000	data.s
DAT_001da00c	0x1da00c	__DATA,__data	-	-	extern unsigned char DAT_001da00c asm("DAT_001da00c");	0x06000000	data.s
DAT_001da054	0x1da054	__DATA,__data	-	-	extern unsigned char DAT_001da054 asm("DAT_001da054");	0x08000000	data.s
DAT_001da1bc	0x1da1bc	__DATA,__data	-	-	extern unsigned char DAT_001da1bc asm("DAT_001da1bc");	0x12000000	data.s
DAT_001da36c	0x1da36c	__DATA,__data	-	-	extern unsigned char DAT_001da36c asm("DAT_001da36c");	0x1e000000	data.s
DAT_001da630	0x1da630	__DATA,__data	-	-	extern unsigned char DAT_001da630 asm("DAT_001da630");	0x000087d5	data.s
DAT_001dac00	0x1dac00	__DATA,__data	-	-	extern unsigned char DAT_001dac00[] asm("DAT_001dac00");	0x00142435	data.s
DAT_001dac08	0x1dac08	__DATA,__data	-	-	extern unsigned char DAT_001dac08 asm("DAT_001dac08");	0x00000000	data.s
DAT_001dac34	0x1dac34	__DATA,__data	-	-	extern unsigned char DAT_001dac34 asm("DAT_001dac34");	0x006e0000	data.s
DAT_001dac38	0x1dac38	__DATA,__data	-	-	extern unsigned char DAT_001dac38 asm("DAT_001dac38");	0x00000000	data.s
DAT_001dac3c	0x1dac3c	__DATA,__data	-	-	extern unsigned char DAT_001dac3c asm("DAT_001dac3c");	0x00000000	data.s
DAT_001dac40	0x1dac40	__DATA,__data	-	-	extern unsigned char DAT_001dac40 asm("DAT_001dac40");	0x00000000	data.s
DAT_001db2d4	0x1db2d4	__DATA,__data	-	-	extern unsigned char DAT_001db2d4 asm("DAT_001db2d4");	0x6a4a007c	data.s
DAT_001db2d8	0x1db2d8	__DATA,__data	-	-	extern unsigned char DAT_001db2d8 asm("DAT_001db2d8");	0x00080000	data.s
PTR_FUN_001db2dc	0x1db2dc	__DATA,__data	pointer	4	extern unsigned char *PTR_FUN_001db2dc[] asm("PTR_FUN_001db2dc");	pointer -> FUN_00044ac0	data.s
DAT_001db2e0	0x1db2e0	__DATA,__data	-	-	extern unsigned char DAT_001db2e0 asm("DAT_001db2e0");	0x20000000	data.s
DAT_001db2e4	0x1db2e4	__DATA,__data	-	-	extern unsigned char DAT_001db2e4 asm("DAT_001db2e4");	0x6b4a0054	data.s
DAT_001db2e8	0x1db2e8	__DATA,__data	-	-	extern unsigned char DAT_001db2e8 asm("DAT_001db2e8");	0x00000000	data.s
PTR_FUN_001db2ec	0x1db2ec	__DATA,__data	pointer	4	extern unsigned char *PTR_FUN_001db2ec[] asm("PTR_FUN_001db2ec");	pointer -> FUN_0003fd80	data.s
DAT_001db2f0	0x1db2f0	__DATA,__data	-	-	extern unsigned char DAT_001db2f0 asm("DAT_001db2f0");	0x20000000	data.s
DAT_001db2f4	0x1db2f4	__DATA,__data	-	-	extern unsigned char DAT_001db2f4 asm("DAT_001db2f4");	0x6c6e0000	data.s
DAT_001db344	0x1db344	__DATA,__data	undefined4	4	extern unsigned int DAT_001db344 asm("DAT_001db344");	0x00000008	data.s
DAT_001db348	0x1db348	__DATA,__data	-	-	extern unsigned char DAT_001db348 asm("DAT_001db348");	0x00000000	data.s
DAT_001db368	0x1db368	__DATA,__data	-	-	extern unsigned char DAT_001db368 asm("DAT_001db368");	0x00000000	data.s
DAT_001db440	0x1db440	__DATA,__data	-	-	extern unsigned char DAT_001db440 asm("DAT_001db440");	0x00000000	data.s
DAT_001db5b8	0x1db5b8	__DATA,__data	-	-	extern unsigned char DAT_001db5b8 asm("DAT_001db5b8");	0x00000000	data.s
DAT_001db5bc	0x1db5bc	__DATA,__data	-	-	extern unsigned char DAT_001db5bc asm("DAT_001db5bc");	0x00000000	data.s
DAT_001db5c0	0x1db5c0	__DATA,__data	-	-	extern unsigned char DAT_001db5c0 asm("DAT_001db5c0");	0x00000000	data.s
DAT_001db5c4	0x1db5c4	__DATA,__data	-	-	extern unsigned char DAT_001db5c4 asm("DAT_001db5c4");	0x00000000	data.s
DAT_001db928	0x1db928	__DATA,__data	undefined4	4	extern unsigned int DAT_001db928 asm("DAT_001db928");	0x00000000	data.s
DAT_001db92c	0x1db92c	__DATA,__data	undefined4	4	extern unsigned int DAT_001db92c asm("DAT_001db92c");	0x00000000	data.s
DAT_001db930	0x1db930	__DATA,__data	undefined4	4	extern unsigned int DAT_001db930 asm("DAT_001db930");	0x00000000	data.s
DAT_001db934	0x1db934	__DATA,__data	undefined4	4	extern unsigned int DAT_001db934 asm("DAT_001db934");	0x00000000	data.s
DAT_001db938	0x1db938	__DATA,__data	undefined4	4	extern unsigned int DAT_001db938 asm("DAT_001db938");	0x00000000	data.s
DAT_001db98c	0x1db98c	__DATA,__data	-	-	extern unsigned char DAT_001db98c asm("DAT_001db98c");	0x00000000	data.s
DAT_001db998	0x1db998	__DATA,__data	-	-	extern unsigned char DAT_001db998 asm("DAT_001db998");	0x000087d5	data.s
DAT_001db9a8	0x1db9a8	__DATA,__data	-	-	extern unsigned char DAT_001db9a8 asm("DAT_001db9a8");	0x00000001	data.s
PTR_FUN_001db9b8	0x1db9b8	__DATA,__data	undefined *	4	extern unsigned char *PTR_FUN_001db9b8[] asm("PTR_FUN_001db9b8");	pointer -> FUN_00057cf0	data.s
PTR_FUN_001dba14	0x1dba14	__DATA,__data	undefined *	4	extern int (*PTR_FUN_001dba14)() asm("PTR_FUN_001dba14");	pointer -> FUN_0005cc20	data.s
DAT_001dba44	0x1dba44	__DATA,__data	undefined4	4	extern unsigned int DAT_001dba44 asm("DAT_001dba44");	0x000308c8	data.s
DAT_001dba98	0x1dba98	__DATA,__data	undefined4	4	extern unsigned int DAT_001dba98 asm("DAT_001dba98");	0x00000004	data.s
DAT_001dbab8	0x1dbab8	__DATA,__data	undefined4	4	extern unsigned int DAT_001dbab8 asm("DAT_001dbab8");	0x00000002	data.s
DAT_001dbca8	0x1dbca8	__DATA,__data	undefined4	4	extern unsigned int DAT_001dbca8 asm("DAT_001dbca8");	0x000000ff	data.s
DAT_001dbcac	0x1dbcac	__DATA,__data	undefined4	4	extern unsigned int DAT_001dbcac asm("DAT_001dbcac");	0x0ff3f8fe	data.s
DAT_001dbcb0	0x1dbcb0	__DATA,__data	undefined4	4	extern unsigned int DAT_001dbcb0 asm("DAT_001dbcb0");	0x00f00202	data.s
DAT_001dbcb4	0x1dbcb4	__DATA,__data	undefined4	4	extern unsigned int DAT_001dbcb4 asm("DAT_001dbcb4");	0x00d10001	data.s
DAT_001dbcb8	0x1dbcb8	__DATA,__data	undefined4	4	extern unsigned int DAT_001dbcb8 asm("DAT_001dbcb8");	0x016da001	data.s
DAT_001dbcbc	0x1dbcbc	__DATA,__data	undefined4	4	extern unsigned int DAT_001dbcbc asm("DAT_001dbcbc");	0x016da001	data.s
DAT_001dbcc0	0x1dbcc0	__DATA,__data	undefined4	4	extern unsigned int DAT_001dbcc0 asm("DAT_001dbcc0");	0x00f02202	data.s
DAT_001dbcc4	0x1dbcc4	__DATA,__data	undefined4	4	extern unsigned int DAT_001dbcc4 asm("DAT_001dbcc4");	0x00d10021	data.s
DAT_001dbcc8	0x1dbcc8	__DATA,__data	undefined4	4	extern unsigned int DAT_001dbcc8 asm("DAT_001dbcc8");	0x016da021	data.s
DAT_001dbccc	0x1dbccc	__DATA,__data	undefined4	4	extern unsigned int DAT_001dbccc asm("DAT_001dbccc");	0x016da021	data.s
DAT_001dbcd0	0x1dbcd0	__DATA,__data	undefined4	4	extern unsigned int DAT_001dbcd0 asm("DAT_001dbcd0");	0x00000082	data.s
DAT_001dbcd4	0x1dbcd4	__DATA,__data	undefined4	4	extern unsigned int DAT_001dbcd4 asm("DAT_001dbcd4");	0x00000003	data.s
DAT_001dbcd8	0x1dbcd8	__DATA,__data	undefined4	4	extern unsigned int DAT_001dbcd8 asm("DAT_001dbcd8");	0x00000003	data.s
DAT_001dbcdc	0x1dbcdc	__DATA,__data	undefined4	4	extern unsigned int DAT_001dbcdc asm("DAT_001dbcdc");	0x00000003	data.s
DAT_001dbce0	0x1dbce0	__DATA,__data	undefined4	4	extern unsigned int DAT_001dbce0 asm("DAT_001dbce0");	0x00000003	data.s
DAT_001dbce4	0x1dbce4	__DATA,__data	undefined4	4	extern unsigned int DAT_001dbce4 asm("DAT_001dbce4");	0x00000001	data.s
DAT_001dbce8	0x1dbce8	__DATA,__data	undefined4	4	extern unsigned int DAT_001dbce8 asm("DAT_001dbce8");	0x00000001	data.s
DAT_001dbcec	0x1dbcec	__DATA,__data	undefined4	4	extern unsigned int DAT_001dbcec asm("DAT_001dbcec");	0x00000001	data.s
DAT_001dbcf0	0x1dbcf0	__DATA,__data	undefined4	4	extern unsigned int DAT_001dbcf0 asm("DAT_001dbcf0");	0x00000001	data.s
DAT_001dbcf4	0x1dbcf4	__DATA,__data	undefined4	4	extern unsigned int DAT_001dbcf4 asm("DAT_001dbcf4");	0x00000002	data.s
DAT_001dbcf8	0x1dbcf8	__DATA,__data	undefined4	4	extern unsigned int DAT_001dbcf8 asm("DAT_001dbcf8");	0x00000002	data.s
DAT_001dbcfc	0x1dbcfc	__DATA,__data	undefined4	4	extern unsigned int DAT_001dbcfc asm("DAT_001dbcfc");	0x00000002	data.s
DAT_001dbd00	0x1dbd00	__DATA,__data	undefined4	4	extern unsigned int DAT_001dbd00 asm("DAT_001dbd00");	0x00000002	data.s
DAT_001dbd04	0x1dbd04	__DATA,__data	undefined4	4	extern unsigned int DAT_001dbd04 asm("DAT_001dbd04");	0x00000001	data.s
DAT_001dbd08	0x1dbd08	__DATA,__data	undefined4	4	extern unsigned int DAT_001dbd08 asm("DAT_001dbd08");	0x00000000	data.s
DAT_001dbd0c	0x1dbd0c	__DATA,__data	undefined4	4	extern unsigned int DAT_001dbd0c asm("DAT_001dbd0c");	0x00000000	data.s
DAT_001dbd10	0x1dbd10	__DATA,__data	undefined4	4	extern unsigned int DAT_001dbd10 asm("DAT_001dbd10");	0x00000000	data.s
DAT_001dbd14	0x1dbd14	__DATA,__data	undefined4	4	extern unsigned int DAT_001dbd14 asm("DAT_001dbd14");	0x00000000	data.s
DAT_001dbd18	0x1dbd18	__DATA,__data	undefined4	4	extern unsigned int DAT_001dbd18 asm("DAT_001dbd18");	0x00000001	data.s
DAT_001dbd1c	0x1dbd1c	__DATA,__data	undefined4	4	extern unsigned int DAT_001dbd1c asm("DAT_001dbd1c");	0x00000002	data.s
DAT_001dbd20	0x1dbd20	__DATA,__data	undefined4	4	extern unsigned int DAT_001dbd20 asm("DAT_001dbd20");	0x00000003	data.s
DAT_001dbd24	0x1dbd24	__DATA,__data	undefined4	4	extern unsigned int DAT_001dbd24 asm("DAT_001dbd24");	0x00000001	data.s
DAT_001dbd28	0x1dbd28	__DATA,__data	undefined4	4	extern unsigned int DAT_001dbd28 asm("DAT_001dbd28");	0x00000001	data.s
DAT_001dbd2c	0x1dbd2c	__DATA,__data	undefined4	4	extern unsigned int DAT_001dbd2c asm("DAT_001dbd2c");	0x00000001	data.s
DAT_001dbd30	0x1dbd30	__DATA,__data	undefined4	4	extern unsigned int DAT_001dbd30 asm("DAT_001dbd30");	0x00000001	data.s
DAT_001dbd34	0x1dbd34	__DATA,__data	undefined4	4	extern unsigned int DAT_001dbd34 asm("DAT_001dbd34");	0x00000004	data.s
DAT_001dbd38	0x1dbd38	__DATA,__data	undefined4	4	extern unsigned int DAT_001dbd38 asm("DAT_001dbd38");	0x00000004	data.s
DAT_001dbd3c	0x1dbd3c	__DATA,__data	undefined4	4	extern unsigned int DAT_001dbd3c asm("DAT_001dbd3c");	0x00000004	data.s
DAT_001dbd40	0x1dbd40	__DATA,__data	undefined4	4	extern unsigned int DAT_001dbd40 asm("DAT_001dbd40");	0x00000004	data.s
DAT_001dbd44	0x1dbd44	__DATA,__data	undefined4	4	extern unsigned int DAT_001dbd44 asm("DAT_001dbd44");	0x00000000	data.s
DAT_001dbd48	0x1dbd48	__DATA,__data	undefined4	4	extern unsigned int DAT_001dbd48 asm("DAT_001dbd48");	0x00000000	data.s
DAT_001dbd4c	0x1dbd4c	__DATA,__data	undefined4	4	extern unsigned int DAT_001dbd4c asm("DAT_001dbd4c");	0x00000000	data.s
DAT_001dbd50	0x1dbd50	__DATA,__data	undefined4	4	extern unsigned int DAT_001dbd50 asm("DAT_001dbd50");	0x00000001	data.s
DAT_001dbd54	0x1dbd54	__DATA,__data	undefined4	4	extern unsigned int DAT_001dbd54 asm("DAT_001dbd54");	0x00000000	data.s
DAT_001dbd58	0x1dbd58	__DATA,__data	undefined4	4	extern unsigned int DAT_001dbd58 asm("DAT_001dbd58");	0x00000000	data.s
DAT_001dbd5c	0x1dbd5c	__DATA,__data	undefined4	4	extern unsigned int DAT_001dbd5c asm("DAT_001dbd5c");	0x00000001	data.s
DAT_001dbd60	0x1dbd60	__DATA,__data	undefined4	4	extern unsigned int DAT_001dbd60 asm("DAT_001dbd60");	0x00000000	data.s
DAT_001dbd64	0x1dbd64	__DATA,__data	undefined4	4	extern unsigned int DAT_001dbd64 asm("DAT_001dbd64");	0x00000000	data.s
DAT_001dbd68	0x1dbd68	__DATA,__data	undefined4	4	extern unsigned int DAT_001dbd68 asm("DAT_001dbd68");	0x00000001	data.s
DAT_001dbd6c	0x1dbd6c	__DATA,__data	undefined4	4	extern unsigned int DAT_001dbd6c asm("DAT_001dbd6c");	0x00000000	data.s
DAT_001dbd70	0x1dbd70	__DATA,__data	undefined4	4	extern unsigned int DAT_001dbd70 asm("DAT_001dbd70");	0x00000000	data.s
DAT_001dbd74	0x1dbd74	__DATA,__data	undefined4	4	extern unsigned int DAT_001dbd74 asm("DAT_001dbd74");	0x00000000	data.s
DAT_001dbd78	0x1dbd78	__DATA,__data	undefined4	4	extern unsigned int DAT_001dbd78 asm("DAT_001dbd78");	0x00000001	data.s
DAT_001dbd7c	0x1dbd7c	__DATA,__data	undefined4	4	extern unsigned int DAT_001dbd7c asm("DAT_001dbd7c");	0x00000002	data.s
DAT_001dbd80	0x1dbd80	__DATA,__data	undefined4	4	extern unsigned int DAT_001dbd80 asm("DAT_001dbd80");	0x00000004	data.s
DAT_001dbd84	0x1dbd84	__DATA,__data	undefined4	4	extern unsigned int DAT_001dbd84 asm("DAT_001dbd84");	0x00000001	data.s
DAT_001dbd88	0x1dbd88	__DATA,__data	undefined4	4	extern unsigned int DAT_001dbd88 asm("DAT_001dbd88");	0x00000001	data.s
DAT_001dbd8c	0x1dbd8c	__DATA,__data	undefined4	4	extern unsigned int DAT_001dbd8c asm("DAT_001dbd8c");	0x00000001	data.s
DAT_001dbd90	0x1dbd90	__DATA,__data	undefined4	4	extern unsigned int DAT_001dbd90 asm("DAT_001dbd90");	0x00000000	data.s
DAT_001dbd94	0x1dbd94	__DATA,__data	-	-	extern unsigned char DAT_001dbd94 asm("DAT_001dbd94");	0x00000001	data.s
DAT_001dbda4	0x1dbda4	__DATA,__data	undefined4	4	extern unsigned int DAT_001dbda4 asm("DAT_001dbda4");	0x00000004	data.s
DAT_001dbda8	0x1dbda8	__DATA,__data	undefined4	4	extern unsigned int DAT_001dbda8 asm("DAT_001dbda8");	0x00000004	data.s
DAT_001dbdac	0x1dbdac	__DATA,__data	undefined4	4	extern unsigned int DAT_001dbdac asm("DAT_001dbdac");	0x00000004	data.s
DAT_001dbdb0	0x1dbdb0	__DATA,__data	undefined4	4	extern unsigned int DAT_001dbdb0 asm("DAT_001dbdb0");	0x00000005	data.s
DAT_001dbdb4	0x1dbdb4	__DATA,__data	undefined4	4	extern unsigned int DAT_001dbdb4 asm("DAT_001dbdb4");	0x00000005	data.s
DAT_001dbdb8	0x1dbdb8	__DATA,__data	undefined4	4	extern unsigned int DAT_001dbdb8 asm("DAT_001dbdb8");	0x00000005	data.s
DAT_001dbdbc	0x1dbdbc	__DATA,__data	undefined4	4	extern unsigned int DAT_001dbdbc asm("DAT_001dbdbc");	0x00000005	data.s
DAT_001dbdc0	0x1dbdc0	__DATA,__data	undefined4	4	extern unsigned int DAT_001dbdc0 asm("DAT_001dbdc0");	0x00000005	data.s
PTR_DAT_001dbdd4	0x1dbdd4	__DATA,__data	pointer	4	extern unsigned char *PTR_DAT_001dbdd4[] asm("PTR_DAT_001dbdd4");	pointer -> LD_1dbde4	data.s
DAT_001dbdfc	0x1dbdfc	__DATA,__data	-	-	extern unsigned char DAT_001dbdfc asm("DAT_001dbdfc");	0x00000001	data.s
PTR_DAT_001dbe3c	0x1dbe3c	__DATA,__data	pointer	4	extern unsigned char *PTR_DAT_001dbe3c[] asm("PTR_DAT_001dbe3c");	pointer -> LD_1dbe64	data.s
PTR_DAT_001dbe84	0x1dbe84	__DATA,__data	pointer	4	extern unsigned char *PTR_DAT_001dbe84[] asm("PTR_DAT_001dbe84");	pointer -> LD_1dbe98	data.s
DAT_001dbea4	0x1dbea4	__DATA,__data	-	-	extern unsigned char DAT_001dbea4 asm("DAT_001dbea4");	0x00000020	data.s
DAT_001dbeac	0x1dbeac	__DATA,__data	-	-	extern unsigned char DAT_001dbeac asm("DAT_001dbeac");	0x00000100	data.s
DAT_001dbec4	0x1dbec4	__DATA,__data	-	-	extern unsigned char DAT_001dbec4 asm("DAT_001dbec4");	0x00000000	data.s
DAT_001dbed4	0x1dbed4	__DATA,__data	-	-	extern unsigned char DAT_001dbed4 asm("DAT_001dbed4");	0x99998888	data.s
DAT_001dbf2c	0x1dbf2c	__DATA,__data	-	-	extern unsigned char DAT_001dbf2c asm("DAT_001dbf2c");	0x00000000	data.s
DAT_001dbf70	0x1dbf70	__DATA,__data	-	-	extern unsigned char DAT_001dbf70 asm("DAT_001dbf70");	0x00000001	data.s
PTR_s_IF_b_001dc2cc	0x1dc2cc	__DATA,__data	pointer	4	extern unsigned char *PTR_s_IF_b_001dc2cc[] asm("PTR_s_IF_b_001dc2cc");	pointer -> LD_1a6a00	data.s
PTR_s_0x55_0_JUMP_NONE_NONE_NONE_001dc2d0	0x1dc2d0	__DATA,__data	pointer	4	extern unsigned char *PTR_s_0x55_0_JUMP_NONE_NONE_NONE_001dc2d0 asm("PTR_s_0x55_0_JUMP_NONE_NONE_NONE_001dc2d0");	pointer -> LD_1a6a0c	data.s
PTR_s_0xaa_0_JUMP_NONE_NONE_NONE_001dc2d8	0x1dc2d8	__DATA,__data	undefined *	4	extern unsigned char PTR_s_0xaa_0_JUMP_NONE_NONE_NONE_001dc2d8[] asm("PTR_s_0xaa_0_JUMP_NONE_NONE_NONE_001dc2d8");	pointer -> LD_1a6a38	data.s
PTR_s__position_001dc3f4	0x1dc3f4	__DATA,__data	undefined *	4	extern unsigned char *PTR_s__position_001dc3f4[] asm("PTR_s__position_001dc3f4");	pointer -> LD_1a7d8c	data.s
PTR_s_OPT_IGNORE_DEFINED_CONSTANTS_001dc444	0x1dc444	__DATA,__data	pointer	4	extern unsigned char *PTR_s_OPT_IGNORE_DEFINED_CONSTANTS_001dc444 asm("PTR_s_OPT_IGNORE_DEFINED_CONSTANTS_001dc444");	pointer -> LD_1a8d5c	data.s
DAT_001dc58c	0x1dc58c	__DATA,__data	undefined4	4	extern unsigned char DAT_001dc58c[] asm("DAT_001dc58c");	0x0000000f	data.s
UNK_001dc660	0x1dc660	__DATA,__data	undefined4	4	extern unsigned int UNK_001dc660 asm("UNK_001dc660");	0x0000008a	data.s
UNK_001dc66c	0x1dc66c	__DATA,__data	undefined4	4	extern unsigned int UNK_001dc66c asm("UNK_001dc66c");	0x00000089	data.s
PTR_DAT_001dc75c	0x1dc75c	__DATA,__data	undefined *	4	extern unsigned char PTR_DAT_001dc75c asm("PTR_DAT_001dc75c");	pointer -> LD_1ae874	data.s
PTR_DAT_001dc76c	0x1dc76c	__DATA,__data	undefined *	4	extern unsigned char *PTR_DAT_001dc76c[] asm("PTR_DAT_001dc76c");	pointer -> LD_1ad470	data.s
PTR_DAT_001dc77c	0x1dc77c	__DATA,__data	undefined *	4	extern unsigned char *PTR_DAT_001dc77c[] asm("PTR_DAT_001dc77c");	pointer -> LD_1ad020	data.s
PTR_DAT_001dc78c	0x1dc78c	__DATA,__data	undefined *	4	extern unsigned char *PTR_DAT_001dc78c[] asm("PTR_DAT_001dc78c");	pointer -> LD_1ad1a0	data.s
DAT_001dca64	0x1dca64	__DATA,__data	-	-	extern unsigned char DAT_001dca64 asm("DAT_001dca64");	0x00000008	data.s
DAT_001df1fc	0x1df1fc	__DATA,__data	-	-	extern unsigned char DAT_001df1fc asm("DAT_001df1fc");	0x00000008	data.s
s_MUL_V_001df634	0x1df634	__DATA,__data	string	6	extern char s_MUL_V_001df634[] asm("s_MUL_V_001df634");	0x4d554c5f	data.s
DAT_001e1994	0x1e1994	__DATA,__data	-	-	extern unsigned char DAT_001e1994 asm("DAT_001e1994");	0x00000000	data.s
DAT_001e1c1c	0x1e1c1c	__DATA,__data	undefined4	4	extern unsigned int DAT_001e1c1c asm("DAT_001e1c1c");	0x00000000	data.s
DAT_001e1c2c	0x1e1c2c	__DATA,__data	undefined4	4	extern unsigned int DAT_001e1c2c asm("DAT_001e1c2c");	0x00000005	data.s
DAT_001e1c30	0x1e1c30	__DATA,__data	undefined4	4	extern unsigned int DAT_001e1c30 asm("DAT_001e1c30");	0x00000000	data.s
PTR_DAT_001e1c34	0x1e1c34	__DATA,__data	pointer	4	extern unsigned char *PTR_DAT_001e1c34 asm("PTR_DAT_001e1c34");	pointer -> LD_1adc44	data.s
DAT_001e25f4	0x1e25f4	__DATA,__data	undefined4	4	extern unsigned int DAT_001e25f4 asm("DAT_001e25f4");	0x00000000	data.s
DAT_001e2604	0x1e2604	__DATA,__data	undefined4	4	extern unsigned int DAT_001e2604 asm("DAT_001e2604");	0x00000005	data.s
DAT_001e2608	0x1e2608	__DATA,__data	undefined4	4	extern unsigned int DAT_001e2608 asm("DAT_001e2608");	0x00000000	data.s
PTR_DAT_001e260c	0x1e260c	__DATA,__data	pointer	4	extern unsigned char *PTR_DAT_001e260c asm("PTR_DAT_001e260c");	pointer -> LD_1adf48	data.s
PTR_DAT_001e2630	0x1e2630	__DATA,__data	pointer	4	extern unsigned char *PTR_DAT_001e2630 asm("PTR_DAT_001e2630");	pointer -> LD_1af548	data.s
PTR_DAT_001e269c	0x1e269c	__DATA,__data	pointer	4	extern unsigned char *PTR_DAT_001e269c asm("PTR_DAT_001e269c");	pointer -> LD_1ab8ac	data.s
PTR_DAT_001e27bc	0x1e27bc	__DATA,__data	pointer	4	extern unsigned char *PTR_DAT_001e27bc asm("PTR_DAT_001e27bc");	pointer -> LD_1af3c8	data.s
DAT_001e3520	0x1e3520	__DATA,__data	-	-	extern unsigned char DAT_001e3520 asm("DAT_001e3520");	0x000000c3	data.s
DAT_001e39a4	0x1e39a4	__DATA,__data	-	-	extern unsigned char DAT_001e39a4 asm("DAT_001e39a4");	0x00000000	data.s
DAT_001e3a54	0x1e3a54	__DATA,__data	-	-	extern unsigned char DAT_001e3a54 asm("DAT_001e3a54");	0x00000004	data.s
DAT_001e59b4	0x1e59b4	__DATA,__data	-	-	extern unsigned char DAT_001e59b4 asm("DAT_001e59b4");	0x00000000	data.s
DAT_001e5a44	0x1e5a44	__DATA,__data	-	-	extern unsigned char DAT_001e5a44 asm("DAT_001e5a44");	0x00000000	data.s
DAT_001e5ad4	0x1e5ad4	__DATA,__data	-	-	extern unsigned char DAT_001e5ad4 asm("DAT_001e5ad4");	0x00000000	data.s
DAT_001e5b64	0x1e5b64	__DATA,__data	-	-	extern unsigned char DAT_001e5b64 asm("DAT_001e5b64");	0x00000000	data.s
DAT_001e5bf4	0x1e5bf4	__DATA,__data	-	-	extern unsigned char DAT_001e5bf4 asm("DAT_001e5bf4");	0x00000000	data.s
DAT_001e5c84	0x1e5c84	__DATA,__data	-	-	extern unsigned char DAT_001e5c84 asm("DAT_001e5c84");	0x00000000	data.s
DAT_001e5d14	0x1e5d14	__DATA,__data	-	-	extern unsigned char DAT_001e5d14 asm("DAT_001e5d14");	0x00000000	data.s
DAT_001e5da4	0x1e5da4	__DATA,__data	-	-	extern unsigned char DAT_001e5da4 asm("DAT_001e5da4");	0x00000000	data.s
DAT_001e5e34	0x1e5e34	__DATA,__data	-	-	extern unsigned char DAT_001e5e34 asm("DAT_001e5e34");	0x00000000	data.s
DAT_001e5ec4	0x1e5ec4	__DATA,__data	-	-	extern unsigned char DAT_001e5ec4 asm("DAT_001e5ec4");	0x00000000	data.s
DAT_001e5f54	0x1e5f54	__DATA,__data	-	-	extern unsigned char DAT_001e5f54 asm("DAT_001e5f54");	0x00000000	data.s
DAT_001e6014	0x1e6014	__DATA,__data	-	-	extern unsigned char DAT_001e6014 asm("DAT_001e6014");	0x00000000	data.s
DAT_001e60a4	0x1e60a4	__DATA,__data	-	-	extern unsigned char DAT_001e60a4 asm("DAT_001e60a4");	0x00000000	data.s
DAT_001e6134	0x1e6134	__DATA,__data	undefined4	4	extern unsigned int DAT_001e6134 asm("DAT_001e6134");	0x00000001	data.s
DAT_001e6158	0x1e6158	__DATA,__data	undefined4	4	extern unsigned char DAT_001e6158[] asm("DAT_001e6158");	0x00000004	data.s
DAT_001e6170	0x1e6170	__DATA,__data	-	-	extern unsigned char DAT_001e6170 asm("DAT_001e6170");	0x00000000	data.s
DAT_001e6188	0x1e6188	__DATA,__data	-	-	extern unsigned char DAT_001e6188 asm("DAT_001e6188");	0x00000000	data.s
DAT_001e61a0	0x1e61a0	__DATA,__data	undefined4	4	extern unsigned char DAT_001e61a0[] asm("DAT_001e61a0");	0x00000004	data.s
DAT_001e61b8	0x1e61b8	__DATA,__data	-	-	extern unsigned char DAT_001e61b8 asm("DAT_001e61b8");	0x00000000	data.s
DAT_001e61d0	0x1e61d0	__DATA,__data	undefined4	4	extern unsigned char DAT_001e61d0[] asm("DAT_001e61d0");	0x00000004	data.s
DAT_001e61e8	0x1e61e8	__DATA,__data	-	-	extern unsigned char DAT_001e61e8 asm("DAT_001e61e8");	0x00000000	data.s
DAT_001e6668	0x1e6668	__DATA,__data	-	-	extern unsigned char DAT_001e6668 asm("DAT_001e6668");	0xffffffff	data.s
DAT_001e66cc	0x1e66cc	__DATA,__data	-	-	extern unsigned char DAT_001e66cc asm("DAT_001e66cc");	0x00000000	data.s
DAT_001e6730	0x1e6730	__DATA,__data	-	-	extern unsigned char DAT_001e6730 asm("DAT_001e6730");	0x00000000	data.s
DAT_001e8740	0x1e8740	__DATA,__dyld	undefined4	4	extern int (*DAT_001e8740)() asm("DAT_001e8740");	0x8fe01000	unused (referenced only by dropped toolchain code)
DAT_001e8744	0x1e8744	__DATA,__dyld	undefined4	4	extern int (*DAT_001e8744)() asm("DAT_001e8744");	0x8fe01008	unused (referenced only by dropped toolchain code)
PTR_FUN_001e8754	0x1e8754	__DATA,__la_symbol_ptr	pointer	4	extern int (*PTR_FUN_001e8754)() asm("PTR_FUN_001e8754");	pointer -> _free	data.s
PTR_FUN_001e876c	0x1e876c	__DATA,__la_symbol_ptr	pointer	4	extern int (*PTR_FUN_001e876c)() asm("PTR_FUN_001e876c");	pointer -> _memset	data.s
PTR_001e88a4	0x1e88a4	__DATA,__nl_symbol_ptr	pointer	4	extern unsigned char *PTR_001e88a4 asm("PTR_001e88a4");	pointer -> ___keymgr_global	data.s
PTR_001e88a8	0x1e88a8	__DATA,__nl_symbol_ptr	pointer	4	extern unsigned char *PTR_001e88a8 asm("PTR_001e88a8");	pointer -> 0x0	data.s
PTR_DAT_001e88ac	0x1e88ac	__DATA,__nl_symbol_ptr	pointer	4	extern unsigned char *PTR_DAT_001e88ac asm("PTR_DAT_001e88ac");	pointer -> LD_1fc6e0	data.s
PTR_001e88b0	0x1e88b0	__DATA,__nl_symbol_ptr	pointer	4	extern unsigned char *PTR_001e88b0 asm("PTR_001e88b0");	pointer -> __cpu_capabilities	data.s
PTR_001e88b4	0x1e88b4	__DATA,__nl_symbol_ptr	pointer	4	extern unsigned char *PTR_001e88b4 asm("PTR_001e88b4");	pointer -> _mach_task_self_	data.s
PTR_001e88b8	0x1e88b8	__DATA,__nl_symbol_ptr	pointer	4	extern unsigned char *PTR_001e88b8 asm("PTR_001e88b8");	pointer -> _kCFCopyStringDictionaryKeyCallBacks	data.s
PTR_001e88bc	0x1e88bc	__DATA,__nl_symbol_ptr	pointer	4	extern unsigned char *PTR_001e88bc asm("PTR_001e88bc");	pointer -> _kCFTypeDictionaryValueCallBacks	data.s
PTR_001e88c0	0x1e88c0	__DATA,__nl_symbol_ptr	pointer	4	extern unsigned char *PTR_001e88c0 asm("PTR_001e88c0");	pointer -> _kCFAllocatorDefault	data.s
PTR_FUN_001e88c4	0x1e88c4	__DATA,__nl_symbol_ptr	pointer	4	extern unsigned char *PTR_FUN_001e88c4 asm("PTR_FUN_001e88c4");	pointer -> FUN_00020420	data.s
PTR_DAT_001e88c8	0x1e88c8	__DATA,__nl_symbol_ptr	pointer	4	extern unsigned char *PTR_DAT_001e88c8 asm("PTR_DAT_001e88c8");	pointer -> LD_1d9f34	data.s
PTR_DAT_001e88cc	0x1e88cc	__DATA,__nl_symbol_ptr	pointer	4	extern unsigned char *PTR_DAT_001e88cc asm("PTR_DAT_001e88cc");	pointer -> LD_1fc798	data.s
PTR_DAT_001e88d0	0x1e88d0	__DATA,__nl_symbol_ptr	pointer	4	extern unsigned char *PTR_DAT_001e88d0 asm("PTR_DAT_001e88d0");	pointer -> LD_1da90c	data.s
PTR_FUN_001e88d4	0x1e88d4	__DATA,__nl_symbol_ptr	pointer	4	extern unsigned char *PTR_FUN_001e88d4 asm("PTR_FUN_001e88d4");	pointer -> FUN_000248f0	data.s
PTR_FUN_001e88d8	0x1e88d8	__DATA,__nl_symbol_ptr	pointer	4	extern unsigned char *PTR_FUN_001e88d8 asm("PTR_FUN_001e88d8");	pointer -> FUN_0001e270	data.s
PTR_FUN_001e88dc	0x1e88dc	__DATA,__nl_symbol_ptr	pointer	4	extern unsigned char *PTR_FUN_001e88dc asm("PTR_FUN_001e88dc");	pointer -> FUN_00016670	data.s
PTR_FUN_001e88e0	0x1e88e0	__DATA,__nl_symbol_ptr	pointer	4	extern unsigned char *PTR_FUN_001e88e0 asm("PTR_FUN_001e88e0");	pointer -> FUN_00024370	data.s
PTR_FUN_001e88e4	0x1e88e4	__DATA,__nl_symbol_ptr	pointer	4	extern unsigned char *PTR_FUN_001e88e4 asm("PTR_FUN_001e88e4");	pointer -> FUN_00024470	data.s
PTR_FUN_001e88e8	0x1e88e8	__DATA,__nl_symbol_ptr	pointer	4	extern unsigned char *PTR_FUN_001e88e8 asm("PTR_FUN_001e88e8");	pointer -> FUN_000273a0	data.s
PTR_FUN_001e88ec	0x1e88ec	__DATA,__nl_symbol_ptr	pointer	4	extern unsigned char *PTR_FUN_001e88ec asm("PTR_FUN_001e88ec");	pointer -> FUN_0003aba0	data.s
PTR_FUN_001e88f0	0x1e88f0	__DATA,__nl_symbol_ptr	pointer	4	extern unsigned char *PTR_FUN_001e88f0 asm("PTR_FUN_001e88f0");	pointer -> FUN_00034200	data.s
PTR_FUN_001e88f4	0x1e88f4	__DATA,__nl_symbol_ptr	pointer	4	extern unsigned char *PTR_FUN_001e88f4 asm("PTR_FUN_001e88f4");	pointer -> FUN_00039a60	data.s
PTR_FUN_001e88f8	0x1e88f8	__DATA,__nl_symbol_ptr	pointer	4	extern unsigned char *PTR_FUN_001e88f8 asm("PTR_FUN_001e88f8");	pointer -> FUN_000246f0	data.s
PTR_FUN_001e88fc	0x1e88fc	__DATA,__nl_symbol_ptr	pointer	4	extern unsigned char *PTR_FUN_001e88fc asm("PTR_FUN_001e88fc");	pointer -> FUN_000369f0	data.s
PTR_FUN_001e8900	0x1e8900	__DATA,__nl_symbol_ptr	pointer	4	extern unsigned char *PTR_FUN_001e8900 asm("PTR_FUN_001e8900");	pointer -> FUN_000199a0	data.s
PTR_LAB_001e8904	0x1e8904	__DATA,__nl_symbol_ptr	pointer	4	extern unsigned char *PTR_LAB_001e8904 asm("PTR_LAB_001e8904");	pointer -> 0x2bbc0	data.s
PTR_FUN_001e8908	0x1e8908	__DATA,__nl_symbol_ptr	pointer	4	extern unsigned char *PTR_FUN_001e8908 asm("PTR_FUN_001e8908");	pointer -> FUN_0003ae80	data.s
PTR_FUN_001e890c	0x1e890c	__DATA,__nl_symbol_ptr	pointer	4	extern unsigned char *PTR_FUN_001e890c asm("PTR_FUN_001e890c");	pointer -> FUN_000353a0	data.s
PTR_FUN_001e8910	0x1e8910	__DATA,__nl_symbol_ptr	pointer	4	extern unsigned char *PTR_FUN_001e8910 asm("PTR_FUN_001e8910");	pointer -> FUN_00024770	data.s
PTR_FUN_001e8914	0x1e8914	__DATA,__nl_symbol_ptr	pointer	4	extern unsigned char *PTR_FUN_001e8914 asm("PTR_FUN_001e8914");	pointer -> FUN_00024570	data.s
PTR_FUN_001e8918	0x1e8918	__DATA,__nl_symbol_ptr	pointer	4	extern unsigned char *PTR_FUN_001e8918 asm("PTR_FUN_001e8918");	pointer -> FUN_0003a8c0	data.s
PTR_FUN_001e891c	0x1e891c	__DATA,__nl_symbol_ptr	pointer	4	extern unsigned char *PTR_FUN_001e891c asm("PTR_FUN_001e891c");	pointer -> FUN_00024870	data.s
PTR_FUN_001e8920	0x1e8920	__DATA,__nl_symbol_ptr	pointer	4	extern unsigned char *PTR_FUN_001e8920 asm("PTR_FUN_001e8920");	pointer -> FUN_00026bf0	data.s
PTR_FUN_001e8924	0x1e8924	__DATA,__nl_symbol_ptr	pointer	4	extern unsigned char *PTR_FUN_001e8924 asm("PTR_FUN_001e8924");	pointer -> FUN_00039610	data.s
PTR_FUN_001e8928	0x1e8928	__DATA,__nl_symbol_ptr	pointer	4	extern unsigned char *PTR_FUN_001e8928 asm("PTR_FUN_001e8928");	pointer -> FUN_00024970	data.s
PTR_FUN_001e892c	0x1e892c	__DATA,__nl_symbol_ptr	pointer	4	extern unsigned char *PTR_FUN_001e892c asm("PTR_FUN_001e892c");	pointer -> FUN_0003a020	data.s
PTR_FUN_001e8930	0x1e8930	__DATA,__nl_symbol_ptr	pointer	4	extern unsigned char *PTR_FUN_001e8930 asm("PTR_FUN_001e8930");	pointer -> FUN_00039330	data.s
PTR_FUN_001e8934	0x1e8934	__DATA,__nl_symbol_ptr	pointer	4	extern unsigned char *PTR_FUN_001e8934 asm("PTR_FUN_001e8934");	pointer -> FUN_0001a280	data.s
PTR_FUN_001e8938	0x1e8938	__DATA,__nl_symbol_ptr	pointer	4	extern unsigned char *PTR_FUN_001e8938 asm("PTR_FUN_001e8938");	pointer -> FUN_0001a9d0	data.s
PTR_FUN_001e893c	0x1e893c	__DATA,__nl_symbol_ptr	pointer	4	extern unsigned char *PTR_FUN_001e893c asm("PTR_FUN_001e893c");	pointer -> FUN_000244f0	data.s
PTR_FUN_001e8940	0x1e8940	__DATA,__nl_symbol_ptr	pointer	4	extern unsigned char *PTR_FUN_001e8940 asm("PTR_FUN_001e8940");	pointer -> FUN_000242f0	data.s
PTR_FUN_001e8944	0x1e8944	__DATA,__nl_symbol_ptr	pointer	4	extern unsigned char *PTR_FUN_001e8944 asm("PTR_FUN_001e8944");	pointer -> FUN_00024670	data.s
PTR_FUN_001e8948	0x1e8948	__DATA,__nl_symbol_ptr	pointer	4	extern unsigned char *PTR_FUN_001e8948 asm("PTR_FUN_001e8948");	pointer -> FUN_0001a4e0	data.s
PTR_FUN_001e894c	0x1e894c	__DATA,__nl_symbol_ptr	pointer	4	extern unsigned char *PTR_FUN_001e894c asm("PTR_FUN_001e894c");	pointer -> FUN_000243f0	data.s
PTR_FUN_001e8950	0x1e8950	__DATA,__nl_symbol_ptr	pointer	4	extern unsigned char *PTR_FUN_001e8950 asm("PTR_FUN_001e8950");	pointer -> FUN_00002ae0	data.s
PTR_FUN_001e8954	0x1e8954	__DATA,__nl_symbol_ptr	pointer	4	extern unsigned char *PTR_FUN_001e8954 asm("PTR_FUN_001e8954");	pointer -> FUN_0003a5e0	data.s
PTR_FUN_001e8958	0x1e8958	__DATA,__nl_symbol_ptr	pointer	4	extern unsigned char *PTR_FUN_001e8958 asm("PTR_FUN_001e8958");	pointer -> FUN_00020330	data.s
PTR_FUN_001e895c	0x1e895c	__DATA,__nl_symbol_ptr	pointer	4	extern unsigned char *PTR_FUN_001e895c asm("PTR_FUN_001e895c");	pointer -> FUN_000245f0	data.s
PTR_FUN_001e8960	0x1e8960	__DATA,__nl_symbol_ptr	pointer	4	extern unsigned char *PTR_FUN_001e8960 asm("PTR_FUN_001e8960");	pointer -> FUN_00039d40	data.s
PTR_FUN_001e8964	0x1e8964	__DATA,__nl_symbol_ptr	pointer	4	extern unsigned char *PTR_FUN_001e8964 asm("PTR_FUN_001e8964");	pointer -> FUN_0001a670	data.s
PTR_FUN_001e8968	0x1e8968	__DATA,__nl_symbol_ptr	pointer	4	extern unsigned char *PTR_FUN_001e8968 asm("PTR_FUN_001e8968");	pointer -> FUN_0003a300	data.s
PTR_FUN_001e896c	0x1e896c	__DATA,__nl_symbol_ptr	pointer	4	extern unsigned char *PTR_FUN_001e896c asm("PTR_FUN_001e896c");	pointer -> FUN_0002b740	data.s
PTR_FUN_001e8970	0x1e8970	__DATA,__nl_symbol_ptr	pointer	4	extern unsigned char *PTR_FUN_001e8970 asm("PTR_FUN_001e8970");	pointer -> FUN_00027150	data.s
PTR_FUN_001e8974	0x1e8974	__DATA,__nl_symbol_ptr	pointer	4	extern unsigned char *PTR_FUN_001e8974 asm("PTR_FUN_001e8974");	pointer -> FUN_00026f80	data.s
PTR__gldFinish_001e8978	0x1e8978	__DATA,__nl_symbol_ptr	pointer	4	extern unsigned char *PTR__gldFinish_001e8978 asm("PTR__gldFinish_001e8978");	pointer -> _gldFinish	data.s
PTR__gldFlush_001e897c	0x1e897c	__DATA,__nl_symbol_ptr	pointer	4	extern unsigned char *PTR__gldFlush_001e897c asm("PTR__gldFlush_001e897c");	pointer -> _gldFlush	data.s
PTR_FUN_001e8980	0x1e8980	__DATA,__nl_symbol_ptr	pointer	4	extern unsigned char *PTR_FUN_001e8980 asm("PTR_FUN_001e8980");	pointer -> FUN_0001a750	data.s
PTR_FUN_001e8984	0x1e8984	__DATA,__nl_symbol_ptr	pointer	4	extern unsigned char *PTR_FUN_001e8984 asm("PTR_FUN_001e8984");	pointer -> FUN_0001ecd0	data.s
PTR_FUN_001e8988	0x1e8988	__DATA,__nl_symbol_ptr	pointer	4	extern unsigned char *PTR_FUN_001e8988 asm("PTR_FUN_001e8988");	pointer -> FUN_00018120	data.s
PTR_FUN_001e898c	0x1e898c	__DATA,__nl_symbol_ptr	pointer	4	extern unsigned char *PTR_FUN_001e898c asm("PTR_FUN_001e898c");	pointer -> FUN_00029290	data.s
PTR_FUN_001e8990	0x1e8990	__DATA,__nl_symbol_ptr	pointer	4	extern unsigned char *PTR_FUN_001e8990 asm("PTR_FUN_001e8990");	pointer -> FUN_000247f0	data.s
PTR_DAT_001e8994	0x1e8994	__DATA,__nl_symbol_ptr	pointer	4	extern unsigned char *PTR_DAT_001e8994 asm("PTR_DAT_001e8994");	pointer -> LD_1fc7a0	data.s
PTR_DAT_001e8998	0x1e8998	__DATA,__nl_symbol_ptr	pointer	4	extern unsigned char *PTR_DAT_001e8998 asm("PTR_DAT_001e8998");	pointer -> LD_1da65c	data.s
PTR_DAT_001e899c	0x1e899c	__DATA,__nl_symbol_ptr	pointer	4	extern unsigned char *PTR_DAT_001e899c asm("PTR_DAT_001e899c");	pointer -> LD_1da6d0	data.s
PTR_FUN_001e89a0	0x1e89a0	__DATA,__nl_symbol_ptr	pointer	4	extern unsigned char *PTR_FUN_001e89a0 asm("PTR_FUN_001e89a0");	pointer -> FUN_00070c50	data.s
PTR_FUN_001e89a4	0x1e89a4	__DATA,__nl_symbol_ptr	pointer	4	extern unsigned char *PTR_FUN_001e89a4 asm("PTR_FUN_001e89a4");	pointer -> FUN_00064a10	data.s
PTR_FUN_001e89a8	0x1e89a8	__DATA,__nl_symbol_ptr	pointer	4	extern unsigned char *PTR_FUN_001e89a8 asm("PTR_FUN_001e89a8");	pointer -> FUN_0007dde0	data.s
PTR_FUN_001e89ac	0x1e89ac	__DATA,__nl_symbol_ptr	pointer	4	extern unsigned char *PTR_FUN_001e89ac asm("PTR_FUN_001e89ac");	pointer -> FUN_00077430	data.s
PTR_FUN_001e89b0	0x1e89b0	__DATA,__nl_symbol_ptr	pointer	4	extern unsigned char *PTR_FUN_001e89b0 asm("PTR_FUN_001e89b0");	pointer -> FUN_00077030	data.s
PTR_FUN_001e89b4	0x1e89b4	__DATA,__nl_symbol_ptr	pointer	4	extern unsigned char *PTR_FUN_001e89b4 asm("PTR_FUN_001e89b4");	pointer -> FUN_0005f810	data.s
PTR_FUN_001e89b8	0x1e89b8	__DATA,__nl_symbol_ptr	pointer	4	extern unsigned char *PTR_FUN_001e89b8 asm("PTR_FUN_001e89b8");	pointer -> FUN_00062510	data.s
PTR_FUN_001e89bc	0x1e89bc	__DATA,__nl_symbol_ptr	pointer	4	extern unsigned char *PTR_FUN_001e89bc asm("PTR_FUN_001e89bc");	pointer -> FUN_00076fe0	data.s
PTR_FUN_001e89c0	0x1e89c0	__DATA,__nl_symbol_ptr	pointer	4	extern unsigned char *PTR_FUN_001e89c0 asm("PTR_FUN_001e89c0");	pointer -> FUN_000768e0	data.s
PTR_FUN_001e89c4	0x1e89c4	__DATA,__nl_symbol_ptr	pointer	4	extern unsigned char *PTR_FUN_001e89c4 asm("PTR_FUN_001e89c4");	pointer -> FUN_00062410	data.s
PTR_FUN_001e89c8	0x1e89c8	__DATA,__nl_symbol_ptr	pointer	4	extern unsigned char *PTR_FUN_001e89c8 asm("PTR_FUN_001e89c8");	pointer -> FUN_00062570	data.s
PTR_LAB_001e89cc	0x1e89cc	__DATA,__nl_symbol_ptr	pointer	4	extern unsigned char *PTR_LAB_001e89cc asm("PTR_LAB_001e89cc");	pointer -> 0x627e0	data.s
PTR_FUN_001e89d0	0x1e89d0	__DATA,__nl_symbol_ptr	pointer	4	extern unsigned char *PTR_FUN_001e89d0 asm("PTR_FUN_001e89d0");	pointer -> FUN_00077090	data.s
PTR_LAB_001e89d4	0x1e89d4	__DATA,__nl_symbol_ptr	pointer	4	extern unsigned char *PTR_LAB_001e89d4 asm("PTR_LAB_001e89d4");	pointer -> 0x772f0	data.s
PTR_FUN_001e89d8	0x1e89d8	__DATA,__nl_symbol_ptr	pointer	4	extern unsigned char *PTR_FUN_001e89d8 asm("PTR_FUN_001e89d8");	pointer -> FUN_000623e0	data.s
PTR_FUN_001e89dc	0x1e89dc	__DATA,__nl_symbol_ptr	pointer	4	extern unsigned char *PTR_FUN_001e89dc asm("PTR_FUN_001e89dc");	pointer -> FUN_00070c60	data.s
PTR_FUN_001e89e0	0x1e89e0	__DATA,__nl_symbol_ptr	pointer	4	extern unsigned char *PTR_FUN_001e89e0 asm("PTR_FUN_001e89e0");	pointer -> FUN_00062940	data.s
PTR_FUN_001e89e4	0x1e89e4	__DATA,__nl_symbol_ptr	pointer	4	extern unsigned char *PTR_FUN_001e89e4 asm("PTR_FUN_001e89e4");	pointer -> FUN_00071bc0	data.s
PTR_FUN_001e89e8	0x1e89e8	__DATA,__nl_symbol_ptr	pointer	4	extern unsigned char *PTR_FUN_001e89e8 asm("PTR_FUN_001e89e8");	pointer -> FUN_0005f540	data.s
PTR_FUN_001e89ec	0x1e89ec	__DATA,__nl_symbol_ptr	pointer	4	extern unsigned char *PTR_FUN_001e89ec asm("PTR_FUN_001e89ec");	pointer -> FUN_00064850	data.s
PTR_FUN_001e89f0	0x1e89f0	__DATA,__nl_symbol_ptr	pointer	4	extern unsigned char *PTR_FUN_001e89f0 asm("PTR_FUN_001e89f0");	pointer -> FUN_000b3630	data.s
PTR_FUN_001e89f4	0x1e89f4	__DATA,__nl_symbol_ptr	pointer	4	extern unsigned char *PTR_FUN_001e89f4 asm("PTR_FUN_001e89f4");	pointer -> FUN_0004c560	data.s
PTR_FUN_001e89f8	0x1e89f8	__DATA,__nl_symbol_ptr	pointer	4	extern unsigned char *PTR_FUN_001e89f8 asm("PTR_FUN_001e89f8");	pointer -> FUN_000864e0	data.s
PTR_FUN_001e89fc	0x1e89fc	__DATA,__nl_symbol_ptr	pointer	4	extern unsigned char *PTR_FUN_001e89fc asm("PTR_FUN_001e89fc");	pointer -> FUN_00087960	data.s
PTR_FUN_001e8a00	0x1e8a00	__DATA,__nl_symbol_ptr	pointer	4	extern unsigned char *PTR_FUN_001e8a00 asm("PTR_FUN_001e8a00");	pointer -> FUN_00085f50	data.s
PTR_FUN_001e8a04	0x1e8a04	__DATA,__nl_symbol_ptr	pointer	4	extern unsigned char *PTR_FUN_001e8a04 asm("PTR_FUN_001e8a04");	pointer -> FUN_0004c720	data.s
PTR_FUN_001e8a08	0x1e8a08	__DATA,__nl_symbol_ptr	pointer	4	extern unsigned char *PTR_FUN_001e8a08 asm("PTR_FUN_001e8a08");	pointer -> FUN_000b5f40	data.s
PTR_FUN_001e8a0c	0x1e8a0c	__DATA,__nl_symbol_ptr	pointer	4	extern unsigned char *PTR_FUN_001e8a0c asm("PTR_FUN_001e8a0c");	pointer -> FUN_00069330	data.s
PTR_FUN_001e8a10	0x1e8a10	__DATA,__nl_symbol_ptr	pointer	4	extern unsigned char *PTR_FUN_001e8a10 asm("PTR_FUN_001e8a10");	pointer -> FUN_00065ea0	data.s
PTR_FUN_001e8a14	0x1e8a14	__DATA,__nl_symbol_ptr	pointer	4	extern unsigned char *PTR_FUN_001e8a14 asm("PTR_FUN_001e8a14");	pointer -> FUN_00082c50	data.s
PTR_FUN_001e8a18	0x1e8a18	__DATA,__nl_symbol_ptr	pointer	4	extern unsigned char *PTR_FUN_001e8a18 asm("PTR_FUN_001e8a18");	pointer -> FUN_00062370	data.s
PTR_FUN_001e8a1c	0x1e8a1c	__DATA,__nl_symbol_ptr	pointer	4	extern unsigned char *PTR_FUN_001e8a1c asm("PTR_FUN_001e8a1c");	pointer -> FUN_00085810	data.s
PTR_FUN_001e8a20	0x1e8a20	__DATA,__nl_symbol_ptr	pointer	4	extern unsigned char *PTR_FUN_001e8a20 asm("PTR_FUN_001e8a20");	pointer -> FUN_0008fb70	data.s
PTR_FUN_001e8a24	0x1e8a24	__DATA,__nl_symbol_ptr	pointer	4	extern unsigned char *PTR_FUN_001e8a24 asm("PTR_FUN_001e8a24");	pointer -> FUN_000855e0	data.s
PTR_FUN_001e8a28	0x1e8a28	__DATA,__nl_symbol_ptr	pointer	4	extern unsigned char *PTR_FUN_001e8a28 asm("PTR_FUN_001e8a28");	pointer -> FUN_000853b0	data.s
PTR_FUN_001e8a2c	0x1e8a2c	__DATA,__nl_symbol_ptr	pointer	4	extern unsigned char *PTR_FUN_001e8a2c asm("PTR_FUN_001e8a2c");	pointer -> FUN_000b57a0	data.s
PTR_FUN_001e8a30	0x1e8a30	__DATA,__nl_symbol_ptr	pointer	4	extern unsigned char *PTR_FUN_001e8a30 asm("PTR_FUN_001e8a30");	pointer -> FUN_00084940	data.s
PTR_FUN_001e8a34	0x1e8a34	__DATA,__nl_symbol_ptr	pointer	4	extern unsigned char *PTR_FUN_001e8a34 asm("PTR_FUN_001e8a34");	pointer -> FUN_00085bf0	data.s
PTR_FUN_001e8a38	0x1e8a38	__DATA,__nl_symbol_ptr	pointer	4	extern unsigned char *PTR_FUN_001e8a38 asm("PTR_FUN_001e8a38");	pointer -> FUN_00065610	data.s
PTR_001e8a3c	0x1e8a3c	__DATA,__nl_symbol_ptr	pointer	4	extern unsigned char *PTR_001e8a3c asm("PTR_001e8a3c");	pointer -> _free	data.s
PTR_FUN_001e8a40	0x1e8a40	__DATA,__nl_symbol_ptr	pointer	4	extern unsigned char *PTR_FUN_001e8a40 asm("PTR_FUN_001e8a40");	pointer -> FUN_0006aba0	data.s
PTR_FUN_001e8a44	0x1e8a44	__DATA,__nl_symbol_ptr	pointer	4	extern unsigned char *PTR_FUN_001e8a44 asm("PTR_FUN_001e8a44");	pointer -> FUN_00090470	data.s
PTR_FUN_001e8a48	0x1e8a48	__DATA,__nl_symbol_ptr	pointer	4	extern unsigned char *PTR_FUN_001e8a48 asm("PTR_FUN_001e8a48");	pointer -> FUN_000640f0	data.s
PTR_FUN_001e8a4c	0x1e8a4c	__DATA,__nl_symbol_ptr	pointer	4	extern unsigned char *PTR_FUN_001e8a4c asm("PTR_FUN_001e8a4c");	pointer -> FUN_000840d0	data.s
PTR_FUN_001e8a50	0x1e8a50	__DATA,__nl_symbol_ptr	pointer	4	extern unsigned char *PTR_FUN_001e8a50 asm("PTR_FUN_001e8a50");	pointer -> FUN_000659d0	data.s
PTR_FUN_001e8a54	0x1e8a54	__DATA,__nl_symbol_ptr	pointer	4	extern unsigned char *PTR_FUN_001e8a54 asm("PTR_FUN_001e8a54");	pointer -> FUN_0006c7c0	data.s
PTR_001e8a58	0x1e8a58	__DATA,__nl_symbol_ptr	pointer	4	extern unsigned char *PTR_001e8a58 asm("PTR_001e8a58");	pointer -> _realloc	data.s
PTR_FUN_001e8a5c	0x1e8a5c	__DATA,__nl_symbol_ptr	pointer	4	extern unsigned char *PTR_FUN_001e8a5c asm("PTR_FUN_001e8a5c");	pointer -> FUN_00084ec0	data.s
PTR_FUN_001e8a60	0x1e8a60	__DATA,__nl_symbol_ptr	pointer	4	extern unsigned char *PTR_FUN_001e8a60 asm("PTR_FUN_001e8a60");	pointer -> FUN_00062af0	data.s
PTR_FUN_001e8a64	0x1e8a64	__DATA,__nl_symbol_ptr	pointer	4	extern unsigned char *PTR_FUN_001e8a64 asm("PTR_FUN_001e8a64");	pointer -> FUN_00066640	data.s
PTR_FUN_001e8a68	0x1e8a68	__DATA,__nl_symbol_ptr	pointer	4	extern unsigned char *PTR_FUN_001e8a68 asm("PTR_FUN_001e8a68");	pointer -> FUN_000afe40	data.s
PTR_FUN_001e8a6c	0x1e8a6c	__DATA,__nl_symbol_ptr	pointer	4	extern unsigned char *PTR_FUN_001e8a6c asm("PTR_FUN_001e8a6c");	pointer -> FUN_000879e0	data.s
PTR_FUN_001e8a70	0x1e8a70	__DATA,__nl_symbol_ptr	pointer	4	extern unsigned char *PTR_FUN_001e8a70 asm("PTR_FUN_001e8a70");	pointer -> FUN_000837b0	data.s
PTR_FUN_001e8a74	0x1e8a74	__DATA,__nl_symbol_ptr	pointer	4	extern unsigned char *PTR_FUN_001e8a74 asm("PTR_FUN_001e8a74");	pointer -> FUN_00066b80	data.s
PTR_FUN_001e8a78	0x1e8a78	__DATA,__nl_symbol_ptr	pointer	4	extern unsigned char *PTR_FUN_001e8a78 asm("PTR_FUN_001e8a78");	pointer -> FUN_00085a40	data.s
PTR_FUN_001e8a7c	0x1e8a7c	__DATA,__nl_symbol_ptr	pointer	4	extern unsigned char *PTR_FUN_001e8a7c asm("PTR_FUN_001e8a7c");	pointer -> FUN_000684c0	data.s
PTR_FUN_001e8a80	0x1e8a80	__DATA,__nl_symbol_ptr	pointer	4	extern unsigned char *PTR_FUN_001e8a80 asm("PTR_FUN_001e8a80");	pointer -> FUN_00084710	data.s
PTR_FUN_001e8a84	0x1e8a84	__DATA,__nl_symbol_ptr	pointer	4	extern unsigned char *PTR_FUN_001e8a84 asm("PTR_FUN_001e8a84");	pointer -> FUN_00082f60	data.s
PTR_FUN_001e8a88	0x1e8a88	__DATA,__nl_symbol_ptr	pointer	4	extern unsigned char *PTR_FUN_001e8a88 asm("PTR_FUN_001e8a88");	pointer -> FUN_00087cd0	data.s
PTR_FUN_001e8a8c	0x1e8a8c	__DATA,__nl_symbol_ptr	pointer	4	extern unsigned char *PTR_FUN_001e8a8c asm("PTR_FUN_001e8a8c");	pointer -> FUN_00086100	data.s
PTR_FUN_001e8a90	0x1e8a90	__DATA,__nl_symbol_ptr	pointer	4	extern unsigned char *PTR_FUN_001e8a90 asm("PTR_FUN_001e8a90");	pointer -> FUN_00085180	data.s
PTR_FUN_001e8a94	0x1e8a94	__DATA,__nl_symbol_ptr	pointer	4	extern unsigned char *PTR_FUN_001e8a94 asm("PTR_FUN_001e8a94");	pointer -> FUN_0006dcc0	data.s
PTR_FUN_001e8a98	0x1e8a98	__DATA,__nl_symbol_ptr	pointer	4	extern unsigned char *PTR_FUN_001e8a98 asm("PTR_FUN_001e8a98");	pointer -> FUN_0006c280	data.s
PTR_FUN_001e8a9c	0x1e8a9c	__DATA,__nl_symbol_ptr	pointer	4	extern unsigned char *PTR_FUN_001e8a9c asm("PTR_FUN_001e8a9c");	pointer -> FUN_0006cd00	data.s
PTR_FUN_001e8aa0	0x1e8aa0	__DATA,__nl_symbol_ptr	pointer	4	extern unsigned char *PTR_FUN_001e8aa0 asm("PTR_FUN_001e8aa0");	pointer -> FUN_000b5ba0	data.s
PTR_001e8aa4	0x1e8aa4	__DATA,__nl_symbol_ptr	pointer	4	extern unsigned char *PTR_001e8aa4 asm("PTR_001e8aa4");	pointer -> _memcpy	data.s
PTR_FUN_001e8aa8	0x1e8aa8	__DATA,__nl_symbol_ptr	pointer	4	extern unsigned char *PTR_FUN_001e8aa8 asm("PTR_FUN_001e8aa8");	pointer -> FUN_0002be60	data.s
PTR_FUN_001e8aac	0x1e8aac	__DATA,__nl_symbol_ptr	pointer	4	extern unsigned char *PTR_FUN_001e8aac asm("PTR_FUN_001e8aac");	pointer -> FUN_00065c80	data.s
PTR_FUN_001e8ab0	0x1e8ab0	__DATA,__nl_symbol_ptr	pointer	4	extern unsigned char *PTR_FUN_001e8ab0 asm("PTR_FUN_001e8ab0");	pointer -> FUN_0002be00	data.s
PTR_FUN_001e8ab4	0x1e8ab4	__DATA,__nl_symbol_ptr	pointer	4	extern unsigned char *PTR_FUN_001e8ab4 asm("PTR_FUN_001e8ab4");	pointer -> FUN_0006a400	data.s
PTR_FUN_001e8ab8	0x1e8ab8	__DATA,__nl_symbol_ptr	pointer	4	extern unsigned char *PTR_FUN_001e8ab8 asm("PTR_FUN_001e8ab8");	pointer -> FUN_0006d780	data.s
PTR_FUN_001e8abc	0x1e8abc	__DATA,__nl_symbol_ptr	pointer	4	extern unsigned char *PTR_FUN_001e8abc asm("PTR_FUN_001e8abc");	pointer -> FUN_00088190	data.s
PTR_FUN_001e8ac0	0x1e8ac0	__DATA,__nl_symbol_ptr	pointer	4	extern unsigned char *PTR_FUN_001e8ac0 asm("PTR_FUN_001e8ac0");	pointer -> FUN_00067320	data.s
PTR_FUN_001e8ac4	0x1e8ac4	__DATA,__nl_symbol_ptr	pointer	4	extern unsigned char *PTR_FUN_001e8ac4 asm("PTR_FUN_001e8ac4");	pointer -> FUN_0004dbe0	data.s
PTR_FUN_001e8ac8	0x1e8ac8	__DATA,__nl_symbol_ptr	pointer	4	extern unsigned char *PTR_FUN_001e8ac8 asm("PTR_FUN_001e8ac8");	pointer -> FUN_0004c540	data.s
PTR_FUN_001e8acc	0x1e8acc	__DATA,__nl_symbol_ptr	pointer	4	extern unsigned char *PTR_FUN_001e8acc asm("PTR_FUN_001e8acc");	pointer -> FUN_0004de30	data.s
PTR_FUN_001e8ad0	0x1e8ad0	__DATA,__nl_symbol_ptr	pointer	4	extern unsigned char *PTR_FUN_001e8ad0 asm("PTR_FUN_001e8ad0");	pointer -> FUN_00065c40	data.s
PTR_FUN_001e8ad4	0x1e8ad4	__DATA,__nl_symbol_ptr	pointer	4	extern unsigned char *PTR_FUN_001e8ad4 asm("PTR_FUN_001e8ad4");	pointer -> FUN_00083e10	data.s
PTR_FUN_001e8ad8	0x1e8ad8	__DATA,__nl_symbol_ptr	pointer	4	extern unsigned char *PTR_FUN_001e8ad8 asm("PTR_FUN_001e8ad8");	pointer -> FUN_0006e460	data.s
PTR_FUN_001e8adc	0x1e8adc	__DATA,__nl_symbol_ptr	pointer	4	extern unsigned char *PTR_FUN_001e8adc asm("PTR_FUN_001e8adc");	pointer -> FUN_0006b340	data.s
PTR_FUN_001e8ae0	0x1e8ae0	__DATA,__nl_symbol_ptr	pointer	4	extern unsigned char *PTR_FUN_001e8ae0 asm("PTR_FUN_001e8ae0");	pointer -> FUN_00087e80	data.s
PTR_DAT_001e8ae4	0x1e8ae4	__DATA,__nl_symbol_ptr	pointer	4	extern unsigned char *PTR_DAT_001e8ae4 asm("PTR_DAT_001e8ae4");	pointer -> orph_4c544+12	data.s
PTR_FUN_001e8ae8	0x1e8ae8	__DATA,__nl_symbol_ptr	pointer	4	extern unsigned char *PTR_FUN_001e8ae8 asm("PTR_FUN_001e8ae8");	pointer -> FUN_00087e60	data.s
PTR_FUN_001e8aec	0x1e8aec	__DATA,__nl_symbol_ptr	pointer	4	extern unsigned char *PTR_FUN_001e8aec asm("PTR_FUN_001e8aec");	pointer -> FUN_00084c00	data.s
PTR_FUN_001e8af0	0x1e8af0	__DATA,__nl_symbol_ptr	pointer	4	extern unsigned char *PTR_FUN_001e8af0 asm("PTR_FUN_001e8af0");	pointer -> FUN_00067ac0	data.s
PTR_FUN_001e8af4	0x1e8af4	__DATA,__nl_symbol_ptr	pointer	4	extern unsigned char *PTR_FUN_001e8af4 asm("PTR_FUN_001e8af4");	pointer -> FUN_00064230	data.s
PTR_FUN_001e8af8	0x1e8af8	__DATA,__nl_symbol_ptr	pointer	4	extern unsigned char *PTR_FUN_001e8af8 asm("PTR_FUN_001e8af8");	pointer -> FUN_00084300	data.s
PTR_FUN_001e8afc	0x1e8afc	__DATA,__nl_symbol_ptr	pointer	4	extern unsigned char *PTR_FUN_001e8afc asm("PTR_FUN_001e8afc");	pointer -> FUN_00087da0	data.s
PTR_FUN_001e8b00	0x1e8b00	__DATA,__nl_symbol_ptr	pointer	4	extern unsigned char *PTR_FUN_001e8b00 asm("PTR_FUN_001e8b00");	pointer -> FUN_000b5bd0	data.s
PTR_FUN_001e8b04	0x1e8b04	__DATA,__nl_symbol_ptr	pointer	4	extern unsigned char *PTR_FUN_001e8b04 asm("PTR_FUN_001e8b04");	pointer -> FUN_0006d240	data.s
PTR_FUN_001e8b08	0x1e8b08	__DATA,__nl_symbol_ptr	pointer	4	extern unsigned char *PTR_FUN_001e8b08 asm("PTR_FUN_001e8b08");	pointer -> FUN_00065c90	data.s
PTR_FUN_001e8b0c	0x1e8b0c	__DATA,__nl_symbol_ptr	pointer	4	extern unsigned char *PTR_FUN_001e8b0c asm("PTR_FUN_001e8b0c");	pointer -> FUN_00083870	data.s
PTR_FUN_001e8b10	0x1e8b10	__DATA,__nl_symbol_ptr	pointer	4	extern unsigned char *PTR_FUN_001e8b10 asm("PTR_FUN_001e8b10");	pointer -> FUN_0006bae0	data.s
PTR_001e8b14	0x1e8b14	__DATA,__nl_symbol_ptr	pointer	4	extern unsigned char *PTR_001e8b14 asm("PTR_001e8b14");	pointer -> _calloc	data.s
PTR_FUN_001e8b18	0x1e8b18	__DATA,__nl_symbol_ptr	pointer	4	extern unsigned char *PTR_FUN_001e8b18 asm("PTR_FUN_001e8b18");	pointer -> FUN_000900a0	data.s
PTR_FUN_001e8b1c	0x1e8b1c	__DATA,__nl_symbol_ptr	pointer	4	extern unsigned char *PTR_FUN_001e8b1c asm("PTR_FUN_001e8b1c");	pointer -> FUN_0006ec10	data.s
PTR_FUN_001e8b20	0x1e8b20	__DATA,__nl_symbol_ptr	pointer	4	extern unsigned char *PTR_FUN_001e8b20 asm("PTR_FUN_001e8b20");	pointer -> FUN_00082900	data.s
PTR_FUN_001e8b24	0x1e8b24	__DATA,__nl_symbol_ptr	pointer	4	extern unsigned char *PTR_FUN_001e8b24 asm("PTR_FUN_001e8b24");	pointer -> FUN_000862b0	data.s
PTR_FUN_001e8b28	0x1e8b28	__DATA,__nl_symbol_ptr	pointer	4	extern unsigned char *PTR_FUN_001e8b28 asm("PTR_FUN_001e8b28");	pointer -> FUN_000b5b60	data.s
PTR_FUN_001e8b2c	0x1e8b2c	__DATA,__nl_symbol_ptr	pointer	4	extern unsigned char *PTR_FUN_001e8b2c asm("PTR_FUN_001e8b2c");	pointer -> FUN_00085da0	data.s
PTR_FUN_001e8b30	0x1e8b30	__DATA,__nl_symbol_ptr	pointer	4	extern unsigned char *PTR_FUN_001e8b30 asm("PTR_FUN_001e8b30");	pointer -> FUN_000844e0	data.s
PTR_FUN_001e8b34	0x1e8b34	__DATA,__nl_symbol_ptr	pointer	4	extern unsigned char *PTR_FUN_001e8b34 asm("PTR_FUN_001e8b34");	pointer -> FUN_00065de0	data.s
PTR_FUN_001e8b38	0x1e8b38	__DATA,__nl_symbol_ptr	pointer	4	extern unsigned char *PTR_FUN_001e8b38 asm("PTR_FUN_001e8b38");	pointer -> FUN_000b5c00	data.s
PTR_FUN_001e8b3c	0x1e8b3c	__DATA,__nl_symbol_ptr	pointer	4	extern unsigned char *PTR_FUN_001e8b3c asm("PTR_FUN_001e8b3c");	pointer -> FUN_00064f40	data.s
PTR_FUN_001e8b40	0x1e8b40	__DATA,__nl_symbol_ptr	pointer	4	extern unsigned char *PTR_FUN_001e8b40 asm("PTR_FUN_001e8b40");	pointer -> FUN_00076c60	data.s
PTR_DAT_001e8b48	0x1e8b48	__DATA,__nl_symbol_ptr	pointer	4	extern unsigned char *PTR_DAT_001e8b48 asm("PTR_DAT_001e8b48");	pointer -> LD_1f1008	data.s
PTR_DAT_001e8b4c	0x1e8b4c	__DATA,__nl_symbol_ptr	pointer	4	extern unsigned char *PTR_DAT_001e8b4c asm("PTR_DAT_001e8b4c");	pointer -> LD_1e9fc0	data.s
PTR_DAT_001e8b50	0x1e8b50	__DATA,__nl_symbol_ptr	pointer	4	extern unsigned char *PTR_DAT_001e8b50 asm("PTR_DAT_001e8b50");	pointer -> LD_1f0f60	data.s
PTR_DAT_001e8b54	0x1e8b54	__DATA,__nl_symbol_ptr	pointer	4	extern unsigned char *PTR_DAT_001e8b54 asm("PTR_DAT_001e8b54");	pointer -> LD_1f1100	data.s
PTR_DAT_001e8b58	0x1e8b58	__DATA,__nl_symbol_ptr	pointer	4	extern unsigned char *PTR_DAT_001e8b58 asm("PTR_DAT_001e8b58");	pointer -> LD_1f1158	data.s
PTR_DAT_001e8b5c	0x1e8b5c	__DATA,__nl_symbol_ptr	pointer	4	extern unsigned char *PTR_DAT_001e8b5c asm("PTR_DAT_001e8b5c");	pointer -> LD_1dc860	data.s
PTR_DAT_001e8b60	0x1e8b60	__DATA,__nl_symbol_ptr	pointer	4	extern unsigned char *PTR_DAT_001e8b60 asm("PTR_DAT_001e8b60");	pointer -> LD_1aaa50	data.s
PTR_DAT_001e8b64	0x1e8b64	__DATA,__nl_symbol_ptr	pointer	4	extern unsigned char *PTR_DAT_001e8b64 asm("PTR_DAT_001e8b64");	pointer -> LD_1aa828	data.s
PTR_DAT_001e8b68	0x1e8b68	__DATA,__nl_symbol_ptr	pointer	4	extern unsigned char *PTR_DAT_001e8b68 asm("PTR_DAT_001e8b68");	pointer -> LD_1aaafc	data.s
PTR_DAT_001e8b6c	0x1e8b6c	__DATA,__nl_symbol_ptr	pointer	4	extern unsigned char *PTR_DAT_001e8b6c asm("PTR_DAT_001e8b6c");	pointer -> LD_1aaa94	data.s
PTR_DAT_001e8b70	0x1e8b70	__DATA,__nl_symbol_ptr	pointer	4	extern unsigned char *PTR_DAT_001e8b70 asm("PTR_DAT_001e8b70");	pointer -> LD_1af9b4	data.s
PTR_DAT_001e8b74	0x1e8b74	__DATA,__nl_symbol_ptr	pointer	4	extern unsigned char *PTR_DAT_001e8b74 asm("PTR_DAT_001e8b74");	pointer -> LD_1ae694	data.s
PTR_DAT_001e8b78	0x1e8b78	__DATA,__nl_symbol_ptr	pointer	4	extern unsigned char *PTR_DAT_001e8b78 asm("PTR_DAT_001e8b78");	pointer -> LD_1aed30	data.s
PTR_DAT_001e8b7c	0x1e8b7c	__DATA,__nl_symbol_ptr	pointer	4	extern unsigned char *PTR_DAT_001e8b7c asm("PTR_DAT_001e8b7c");	pointer -> LD_1ae168	data.s
PTR_DAT_001e8b80	0x1e8b80	__DATA,__nl_symbol_ptr	pointer	4	extern unsigned char *PTR_DAT_001e8b80 asm("PTR_DAT_001e8b80");	pointer -> LD_1ae748	data.s
PTR_DAT_001e8b84	0x1e8b84	__DATA,__nl_symbol_ptr	pointer	4	extern unsigned char *PTR_DAT_001e8b84 asm("PTR_DAT_001e8b84");	pointer -> LD_1aab48	data.s
PTR_DAT_001e8b88	0x1e8b88	__DATA,__nl_symbol_ptr	pointer	4	extern unsigned char *PTR_DAT_001e8b88 asm("PTR_DAT_001e8b88");	pointer -> LD_1af974	data.s
PTR_DAT_001e8b8c	0x1e8b8c	__DATA,__nl_symbol_ptr	pointer	4	extern unsigned char *PTR_DAT_001e8b8c asm("PTR_DAT_001e8b8c");	pointer -> LD_1aa818	data.s
PTR_DAT_001e8b90	0x1e8b90	__DATA,__nl_symbol_ptr	pointer	4	extern unsigned char *PTR_DAT_001e8b90 asm("PTR_DAT_001e8b90");	pointer -> LD_1ae120	data.s
PTR_DAT_001e8b94	0x1e8b94	__DATA,__nl_symbol_ptr	pointer	4	extern unsigned char *PTR_DAT_001e8b94 asm("PTR_DAT_001e8b94");	pointer -> LD_1ae6b8	data.s
PTR_DAT_001e8b98	0x1e8b98	__DATA,__nl_symbol_ptr	pointer	4	extern unsigned char *PTR_DAT_001e8b98 asm("PTR_DAT_001e8b98");	pointer -> LD_1abc28	data.s
PTR_DAT_001e8b9c	0x1e8b9c	__DATA,__nl_symbol_ptr	pointer	4	extern unsigned char *PTR_DAT_001e8b9c asm("PTR_DAT_001e8b9c");	pointer -> LD_1abca4	data.s
PTR_DAT_001e8ba0	0x1e8ba0	__DATA,__nl_symbol_ptr	pointer	4	extern unsigned char *PTR_DAT_001e8ba0 asm("PTR_DAT_001e8ba0");	pointer -> LD_1ae0d8	data.s
PTR_DAT_001e8ba4	0x1e8ba4	__DATA,__nl_symbol_ptr	pointer	4	extern unsigned char *PTR_DAT_001e8ba4 asm("PTR_DAT_001e8ba4");	pointer -> LD_1ae144	data.s
PTR_DAT_001e8ba8	0x1e8ba8	__DATA,__nl_symbol_ptr	pointer	4	extern unsigned char *PTR_DAT_001e8ba8 asm("PTR_DAT_001e8ba8");	pointer -> LD_1ae700	data.s
PTR_DAT_001e8bac	0x1e8bac	__DATA,__nl_symbol_ptr	pointer	4	extern unsigned char *PTR_DAT_001e8bac asm("PTR_DAT_001e8bac");	pointer -> LD_1ae724	data.s
PTR_DAT_001e8bb0	0x1e8bb0	__DATA,__nl_symbol_ptr	pointer	4	extern unsigned char *PTR_DAT_001e8bb0 asm("PTR_DAT_001e8bb0");	pointer -> LD_1ac1fc	data.s
PTR_DAT_001e8bb4	0x1e8bb4	__DATA,__nl_symbol_ptr	pointer	4	extern unsigned char *PTR_DAT_001e8bb4 asm("PTR_DAT_001e8bb4");	pointer -> LD_1aed6c	data.s
PTR_DAT_001e8bb8	0x1e8bb8	__DATA,__nl_symbol_ptr	pointer	4	extern unsigned char *PTR_DAT_001e8bb8 asm("PTR_DAT_001e8bb8");	pointer -> LD_1aab70	data.s
PTR_DAT_001e8bbc	0x1e8bbc	__DATA,__nl_symbol_ptr	pointer	4	extern unsigned char *PTR_DAT_001e8bbc asm("PTR_DAT_001e8bbc");	pointer -> LD_1aed48	data.s
PTR_DAT_001e8bc0	0x1e8bc0	__DATA,__nl_symbol_ptr	pointer	4	extern unsigned char *PTR_DAT_001e8bc0 asm("PTR_DAT_001e8bc0");	pointer -> LD_1ae190	data.s
PTR_DAT_001e8bc4	0x1e8bc4	__DATA,__nl_symbol_ptr	pointer	4	extern unsigned char *PTR_DAT_001e8bc4 asm("PTR_DAT_001e8bc4");	pointer -> LD_1ae0fc	data.s
PTR_DAT_001e8bc8	0x1e8bc8	__DATA,__nl_symbol_ptr	pointer	4	extern unsigned char *PTR_DAT_001e8bc8 asm("PTR_DAT_001e8bc8");	pointer -> LD_1aab60	data.s
PTR_DAT_001e8bcc	0x1e8bcc	__DATA,__nl_symbol_ptr	pointer	4	extern unsigned char *PTR_DAT_001e8bcc asm("PTR_DAT_001e8bcc");	pointer -> LD_1ae6dc	data.s
PTR_DAT_001e8bd0	0x1e8bd0	__DATA,__nl_symbol_ptr	pointer	4	extern unsigned char *PTR_DAT_001e8bd0 asm("PTR_DAT_001e8bd0");	pointer -> LD_1e9b58	data.s
PTR_DAT_001e8bd4	0x1e8bd4	__DATA,__nl_symbol_ptr	pointer	4	extern unsigned char *PTR_DAT_001e8bd4 asm("PTR_DAT_001e8bd4");	pointer -> LD_1aec88	data.s
PTR_DAT_001e8bd8	0x1e8bd8	__DATA,__nl_symbol_ptr	pointer	4	extern unsigned char *PTR_DAT_001e8bd8 asm("PTR_DAT_001e8bd8");	pointer -> LD_1ac2fc	data.s
PTR_DAT_001e8bdc	0x1e8bdc	__DATA,__nl_symbol_ptr	pointer	4	extern unsigned char *PTR_DAT_001e8bdc asm("PTR_DAT_001e8bdc");	pointer -> LD_1f2210	data.s
PTR_DAT_001e8be0	0x1e8be0	__DATA,__nl_symbol_ptr	pointer	4	extern unsigned char *PTR_DAT_001e8be0 asm("PTR_DAT_001e8be0");	pointer -> LD_1e9840	data.s
PTR_DAT_001e8be4	0x1e8be4	__DATA,__nl_symbol_ptr	pointer	4	extern unsigned char *PTR_DAT_001e8be4 asm("PTR_DAT_001e8be4");	pointer -> LD_1f15d8	data.s
PTR_DAT_001e8be8	0x1e8be8	__DATA,__nl_symbol_ptr	pointer	4	extern unsigned char *PTR_DAT_001e8be8 asm("PTR_DAT_001e8be8");	pointer -> LD_1f27d0	data.s
PTR_DAT_001e8bec	0x1e8bec	__DATA,__nl_symbol_ptr	pointer	4	extern unsigned char *PTR_DAT_001e8bec asm("PTR_DAT_001e8bec");	pointer -> LD_1f1530	data.s
PTR_DAT_001e8bf0	0x1e8bf0	__DATA,__nl_symbol_ptr	pointer	4	extern unsigned char *PTR_DAT_001e8bf0 asm("PTR_DAT_001e8bf0");	pointer -> LD_1f24f0	data.s
PTR_DAT_001e8bf4	0x1e8bf4	__DATA,__nl_symbol_ptr	pointer	4	extern unsigned char *PTR_DAT_001e8bf4 asm("PTR_DAT_001e8bf4");	pointer -> LD_1f2438	data.s
PTR_DAT_001e8bf8	0x1e8bf8	__DATA,__nl_symbol_ptr	pointer	4	extern unsigned char *PTR_DAT_001e8bf8 asm("PTR_DAT_001e8bf8");	pointer -> LD_1f1f30	data.s
PTR_DAT_001e8bfc	0x1e8bfc	__DATA,__nl_symbol_ptr	pointer	4	extern unsigned char *PTR_DAT_001e8bfc asm("PTR_DAT_001e8bfc");	pointer -> LD_1f1690	data.s
PTR_DAT_001e8c00	0x1e8c00	__DATA,__nl_symbol_ptr	pointer	4	extern unsigned char *PTR_DAT_001e8c00 asm("PTR_DAT_001e8c00");	pointer -> LD_1e9990	data.s
PTR_DAT_001e8c04	0x1e8c04	__DATA,__nl_symbol_ptr	pointer	4	extern unsigned char *PTR_DAT_001e8c04 asm("PTR_DAT_001e8c04");	pointer -> LD_1f1dc0	data.s
PTR_DAT_001e8c08	0x1e8c08	__DATA,__nl_symbol_ptr	pointer	4	extern unsigned char *PTR_DAT_001e8c08 asm("PTR_DAT_001e8c08");	pointer -> LD_1f1b98	data.s
PTR_DAT_001e8c0c	0x1e8c0c	__DATA,__nl_symbol_ptr	pointer	4	extern unsigned char *PTR_DAT_001e8c0c asm("PTR_DAT_001e8c0c");	pointer -> LD_1f1af0	data.s
PTR_DAT_001e8c10	0x1e8c10	__DATA,__nl_symbol_ptr	pointer	4	extern unsigned char *PTR_DAT_001e8c10 asm("PTR_DAT_001e8c10");	pointer -> LD_1f1800	data.s
PTR_DAT_001e8c14	0x1e8c14	__DATA,__nl_symbol_ptr	pointer	4	extern unsigned char *PTR_DAT_001e8c14 asm("PTR_DAT_001e8c14");	pointer -> LD_1f1e78	data.s
PTR_DAT_001e8c18	0x1e8c18	__DATA,__nl_symbol_ptr	pointer	4	extern unsigned char *PTR_DAT_001e8c18 asm("PTR_DAT_001e8c18");	pointer -> LD_1e98e8	data.s
PTR_DAT_001e8c1c	0x1e8c1c	__DATA,__nl_symbol_ptr	pointer	4	extern unsigned char *PTR_DAT_001e8c1c asm("PTR_DAT_001e8c1c");	pointer -> LD_1f1d08	data.s
PTR_DAT_001e8c20	0x1e8c20	__DATA,__nl_symbol_ptr	pointer	4	extern unsigned char *PTR_DAT_001e8c20 asm("PTR_DAT_001e8c20");	pointer -> LD_1f2158	data.s
PTR_DAT_001e8c24	0x1e8c24	__DATA,__nl_symbol_ptr	pointer	4	extern unsigned char *PTR_DAT_001e8c24 asm("PTR_DAT_001e8c24");	pointer -> LD_1f2660	data.s
PTR_DAT_001e8c28	0x1e8c28	__DATA,__nl_symbol_ptr	pointer	4	extern unsigned char *PTR_DAT_001e8c28 asm("PTR_DAT_001e8c28");	pointer -> LD_1f1748	data.s
PTR_DAT_001e8c2c	0x1e8c2c	__DATA,__nl_symbol_ptr	pointer	4	extern unsigned char *PTR_DAT_001e8c2c asm("PTR_DAT_001e8c2c");	pointer -> LD_1f2718	data.s
PTR_DAT_001e8c30	0x1e8c30	__DATA,__nl_symbol_ptr	pointer	4	extern unsigned char *PTR_DAT_001e8c30 asm("PTR_DAT_001e8c30");	pointer -> LD_1f1468	data.s
PTR_DAT_001e8c34	0x1e8c34	__DATA,__nl_symbol_ptr	pointer	4	extern unsigned char *PTR_DAT_001e8c34 asm("PTR_DAT_001e8c34");	pointer -> LD_1f1fe8	data.s
PTR_DAT_001e8c38	0x1e8c38	__DATA,__nl_symbol_ptr	pointer	4	extern unsigned char *PTR_DAT_001e8c38 asm("PTR_DAT_001e8c38");	pointer -> LD_1f1c50	data.s
PTR_DAT_001e8c3c	0x1e8c3c	__DATA,__nl_symbol_ptr	pointer	4	extern unsigned char *PTR_DAT_001e8c3c asm("PTR_DAT_001e8c3c");	pointer -> LD_1f20a0	data.s
PTR_DAT_001e8c40	0x1e8c40	__DATA,__nl_symbol_ptr	pointer	4	extern unsigned char *PTR_DAT_001e8c40 asm("PTR_DAT_001e8c40");	pointer -> LD_1f13b0	data.s
PTR_DAT_001e8c44	0x1e8c44	__DATA,__nl_symbol_ptr	pointer	4	extern unsigned char *PTR_DAT_001e8c44 asm("PTR_DAT_001e8c44");	pointer -> LD_1f2380	data.s
PTR_DAT_001e8c48	0x1e8c48	__DATA,__nl_symbol_ptr	pointer	4	extern unsigned char *PTR_DAT_001e8c48 asm("PTR_DAT_001e8c48");	pointer -> LD_1f1a28	data.s
PTR_DAT_001e8c4c	0x1e8c4c	__DATA,__nl_symbol_ptr	pointer	4	extern unsigned char *PTR_DAT_001e8c4c asm("PTR_DAT_001e8c4c");	pointer -> LD_1e9798	data.s
PTR_DAT_001e8c50	0x1e8c50	__DATA,__nl_symbol_ptr	pointer	4	extern unsigned char *PTR_DAT_001e8c50 asm("PTR_DAT_001e8c50");	pointer -> LD_1f1970	data.s
PTR_DAT_001e8c54	0x1e8c54	__DATA,__nl_symbol_ptr	pointer	4	extern unsigned char *PTR_DAT_001e8c54 asm("PTR_DAT_001e8c54");	pointer -> LD_1f1260	data.s
PTR_DAT_001e8c58	0x1e8c58	__DATA,__nl_symbol_ptr	pointer	4	extern unsigned char *PTR_DAT_001e8c58 asm("PTR_DAT_001e8c58");	pointer -> LD_1f1308	data.s
PTR_DAT_001e8c5c	0x1e8c5c	__DATA,__nl_symbol_ptr	pointer	4	extern unsigned char *PTR_DAT_001e8c5c asm("PTR_DAT_001e8c5c");	pointer -> LD_1f22c8	data.s
PTR_PTR_001e8c60	0x1e8c60	__DATA,__nl_symbol_ptr	pointer	4	extern unsigned char *PTR_PTR_001e8c60 asm("PTR_PTR_001e8c60");	pointer -> LD_1ea900	data.s
PTR_DAT_001e8c64	0x1e8c64	__DATA,__nl_symbol_ptr	pointer	4	extern unsigned char *PTR_DAT_001e8c64 asm("PTR_DAT_001e8c64");	pointer -> LD_1f18c8	data.s
PTR_DAT_001e8c68	0x1e8c68	__DATA,__nl_symbol_ptr	pointer	4	extern unsigned char *PTR_DAT_001e8c68 asm("PTR_DAT_001e8c68");	pointer -> LD_1f25b8	data.s
PTR_DAT_001e8c6c	0x1e8c6c	__DATA,__nl_symbol_ptr	pointer	4	extern unsigned char *PTR_DAT_001e8c6c asm("PTR_DAT_001e8c6c");	pointer -> LD_1dc7e0	data.s
PTR_DAT_001e8c70	0x1e8c70	__DATA,__nl_symbol_ptr	pointer	4	extern unsigned char *PTR_DAT_001e8c70 asm("PTR_DAT_001e8c70");	pointer -> LD_1dc800	data.s
PTR_DAT_001e8c74	0x1e8c74	__DATA,__nl_symbol_ptr	pointer	4	extern unsigned char *PTR_DAT_001e8c74 asm("PTR_DAT_001e8c74");	pointer -> LD_1ead60	data.s
PTR_DAT_001e8c78	0x1e8c78	__DATA,__nl_symbol_ptr	pointer	4	extern unsigned char *PTR_DAT_001e8c78 asm("PTR_DAT_001e8c78");	pointer -> LD_1ab838	data.s
PTR_FUN_001e8c7c	0x1e8c7c	__DATA,__nl_symbol_ptr	pointer	4	extern unsigned char *PTR_FUN_001e8c7c asm("PTR_FUN_001e8c7c");	pointer -> FUN_00107df4	data.s
PTR_DAT_001e8c80	0x1e8c80	__DATA,__nl_symbol_ptr	pointer	4	extern unsigned char *PTR_DAT_001e8c80 asm("PTR_DAT_001e8c80");	pointer -> LD_1eb5e0	data.s
PTR_DAT_001e8c84	0x1e8c84	__DATA,__nl_symbol_ptr	pointer	4	extern unsigned char *PTR_DAT_001e8c84 asm("PTR_DAT_001e8c84");	pointer -> LD_1af390	data.s
PTR_DAT_001e8c88	0x1e8c88	__DATA,__nl_symbol_ptr	pointer	4	extern unsigned char *PTR_DAT_001e8c88 asm("PTR_DAT_001e8c88");	pointer -> LD_1f2890	data.s
PTR_DAT_001e8c8c	0x1e8c8c	__DATA,__nl_symbol_ptr	pointer	4	extern unsigned char *PTR_DAT_001e8c8c asm("PTR_DAT_001e8c8c");	pointer -> LD_1f3c98	data.s
PTR_DAT_001e8c90	0x1e8c90	__DATA,__nl_symbol_ptr	pointer	4	extern unsigned char *PTR_DAT_001e8c90 asm("PTR_DAT_001e8c90");	pointer -> LD_1f5400	data.s
PTR_DAT_001e8c94	0x1e8c94	__DATA,__nl_symbol_ptr	pointer	4	extern unsigned char *PTR_DAT_001e8c94 asm("PTR_DAT_001e8c94");	pointer -> LD_1f4948	data.s
PTR_DAT_001e8c98	0x1e8c98	__DATA,__nl_symbol_ptr	pointer	4	extern unsigned char *PTR_DAT_001e8c98 asm("PTR_DAT_001e8c98");	pointer -> LD_1f5c88	data.s
PTR_DAT_001e8c9c	0x1e8c9c	__DATA,__nl_symbol_ptr	pointer	4	extern unsigned char *PTR_DAT_001e8c9c asm("PTR_DAT_001e8c9c");	pointer -> LD_1f5908	data.s
PTR_DAT_001e8ca0	0x1e8ca0	__DATA,__nl_symbol_ptr	pointer	4	extern unsigned char *PTR_DAT_001e8ca0 asm("PTR_DAT_001e8ca0");	pointer -> LD_1f5e80	data.s
PTR_DAT_001e8ca4	0x1e8ca4	__DATA,__nl_symbol_ptr	pointer	4	extern unsigned char *PTR_DAT_001e8ca4 asm("PTR_DAT_001e8ca4");	pointer -> LD_1f5358	data.s
PTR_DAT_001e8ca8	0x1e8ca8	__DATA,__nl_symbol_ptr	pointer	4	extern unsigned char *PTR_DAT_001e8ca8 asm("PTR_DAT_001e8ca8");	pointer -> LD_1f35d0	data.s
PTR_DAT_001e8cac	0x1e8cac	__DATA,__nl_symbol_ptr	pointer	4	extern unsigned char *PTR_DAT_001e8cac asm("PTR_DAT_001e8cac");	pointer -> LD_1f3020	data.s
PTR_DAT_001e8cb0	0x1e8cb0	__DATA,__nl_symbol_ptr	pointer	4	extern unsigned char *PTR_DAT_001e8cb0 asm("PTR_DAT_001e8cb0");	pointer -> LD_1f3d78	data.s
PTR_DAT_001e8cb4	0x1e8cb4	__DATA,__nl_symbol_ptr	pointer	4	extern unsigned char *PTR_DAT_001e8cb4 asm("PTR_DAT_001e8cb4");	pointer -> LD_1f3170	data.s
PTR_DAT_001e8cb8	0x1e8cb8	__DATA,__nl_symbol_ptr	pointer	4	extern unsigned char *PTR_DAT_001e8cb8 asm("PTR_DAT_001e8cb8");	pointer -> LD_1f29c8	data.s
PTR_DAT_001e8cbc	0x1e8cbc	__DATA,__nl_symbol_ptr	pointer	4	extern unsigned char *PTR_DAT_001e8cbc asm("PTR_DAT_001e8cbc");	pointer -> LD_1f3aa0	data.s
PTR_DAT_001e8cc0	0x1e8cc0	__DATA,__nl_symbol_ptr	pointer	4	extern unsigned char *PTR_DAT_001e8cc0 asm("PTR_DAT_001e8cc0");	pointer -> LD_1f4478	data.s
PTR_DAT_001e8cc4	0x1e8cc4	__DATA,__nl_symbol_ptr	pointer	4	extern unsigned char *PTR_DAT_001e8cc4 asm("PTR_DAT_001e8cc4");	pointer -> LD_1f32c0	data.s
PTR_DAT_001e8cc8	0x1e8cc8	__DATA,__nl_symbol_ptr	pointer	4	extern unsigned char *PTR_DAT_001e8cc8 asm("PTR_DAT_001e8cc8");	pointer -> LD_1f5518	data.s
PTR_DAT_001e8ccc	0x1e8ccc	__DATA,__nl_symbol_ptr	pointer	4	extern unsigned char *PTR_DAT_001e8ccc asm("PTR_DAT_001e8ccc");	pointer -> LD_1f3e58	data.s
PTR_DAT_001e8cd0	0x1e8cd0	__DATA,__nl_symbol_ptr	pointer	4	extern unsigned char *PTR_DAT_001e8cd0 asm("PTR_DAT_001e8cd0");	pointer -> LD_1f4788	data.s
PTR_DAT_001e8cd4	0x1e8cd4	__DATA,__nl_symbol_ptr	pointer	4	extern unsigned char *PTR_DAT_001e8cd4 asm("PTR_DAT_001e8cd4");	pointer -> LD_1f2b50	data.s
PTR_DAT_001e8cd8	0x1e8cd8	__DATA,__nl_symbol_ptr	pointer	4	extern unsigned char *PTR_DAT_001e8cd8 asm("PTR_DAT_001e8cd8");	pointer -> LD_1f40f8	data.s
PTR_DAT_001e8cdc	0x1e8cdc	__DATA,__nl_symbol_ptr	pointer	4	extern unsigned char *PTR_DAT_001e8cdc asm("PTR_DAT_001e8cdc");	pointer -> LD_1f3678	data.s
PTR_DAT_001e8ce0	0x1e8ce0	__DATA,__nl_symbol_ptr	pointer	4	extern unsigned char *PTR_DAT_001e8ce0 asm("PTR_DAT_001e8ce0");	pointer -> LD_1f4d38	data.s
PTR_DAT_001e8ce4	0x1e8ce4	__DATA,__nl_symbol_ptr	pointer	4	extern unsigned char *PTR_DAT_001e8ce4 asm("PTR_DAT_001e8ce4");	pointer -> LD_1f3fe0	data.s
PTR_DAT_001e8ce8	0x1e8ce8	__DATA,__nl_symbol_ptr	pointer	4	extern unsigned char *PTR_DAT_001e8ce8 asm("PTR_DAT_001e8ce8");	pointer -> LD_1f36e8	data.s
PTR_DAT_001e8cec	0x1e8cec	__DATA,__nl_symbol_ptr	pointer	4	extern unsigned char *PTR_DAT_001e8cec asm("PTR_DAT_001e8cec");	pointer -> LD_1f4fd8	data.s
PTR_DAT_001e8cf0	0x1e8cf0	__DATA,__nl_symbol_ptr	pointer	4	extern unsigned char *PTR_DAT_001e8cf0 asm("PTR_DAT_001e8cf0");	pointer -> LD_1f56a0	data.s
PTR_DAT_001e8cf4	0x1e8cf4	__DATA,__nl_symbol_ptr	pointer	4	extern unsigned char *PTR_DAT_001e8cf4 asm("PTR_DAT_001e8cf4");	pointer -> LD_1f3138	data.s
PTR_DAT_001e8cf8	0x1e8cf8	__DATA,__nl_symbol_ptr	pointer	4	extern unsigned char *PTR_DAT_001e8cf8 asm("PTR_DAT_001e8cf8");	pointer -> LD_1f42b8	data.s
PTR_DAT_001e8cfc	0x1e8cfc	__DATA,__nl_symbol_ptr	pointer	4	extern unsigned char *PTR_DAT_001e8cfc asm("PTR_DAT_001e8cfc");	pointer -> LD_1f48a0	data.s
PTR_DAT_001e8d00	0x1e8d00	__DATA,__nl_symbol_ptr	pointer	4	extern unsigned char *PTR_DAT_001e8d00 asm("PTR_DAT_001e8d00");	pointer -> LD_1f31e0	data.s
PTR_DAT_001e8d04	0x1e8d04	__DATA,__nl_symbol_ptr	pointer	4	extern unsigned char *PTR_DAT_001e8d04 asm("PTR_DAT_001e8d04");	pointer -> LD_1f4c58	data.s
PTR_DAT_001e8d08	0x1e8d08	__DATA,__nl_symbol_ptr	pointer	4	extern unsigned char *PTR_DAT_001e8d08 asm("PTR_DAT_001e8d08");	pointer -> LD_1f2db8	data.s
PTR_DAT_001e8d0c	0x1e8d0c	__DATA,__nl_symbol_ptr	pointer	4	extern unsigned char *PTR_DAT_001e8d0c asm("PTR_DAT_001e8d0c");	pointer -> LD_1f5048	data.s
PTR_DAT_001e8d10	0x1e8d10	__DATA,__nl_symbol_ptr	pointer	4	extern unsigned char *PTR_DAT_001e8d10 asm("PTR_DAT_001e8d10");	pointer -> LD_1f3870	data.s
PTR_DAT_001e8d14	0x1e8d14	__DATA,__nl_symbol_ptr	pointer	4	extern unsigned char *PTR_DAT_001e8d14 asm("PTR_DAT_001e8d14");	pointer -> LD_1f4ec0	data.s
PTR_DAT_001e8d18	0x1e8d18	__DATA,__nl_symbol_ptr	pointer	4	extern unsigned char *PTR_DAT_001e8d18 asm("PTR_DAT_001e8d18");	pointer -> LD_1f4e88	data.s
PTR_DAT_001e8d1c	0x1e8d1c	__DATA,__nl_symbol_ptr	pointer	4	extern unsigned char *PTR_DAT_001e8d1c asm("PTR_DAT_001e8d1c");	pointer -> LD_1f3918	data.s
PTR_DAT_001e8d20	0x1e8d20	__DATA,__nl_symbol_ptr	pointer	4	extern unsigned char *PTR_DAT_001e8d20 asm("PTR_DAT_001e8d20");	pointer -> LD_1f59b0	data.s
PTR_DAT_001e8d24	0x1e8d24	__DATA,__nl_symbol_ptr	pointer	4	extern unsigned char *PTR_DAT_001e8d24 asm("PTR_DAT_001e8d24");	pointer -> LD_1f45c8	data.s
PTR_DAT_001e8d28	0x1e8d28	__DATA,__nl_symbol_ptr	pointer	4	extern unsigned char *PTR_DAT_001e8d28 asm("PTR_DAT_001e8d28");	pointer -> LD_1f5710	data.s
PTR_DAT_001e8d2c	0x1e8d2c	__DATA,__nl_symbol_ptr	pointer	4	extern unsigned char *PTR_DAT_001e8d2c asm("PTR_DAT_001e8d2c");	pointer -> LD_1f4088	data.s
PTR_DAT_001e8d30	0x1e8d30	__DATA,__nl_symbol_ptr	pointer	4	extern unsigned char *PTR_DAT_001e8d30 asm("PTR_DAT_001e8d30");	pointer -> LD_1f5b70	data.s
PTR_DAT_001e8d34	0x1e8d34	__DATA,__nl_symbol_ptr	pointer	4	extern unsigned char *PTR_DAT_001e8d34 asm("PTR_DAT_001e8d34");	pointer -> LD_1f5b00	data.s
PTR_DAT_001e8d38	0x1e8d38	__DATA,__nl_symbol_ptr	pointer	4	extern unsigned char *PTR_DAT_001e8d38 asm("PTR_DAT_001e8d38");	pointer -> LD_1f4980	data.s
PTR_DAT_001e8d3c	0x1e8d3c	__DATA,__nl_symbol_ptr	pointer	4	extern unsigned char *PTR_DAT_001e8d3c asm("PTR_DAT_001e8d3c");	pointer -> LD_1f5f98	data.s
PTR_DAT_001e8d40	0x1e8d40	__DATA,__nl_symbol_ptr	pointer	4	extern unsigned char *PTR_DAT_001e8d40 asm("PTR_DAT_001e8d40");	pointer -> LD_1f47f8	data.s
PTR_DAT_001e8d44	0x1e8d44	__DATA,__nl_symbol_ptr	pointer	4	extern unsigned char *PTR_DAT_001e8d44 asm("PTR_DAT_001e8d44");	pointer -> LD_1f30c8	data.s
PTR_DAT_001e8d48	0x1e8d48	__DATA,__nl_symbol_ptr	pointer	4	extern unsigned char *PTR_DAT_001e8d48 asm("PTR_DAT_001e8d48");	pointer -> LD_1f3988	data.s
PTR_DAT_001e8d4c	0x1e8d4c	__DATA,__nl_symbol_ptr	pointer	4	extern unsigned char *PTR_DAT_001e8d4c asm("PTR_DAT_001e8d4c");	pointer -> LD_1f3bf0	data.s
PTR_DAT_001e8d50	0x1e8d50	__DATA,__nl_symbol_ptr	pointer	4	extern unsigned char *PTR_DAT_001e8d50 asm("PTR_DAT_001e8d50");	pointer -> LD_1f4520	data.s
PTR_DAT_001e8d54	0x1e8d54	__DATA,__nl_symbol_ptr	pointer	4	extern unsigned char *PTR_DAT_001e8d54 asm("PTR_DAT_001e8d54");	pointer -> LD_1f5198	data.s
PTR_DAT_001e8d58	0x1e8d58	__DATA,__nl_symbol_ptr	pointer	4	extern unsigned char *PTR_DAT_001e8d58 asm("PTR_DAT_001e8d58");	pointer -> LD_1f5828	data.s
PTR_DAT_001e8d5c	0x1e8d5c	__DATA,__nl_symbol_ptr	pointer	4	extern unsigned char *PTR_DAT_001e8d5c asm("PTR_DAT_001e8d5c");	pointer -> LD_1f50f0	data.s
PTR_DAT_001e8d60	0x1e8d60	__DATA,__nl_symbol_ptr	pointer	4	extern unsigned char *PTR_DAT_001e8d60 asm("PTR_DAT_001e8d60");	pointer -> LD_1f4558	data.s
PTR_DAT_001e8d64	0x1e8d64	__DATA,__nl_symbol_ptr	pointer	4	extern unsigned char *PTR_DAT_001e8d64 asm("PTR_DAT_001e8d64");	pointer -> LD_1f4328	data.s
PTR_DAT_001e8d68	0x1e8d68	__DATA,__nl_symbol_ptr	pointer	4	extern unsigned char *PTR_DAT_001e8d68 asm("PTR_DAT_001e8d68");	pointer -> LD_1f3de8	data.s
PTR_DAT_001e8d6c	0x1e8d6c	__DATA,__nl_symbol_ptr	pointer	4	extern unsigned char *PTR_DAT_001e8d6c asm("PTR_DAT_001e8d6c");	pointer -> LD_1f2df0	data.s
PTR_DAT_001e8d70	0x1e8d70	__DATA,__nl_symbol_ptr	pointer	4	extern unsigned char *PTR_DAT_001e8d70 asm("PTR_DAT_001e8d70");	pointer -> LD_1f3ad8	data.s
PTR_DAT_001e8d74	0x1e8d74	__DATA,__nl_symbol_ptr	pointer	4	extern unsigned char *PTR_DAT_001e8d74 asm("PTR_DAT_001e8d74");	pointer -> LD_1f2b88	data.s
PTR_DAT_001e8d78	0x1e8d78	__DATA,__nl_symbol_ptr	pointer	4	extern unsigned char *PTR_DAT_001e8d78 asm("PTR_DAT_001e8d78");	pointer -> LD_1f2c30	data.s
PTR_DAT_001e8d7c	0x1e8d7c	__DATA,__nl_symbol_ptr	pointer	4	extern unsigned char *PTR_DAT_001e8d7c asm("PTR_DAT_001e8d7c");	pointer -> LD_1f5f60	data.s
PTR_DAT_001e8d80	0x1e8d80	__DATA,__nl_symbol_ptr	pointer	4	extern unsigned char *PTR_DAT_001e8d80 asm("PTR_DAT_001e8d80");	pointer -> LD_1f5c18	data.s
PTR_DAT_001e8d84	0x1e8d84	__DATA,__nl_symbol_ptr	pointer	4	extern unsigned char *PTR_DAT_001e8d84 asm("PTR_DAT_001e8d84");	pointer -> LD_1f5a58	data.s
PTR_DAT_001e8d88	0x1e8d88	__DATA,__nl_symbol_ptr	pointer	4	extern unsigned char *PTR_DAT_001e8d88 asm("PTR_DAT_001e8d88");	pointer -> LD_1f2f50	data.s
PTR_DAT_001e8d8c	0x1e8d8c	__DATA,__nl_symbol_ptr	pointer	4	extern unsigned char *PTR_DAT_001e8d8c asm("PTR_DAT_001e8d8c");	pointer -> LD_1f5208	data.s
PTR_DAT_001e8d90	0x1e8d90	__DATA,__nl_symbol_ptr	pointer	4	extern unsigned char *PTR_DAT_001e8d90 asm("PTR_DAT_001e8d90");	pointer -> LD_1f3758	data.s
PTR_DAT_001e8d94	0x1e8d94	__DATA,__nl_symbol_ptr	pointer	4	extern unsigned char *PTR_DAT_001e8d94 asm("PTR_DAT_001e8d94");	pointer -> LD_1f4da8	data.s
PTR_DAT_001e8d98	0x1e8d98	__DATA,__nl_symbol_ptr	pointer	4	extern unsigned char *PTR_DAT_001e8d98 asm("PTR_DAT_001e8d98");	pointer -> LD_1f48d8	data.s
PTR_DAT_001e8d9c	0x1e8d9c	__DATA,__nl_symbol_ptr	pointer	4	extern unsigned char *PTR_DAT_001e8d9c asm("PTR_DAT_001e8d9c");	pointer -> LD_1f4178	data.s
PTR_DAT_001e8da0	0x1e8da0	__DATA,__nl_symbol_ptr	pointer	4	extern unsigned char *PTR_DAT_001e8da0 asm("PTR_DAT_001e8da0");	pointer -> LD_1f46e0	data.s
PTR_DAT_001e8da4	0x1e8da4	__DATA,__nl_symbol_ptr	pointer	4	extern unsigned char *PTR_DAT_001e8da4 asm("PTR_DAT_001e8da4");	pointer -> LD_1f3218	data.s
PTR_DAT_001e8da8	0x1e8da8	__DATA,__nl_symbol_ptr	pointer	4	extern unsigned char *PTR_DAT_001e8da8 asm("PTR_DAT_001e8da8");	pointer -> LD_1f3288	data.s
PTR_DAT_001e8dac	0x1e8dac	__DATA,__nl_symbol_ptr	pointer	4	extern unsigned char *PTR_DAT_001e8dac asm("PTR_DAT_001e8dac");	pointer -> LD_1f3250	data.s
PTR_DAT_001e8db0	0x1e8db0	__DATA,__nl_symbol_ptr	pointer	4	extern unsigned char *PTR_DAT_001e8db0 asm("PTR_DAT_001e8db0");	pointer -> LD_1f60b0	data.s
PTR_DAT_001e8db4	0x1e8db4	__DATA,__nl_symbol_ptr	pointer	4	extern unsigned char *PTR_DAT_001e8db4 asm("PTR_DAT_001e8db4");	pointer -> LD_1f5ac8	data.s
PTR_DAT_001e8db8	0x1e8db8	__DATA,__nl_symbol_ptr	pointer	4	extern unsigned char *PTR_DAT_001e8db8 asm("PTR_DAT_001e8db8");	pointer -> LD_1f31a8	data.s
PTR_DAT_001e8dbc	0x1e8dbc	__DATA,__nl_symbol_ptr	pointer	4	extern unsigned char *PTR_DAT_001e8dbc asm("PTR_DAT_001e8dbc");	pointer -> LD_1f4830	data.s
PTR_DAT_001e8dc0	0x1e8dc0	__DATA,__nl_symbol_ptr	pointer	4	extern unsigned char *PTR_DAT_001e8dc0 asm("PTR_DAT_001e8dc0");	pointer -> LD_1f3368	data.s
PTR_DAT_001e8dc4	0x1e8dc4	__DATA,__nl_symbol_ptr	pointer	4	extern unsigned char *PTR_DAT_001e8dc4 asm("PTR_DAT_001e8dc4");	pointer -> LD_1f3c60	data.s
PTR_DAT_001e8dc8	0x1e8dc8	__DATA,__nl_symbol_ptr	pointer	4	extern unsigned char *PTR_DAT_001e8dc8 asm("PTR_DAT_001e8dc8");	pointer -> LD_1f2bc0	data.s
PTR_DAT_001e8dcc	0x1e8dcc	__DATA,__nl_symbol_ptr	pointer	4	extern unsigned char *PTR_DAT_001e8dcc asm("PTR_DAT_001e8dcc");	pointer -> LD_1f4d70	data.s
PTR_DAT_001e8dd0	0x1e8dd0	__DATA,__nl_symbol_ptr	pointer	4	extern unsigned char *PTR_DAT_001e8dd0 asm("PTR_DAT_001e8dd0");	pointer -> LD_1f4cc8	data.s
PTR_DAT_001e8dd4	0x1e8dd4	__DATA,__nl_symbol_ptr	pointer	4	extern unsigned char *PTR_DAT_001e8dd4 asm("PTR_DAT_001e8dd4");	pointer -> LD_1f4de0	data.s
PTR_DAT_001e8dd8	0x1e8dd8	__DATA,__nl_symbol_ptr	pointer	4	extern unsigned char *PTR_DAT_001e8dd8 asm("PTR_DAT_001e8dd8");	pointer -> LD_1f2ab8	data.s
PTR_DAT_001e8ddc	0x1e8ddc	__DATA,__nl_symbol_ptr	pointer	4	extern unsigned char *PTR_DAT_001e8ddc asm("PTR_DAT_001e8ddc");	pointer -> LD_1f3b10	data.s
PTR_DAT_001e8de0	0x1e8de0	__DATA,__nl_symbol_ptr	pointer	4	extern unsigned char *PTR_DAT_001e8de0 asm("PTR_DAT_001e8de0");	pointer -> LD_1f3f00	data.s
PTR_DAT_001e8de4	0x1e8de4	__DATA,__nl_symbol_ptr	pointer	4	extern unsigned char *PTR_DAT_001e8de4 asm("PTR_DAT_001e8de4");	pointer -> LD_1f5668	data.s
PTR_DAT_001e8de8	0x1e8de8	__DATA,__nl_symbol_ptr	pointer	4	extern unsigned char *PTR_DAT_001e8de8 asm("PTR_DAT_001e8de8");	pointer -> LD_1f55f8	data.s
PTR_DAT_001e8dec	0x1e8dec	__DATA,__nl_symbol_ptr	pointer	4	extern unsigned char *PTR_DAT_001e8dec asm("PTR_DAT_001e8dec");	pointer -> LD_1f51d0	data.s
PTR_DAT_001e8df0	0x1e8df0	__DATA,__nl_symbol_ptr	pointer	4	extern unsigned char *PTR_DAT_001e8df0 asm("PTR_DAT_001e8df0");	pointer -> LD_1f5d30	data.s
PTR_DAT_001e8df4	0x1e8df4	__DATA,__nl_symbol_ptr	pointer	4	extern unsigned char *PTR_DAT_001e8df4 asm("PTR_DAT_001e8df4");	pointer -> LD_1f2ed0	data.s
PTR_DAT_001e8df8	0x1e8df8	__DATA,__nl_symbol_ptr	pointer	4	extern unsigned char *PTR_DAT_001e8df8 asm("PTR_DAT_001e8df8");	pointer -> LD_1f3cd0	data.s
PTR_DAT_001e8dfc	0x1e8dfc	__DATA,__nl_symbol_ptr	pointer	4	extern unsigned char *PTR_DAT_001e8dfc asm("PTR_DAT_001e8dfc");	pointer -> LD_1f4280	data.s
PTR_DAT_001e8e00	0x1e8e00	__DATA,__nl_symbol_ptr	pointer	4	extern unsigned char *PTR_DAT_001e8e00 asm("PTR_DAT_001e8e00");	pointer -> LD_1f4f68	data.s
PTR_DAT_001e8e04	0x1e8e04	__DATA,__nl_symbol_ptr	pointer	4	extern unsigned char *PTR_DAT_001e8e04 asm("PTR_DAT_001e8e04");	pointer -> LD_1f4b78	data.s
PTR_DAT_001e8e08	0x1e8e08	__DATA,__nl_symbol_ptr	pointer	4	extern unsigned char *PTR_DAT_001e8e08 asm("PTR_DAT_001e8e08");	pointer -> LD_1f3b80	data.s
PTR_DAT_001e8e0c	0x1e8e0c	__DATA,__nl_symbol_ptr	pointer	4	extern unsigned char *PTR_DAT_001e8e0c asm("PTR_DAT_001e8e0c");	pointer -> LD_1f4be8	data.s
PTR_DAT_001e8e10	0x1e8e10	__DATA,__nl_symbol_ptr	pointer	4	extern unsigned char *PTR_DAT_001e8e10 asm("PTR_DAT_001e8e10");	pointer -> LD_1f4718	data.s
PTR_DAT_001e8e14	0x1e8e14	__DATA,__nl_symbol_ptr	pointer	4	extern unsigned char *PTR_DAT_001e8e14 asm("PTR_DAT_001e8e14");	pointer -> LD_1f56d8	data.s
PTR_DAT_001e8e18	0x1e8e18	__DATA,__nl_symbol_ptr	pointer	4	extern unsigned char *PTR_DAT_001e8e18 asm("PTR_DAT_001e8e18");	pointer -> LD_1f5160	data.s
PTR_DAT_001e8e1c	0x1e8e1c	__DATA,__nl_symbol_ptr	pointer	4	extern unsigned char *PTR_DAT_001e8e1c asm("PTR_DAT_001e8e1c");	pointer -> LD_1f37c8	data.s
PTR_DAT_001e8e20	0x1e8e20	__DATA,__nl_symbol_ptr	pointer	4	extern unsigned char *PTR_DAT_001e8e20 asm("PTR_DAT_001e8e20");	pointer -> LD_1f4440	data.s
PTR_DAT_001e8e24	0x1e8e24	__DATA,__nl_symbol_ptr	pointer	4	extern unsigned char *PTR_DAT_001e8e24 asm("PTR_DAT_001e8e24");	pointer -> LD_1f4590	data.s
PTR_DAT_001e8e28	0x1e8e28	__DATA,__nl_symbol_ptr	pointer	4	extern unsigned char *PTR_DAT_001e8e28 asm("PTR_DAT_001e8e28");	pointer -> LD_1f4130	data.s
PTR_DAT_001e8e2c	0x1e8e2c	__DATA,__nl_symbol_ptr	pointer	4	extern unsigned char *PTR_DAT_001e8e2c asm("PTR_DAT_001e8e2c");	pointer -> LD_1f5cf8	data.s
PTR_DAT_001e8e30	0x1e8e30	__DATA,__nl_symbol_ptr	pointer	4	extern unsigned char *PTR_DAT_001e8e30 asm("PTR_DAT_001e8e30");	pointer -> LD_1f2fe8	data.s
PTR_DAT_001e8e34	0x1e8e34	__DATA,__nl_symbol_ptr	pointer	4	extern unsigned char *PTR_DAT_001e8e34 asm("PTR_DAT_001e8e34");	pointer -> LD_1f33d8	data.s
PTR_DAT_001e8e38	0x1e8e38	__DATA,__nl_symbol_ptr	pointer	4	extern unsigned char *PTR_DAT_001e8e38 asm("PTR_DAT_001e8e38");	pointer -> LD_1f38a8	data.s
PTR_DAT_001e8e3c	0x1e8e3c	__DATA,__nl_symbol_ptr	pointer	4	extern unsigned char *PTR_DAT_001e8e3c asm("PTR_DAT_001e8e3c");	pointer -> LD_1f5cc0	data.s
PTR_DAT_001e8e40	0x1e8e40	__DATA,__nl_symbol_ptr	pointer	4	extern unsigned char *PTR_DAT_001e8e40 asm("PTR_DAT_001e8e40");	pointer -> LD_1f3790	data.s
PTR_DAT_001e8e44	0x1e8e44	__DATA,__nl_symbol_ptr	pointer	4	extern unsigned char *PTR_DAT_001e8e44 asm("PTR_DAT_001e8e44");	pointer -> LD_1f5240	data.s
PTR_DAT_001e8e48	0x1e8e48	__DATA,__nl_symbol_ptr	pointer	4	extern unsigned char *PTR_DAT_001e8e48 asm("PTR_DAT_001e8e48");	pointer -> LD_1f54a8	data.s
PTR_DAT_001e8e4c	0x1e8e4c	__DATA,__nl_symbol_ptr	pointer	4	extern unsigned char *PTR_DAT_001e8e4c asm("PTR_DAT_001e8e4c");	pointer -> LD_1f2d80	data.s
PTR_DAT_001e8e50	0x1e8e50	__DATA,__nl_symbol_ptr	pointer	4	extern unsigned char *PTR_DAT_001e8e50 asm("PTR_DAT_001e8e50");	pointer -> LD_1f4360	data.s
PTR_DAT_001e8e54	0x1e8e54	__DATA,__nl_symbol_ptr	pointer	4	extern unsigned char *PTR_DAT_001e8e54 asm("PTR_DAT_001e8e54");	pointer -> LD_1f2d48	data.s
PTR_DAT_001e8e58	0x1e8e58	__DATA,__nl_symbol_ptr	pointer	4	extern unsigned char *PTR_DAT_001e8e58 asm("PTR_DAT_001e8e58");	pointer -> LD_1f4050	data.s
PTR_DAT_001e8e5c	0x1e8e5c	__DATA,__nl_symbol_ptr	pointer	4	extern unsigned char *PTR_DAT_001e8e5c asm("PTR_DAT_001e8e5c");	pointer -> LD_1f5ba8	data.s
PTR_DAT_001e8e60	0x1e8e60	__DATA,__nl_symbol_ptr	pointer	4	extern unsigned char *PTR_DAT_001e8e60 asm("PTR_DAT_001e8e60");	pointer -> LD_1f4018	data.s
PTR_DAT_001e8e64	0x1e8e64	__DATA,__nl_symbol_ptr	pointer	4	extern unsigned char *PTR_DAT_001e8e64 asm("PTR_DAT_001e8e64");	pointer -> LD_1f49b8	data.s
PTR_DAT_001e8e68	0x1e8e68	__DATA,__nl_symbol_ptr	pointer	4	extern unsigned char *PTR_DAT_001e8e68 asm("PTR_DAT_001e8e68");	pointer -> LD_1f52b0	data.s
PTR_DAT_001e8e6c	0x1e8e6c	__DATA,__nl_symbol_ptr	pointer	4	extern unsigned char *PTR_DAT_001e8e6c asm("PTR_DAT_001e8e6c");	pointer -> LD_1f3f70	data.s
PTR_DAT_001e8e70	0x1e8e70	__DATA,__nl_symbol_ptr	pointer	4	extern unsigned char *PTR_DAT_001e8e70 asm("PTR_DAT_001e8e70");	pointer -> LD_1f3598	data.s
PTR_DAT_001e8e74	0x1e8e74	__DATA,__nl_symbol_ptr	pointer	4	extern unsigned char *PTR_DAT_001e8e74 asm("PTR_DAT_001e8e74");	pointer -> LD_1f33a0	data.s
PTR_DAT_001e8e78	0x1e8e78	__DATA,__nl_symbol_ptr	pointer	4	extern unsigned char *PTR_DAT_001e8e78 asm("PTR_DAT_001e8e78");	pointer -> LD_1f3838	data.s
PTR_DAT_001e8e7c	0x1e8e7c	__DATA,__nl_symbol_ptr	pointer	4	extern unsigned char *PTR_DAT_001e8e7c asm("PTR_DAT_001e8e7c");	pointer -> LD_1f3950	data.s
PTR_DAT_001e8e80	0x1e8e80	__DATA,__nl_symbol_ptr	pointer	4	extern unsigned char *PTR_DAT_001e8e80 asm("PTR_DAT_001e8e80");	pointer -> LD_1f5c50	data.s
PTR_DAT_001e8e84	0x1e8e84	__DATA,__nl_symbol_ptr	pointer	4	extern unsigned char *PTR_DAT_001e8e84 asm("PTR_DAT_001e8e84");	pointer -> LD_1f3560	data.s
PTR_DAT_001e8e88	0x1e8e88	__DATA,__nl_symbol_ptr	pointer	4	extern unsigned char *PTR_DAT_001e8e88 asm("PTR_DAT_001e8e88");	pointer -> LD_1f4248	data.s
PTR_DAT_001e8e8c	0x1e8e8c	__DATA,__nl_symbol_ptr	pointer	4	extern unsigned char *PTR_DAT_001e8e8c asm("PTR_DAT_001e8e8c");	pointer -> LD_1f4fa0	data.s
PTR_DAT_001e8e90	0x1e8e90	__DATA,__nl_symbol_ptr	pointer	4	extern unsigned char *PTR_DAT_001e8e90 asm("PTR_DAT_001e8e90");	pointer -> LD_1f2ae0	data.s
PTR_DAT_001e8e94	0x1e8e94	__DATA,__nl_symbol_ptr	pointer	4	extern unsigned char *PTR_DAT_001e8e94 asm("PTR_DAT_001e8e94");	pointer -> LD_1f2b18	data.s
PTR_DAT_001e8e98	0x1e8e98	__DATA,__nl_symbol_ptr	pointer	4	extern unsigned char *PTR_DAT_001e8e98 asm("PTR_DAT_001e8e98");	pointer -> LD_1f3410	data.s
PTR_DAT_001e8e9c	0x1e8e9c	__DATA,__nl_symbol_ptr	pointer	4	extern unsigned char *PTR_DAT_001e8e9c asm("PTR_DAT_001e8e9c");	pointer -> LD_1f4910	data.s
PTR_DAT_001e8ea0	0x1e8ea0	__DATA,__nl_symbol_ptr	pointer	4	extern unsigned char *PTR_DAT_001e8ea0 asm("PTR_DAT_001e8ea0");	pointer -> LD_1f6078	data.s
PTR_DAT_001e8ea4	0x1e8ea4	__DATA,__nl_symbol_ptr	pointer	4	extern unsigned char *PTR_DAT_001e8ea4 asm("PTR_DAT_001e8ea4");	pointer -> LD_1f3f38	data.s
PTR_DAT_001e8ea8	0x1e8ea8	__DATA,__nl_symbol_ptr	pointer	4	extern unsigned char *PTR_DAT_001e8ea8 asm("PTR_DAT_001e8ea8");	pointer -> LD_1f5e48	data.s
PTR_DAT_001e8eac	0x1e8eac	__DATA,__nl_symbol_ptr	pointer	4	extern unsigned char *PTR_DAT_001e8eac asm("PTR_DAT_001e8eac");	pointer -> LD_1f38e0	data.s
PTR_DAT_001e8eb0	0x1e8eb0	__DATA,__nl_symbol_ptr	pointer	4	extern unsigned char *PTR_DAT_001e8eb0 asm("PTR_DAT_001e8eb0");	pointer -> LD_1f53c8	data.s
PTR_DAT_001e8eb4	0x1e8eb4	__DATA,__nl_symbol_ptr	pointer	4	extern unsigned char *PTR_DAT_001e8eb4 asm("PTR_DAT_001e8eb4");	pointer -> LD_1f6040	data.s
PTR_DAT_001e8eb8	0x1e8eb8	__DATA,__nl_symbol_ptr	pointer	4	extern unsigned char *PTR_DAT_001e8eb8 asm("PTR_DAT_001e8eb8");	pointer -> LD_1f5978	data.s
PTR_DAT_001e8ebc	0x1e8ebc	__DATA,__nl_symbol_ptr	pointer	4	extern unsigned char *PTR_DAT_001e8ebc asm("PTR_DAT_001e8ebc");	pointer -> LD_1f44e8	data.s
PTR_DAT_001e8ec0	0x1e8ec0	__DATA,__nl_symbol_ptr	pointer	4	extern unsigned char *PTR_DAT_001e8ec0 asm("PTR_DAT_001e8ec0");	pointer -> LD_1f3090	data.s
PTR_DAT_001e8ec4	0x1e8ec4	__DATA,__nl_symbol_ptr	pointer	4	extern unsigned char *PTR_DAT_001e8ec4 asm("PTR_DAT_001e8ec4");	pointer -> LD_1f4e18	data.s
PTR_DAT_001e8ec8	0x1e8ec8	__DATA,__nl_symbol_ptr	pointer	4	extern unsigned char *PTR_DAT_001e8ec8 asm("PTR_DAT_001e8ec8");	pointer -> LD_1f2c68	data.s
PTR_DAT_001e8ecc	0x1e8ecc	__DATA,__nl_symbol_ptr	pointer	4	extern unsigned char *PTR_DAT_001e8ecc asm("PTR_DAT_001e8ecc");	pointer -> LD_1f3100	data.s
PTR_DAT_001e8ed0	0x1e8ed0	__DATA,__nl_symbol_ptr	pointer	4	extern unsigned char *PTR_DAT_001e8ed0 asm("PTR_DAT_001e8ed0");	pointer -> LD_1f4b40	data.s
PTR_DAT_001e8ed4	0x1e8ed4	__DATA,__nl_symbol_ptr	pointer	4	extern unsigned char *PTR_DAT_001e8ed4 asm("PTR_DAT_001e8ed4");	pointer -> LD_1f2a38	data.s
PTR_DAT_001e8ed8	0x1e8ed8	__DATA,__nl_symbol_ptr	pointer	4	extern unsigned char *PTR_DAT_001e8ed8 asm("PTR_DAT_001e8ed8");	pointer -> LD_1f3db0	data.s
PTR_DAT_001e8edc	0x1e8edc	__DATA,__nl_symbol_ptr	pointer	4	extern unsigned char *PTR_DAT_001e8edc asm("PTR_DAT_001e8edc");	pointer -> LD_1f50b8	data.s
PTR_DAT_001e8ee0	0x1e8ee0	__DATA,__nl_symbol_ptr	pointer	4	extern unsigned char *PTR_DAT_001e8ee0 asm("PTR_DAT_001e8ee0");	pointer -> LD_1f4b08	data.s
PTR_DAT_001e8ee4	0x1e8ee4	__DATA,__nl_symbol_ptr	pointer	4	extern unsigned char *PTR_DAT_001e8ee4 asm("PTR_DAT_001e8ee4");	pointer -> LD_1f5128	data.s
PTR_DAT_001e8ee8	0x1e8ee8	__DATA,__nl_symbol_ptr	pointer	4	extern unsigned char *PTR_DAT_001e8ee8 asm("PTR_DAT_001e8ee8");	pointer -> LD_1f5320	data.s
PTR_DAT_001e8eec	0x1e8eec	__DATA,__nl_symbol_ptr	pointer	4	extern unsigned char *PTR_DAT_001e8eec asm("PTR_DAT_001e8eec");	pointer -> LD_1f4750	data.s
PTR_DAT_001e8ef0	0x1e8ef0	__DATA,__nl_symbol_ptr	pointer	4	extern unsigned char *PTR_DAT_001e8ef0 asm("PTR_DAT_001e8ef0");	pointer -> LD_1f5860	data.s
PTR_DAT_001e8ef4	0x1e8ef4	__DATA,__nl_symbol_ptr	pointer	4	extern unsigned char *PTR_DAT_001e8ef4 asm("PTR_DAT_001e8ef4");	pointer -> LD_1f5a20	data.s
PTR_DAT_001e8ef8	0x1e8ef8	__DATA,__nl_symbol_ptr	pointer	4	extern unsigned char *PTR_DAT_001e8ef8 asm("PTR_DAT_001e8ef8");	pointer -> LD_1f5278	data.s
PTR_DAT_001e8efc	0x1e8efc	__DATA,__nl_symbol_ptr	pointer	4	extern unsigned char *PTR_DAT_001e8efc asm("PTR_DAT_001e8efc");	pointer -> LD_1f28b8	data.s
PTR_DAT_001e8f00	0x1e8f00	__DATA,__nl_symbol_ptr	pointer	4	extern unsigned char *PTR_DAT_001e8f00 asm("PTR_DAT_001e8f00");	pointer -> LD_1f3a30	data.s
PTR_DAT_001e8f04	0x1e8f04	__DATA,__nl_symbol_ptr	pointer	4	extern unsigned char *PTR_DAT_001e8f04 asm("PTR_DAT_001e8f04");	pointer -> LD_1f3c28	data.s
PTR_DAT_001e8f08	0x1e8f08	__DATA,__nl_symbol_ptr	pointer	4	extern unsigned char *PTR_DAT_001e8f08 asm("PTR_DAT_001e8f08");	pointer -> LD_1f2958	data.s
PTR_DAT_001e8f0c	0x1e8f0c	__DATA,__nl_symbol_ptr	pointer	4	extern unsigned char *PTR_DAT_001e8f0c asm("PTR_DAT_001e8f0c");	pointer -> LD_1f41d8	data.s
PTR_DAT_001e8f10	0x1e8f10	__DATA,__nl_symbol_ptr	pointer	4	extern unsigned char *PTR_DAT_001e8f10 asm("PTR_DAT_001e8f10");	pointer -> LD_1f4d00	data.s
PTR_DAT_001e8f14	0x1e8f14	__DATA,__nl_symbol_ptr	pointer	4	extern unsigned char *PTR_DAT_001e8f14 asm("PTR_DAT_001e8f14");	pointer -> LD_1f3b48	data.s
PTR_DAT_001e8f18	0x1e8f18	__DATA,__nl_symbol_ptr	pointer	4	extern unsigned char *PTR_DAT_001e8f18 asm("PTR_DAT_001e8f18");	pointer -> LD_1f5748	data.s
PTR_DAT_001e8f1c	0x1e8f1c	__DATA,__nl_symbol_ptr	pointer	4	extern unsigned char *PTR_DAT_001e8f1c asm("PTR_DAT_001e8f1c");	pointer -> LD_1f3800	data.s
PTR_DAT_001e8f20	0x1e8f20	__DATA,__nl_symbol_ptr	pointer	4	extern unsigned char *PTR_DAT_001e8f20 asm("PTR_DAT_001e8f20");	pointer -> LD_1f4a28	data.s
PTR_DAT_001e8f24	0x1e8f24	__DATA,__nl_symbol_ptr	pointer	4	extern unsigned char *PTR_DAT_001e8f24 asm("PTR_DAT_001e8f24");	pointer -> LD_1f57b8	data.s
PTR_DAT_001e8f28	0x1e8f28	__DATA,__nl_symbol_ptr	pointer	4	extern unsigned char *PTR_DAT_001e8f28 asm("PTR_DAT_001e8f28");	pointer -> LD_1f28f8	data.s
PTR_DAT_001e8f2c	0x1e8f2c	__DATA,__nl_symbol_ptr	pointer	4	extern unsigned char *PTR_DAT_001e8f2c asm("PTR_DAT_001e8f2c");	pointer -> LD_1f5470	data.s
PTR_DAT_001e8f30	0x1e8f30	__DATA,__nl_symbol_ptr	pointer	4	extern unsigned char *PTR_DAT_001e8f30 asm("PTR_DAT_001e8f30");	pointer -> LD_1f58d0	data.s
PTR_DAT_001e8f34	0x1e8f34	__DATA,__nl_symbol_ptr	pointer	4	extern unsigned char *PTR_DAT_001e8f34 asm("PTR_DAT_001e8f34");	pointer -> LD_1f54e0	data.s
PTR_DAT_001e8f38	0x1e8f38	__DATA,__nl_symbol_ptr	pointer	4	extern unsigned char *PTR_DAT_001e8f38 asm("PTR_DAT_001e8f38");	pointer -> LD_1f6008	data.s
PTR_DAT_001e8f3c	0x1e8f3c	__DATA,__nl_symbol_ptr	pointer	4	extern unsigned char *PTR_DAT_001e8f3c asm("PTR_DAT_001e8f3c");	pointer -> LD_1f4600	data.s
PTR_DAT_001e8f40	0x1e8f40	__DATA,__nl_symbol_ptr	pointer	4	extern unsigned char *PTR_DAT_001e8f40 asm("PTR_DAT_001e8f40");	pointer -> LD_1f34f0	data.s
PTR_DAT_001e8f44	0x1e8f44	__DATA,__nl_symbol_ptr	pointer	4	extern unsigned char *PTR_DAT_001e8f44 asm("PTR_DAT_001e8f44");	pointer -> LD_1f5eb8	data.s
PTR_DAT_001e8f48	0x1e8f48	__DATA,__nl_symbol_ptr	pointer	4	extern unsigned char *PTR_DAT_001e8f48 asm("PTR_DAT_001e8f48");	pointer -> LD_1f3d08	data.s
PTR_DAT_001e8f4c	0x1e8f4c	__DATA,__nl_symbol_ptr	pointer	4	extern unsigned char *PTR_DAT_001e8f4c asm("PTR_DAT_001e8f4c");	pointer -> LD_1f4398	data.s
PTR_DAT_001e8f50	0x1e8f50	__DATA,__nl_symbol_ptr	pointer	4	extern unsigned char *PTR_DAT_001e8f50 asm("PTR_DAT_001e8f50");	pointer -> LD_1f3640	data.s
PTR_DAT_001e8f54	0x1e8f54	__DATA,__nl_symbol_ptr	pointer	4	extern unsigned char *PTR_DAT_001e8f54 asm("PTR_DAT_001e8f54");	pointer -> LD_1f3608	data.s
PTR_DAT_001e8f58	0x1e8f58	__DATA,__nl_symbol_ptr	pointer	4	extern unsigned char *PTR_DAT_001e8f58 asm("PTR_DAT_001e8f58");	pointer -> LD_1f5be0	data.s
PTR_DAT_001e8f5c	0x1e8f5c	__DATA,__nl_symbol_ptr	pointer	4	extern unsigned char *PTR_DAT_001e8f5c asm("PTR_DAT_001e8f5c");	pointer -> LD_1f47c0	data.s
PTR_DAT_001e8f60	0x1e8f60	__DATA,__nl_symbol_ptr	pointer	4	extern unsigned char *PTR_DAT_001e8f60 asm("PTR_DAT_001e8f60");	pointer -> LD_1f3a68	data.s
PTR_DAT_001e8f64	0x1e8f64	__DATA,__nl_symbol_ptr	pointer	4	extern unsigned char *PTR_DAT_001e8f64 asm("PTR_DAT_001e8f64");	pointer -> LD_1f32f8	data.s
PTR_DAT_001e8f68	0x1e8f68	__DATA,__nl_symbol_ptr	pointer	4	extern unsigned char *PTR_DAT_001e8f68 asm("PTR_DAT_001e8f68");	pointer -> LD_1f5010	data.s
PTR_DAT_001e8f6c	0x1e8f6c	__DATA,__nl_symbol_ptr	pointer	4	extern unsigned char *PTR_DAT_001e8f6c asm("PTR_DAT_001e8f6c");	pointer -> LD_1f43d0	data.s
PTR_DAT_001e8f70	0x1e8f70	__DATA,__nl_symbol_ptr	pointer	4	extern unsigned char *PTR_DAT_001e8f70 asm("PTR_DAT_001e8f70");	pointer -> LD_1f42f0	data.s
PTR_DAT_001e8f74	0x1e8f74	__DATA,__nl_symbol_ptr	pointer	4	extern unsigned char *PTR_DAT_001e8f74 asm("PTR_DAT_001e8f74");	pointer -> LD_1f5780	data.s
PTR_DAT_001e8f78	0x1e8f78	__DATA,__nl_symbol_ptr	pointer	4	extern unsigned char *PTR_DAT_001e8f78 asm("PTR_DAT_001e8f78");	pointer -> LD_1f4f30	data.s
PTR_DAT_001e8f7c	0x1e8f7c	__DATA,__nl_symbol_ptr	pointer	4	extern unsigned char *PTR_DAT_001e8f7c asm("PTR_DAT_001e8f7c");	pointer -> LD_1f3058	data.s
PTR_DAT_001e8f80	0x1e8f80	__DATA,__nl_symbol_ptr	pointer	4	extern unsigned char *PTR_DAT_001e8f80 asm("PTR_DAT_001e8f80");	pointer -> LD_1f3d40	data.s
PTR_DAT_001e8f84	0x1e8f84	__DATA,__nl_symbol_ptr	pointer	4	extern unsigned char *PTR_DAT_001e8f84 asm("PTR_DAT_001e8f84");	pointer -> LD_1f44b0	data.s
PTR_DAT_001e8f88	0x1e8f88	__DATA,__nl_symbol_ptr	pointer	4	extern unsigned char *PTR_DAT_001e8f88 asm("PTR_DAT_001e8f88");	pointer -> LD_1f4638	data.s
PTR_DAT_001e8f8c	0x1e8f8c	__DATA,__nl_symbol_ptr	pointer	4	extern unsigned char *PTR_DAT_001e8f8c asm("PTR_DAT_001e8f8c");	pointer -> LD_1f2f78	data.s
PTR_DAT_001e8f90	0x1e8f90	__DATA,__nl_symbol_ptr	pointer	4	extern unsigned char *PTR_DAT_001e8f90 asm("PTR_DAT_001e8f90");	pointer -> LD_1f5e10	data.s
PTR_DAT_001e8f94	0x1e8f94	__DATA,__nl_symbol_ptr	pointer	4	extern unsigned char *PTR_DAT_001e8f94 asm("PTR_DAT_001e8f94");	pointer -> LD_1f3490	data.s
PTR_DAT_001e8f98	0x1e8f98	__DATA,__nl_symbol_ptr	pointer	4	extern unsigned char *PTR_DAT_001e8f98 asm("PTR_DAT_001e8f98");	pointer -> LD_1f5630	data.s
PTR_DAT_001e8f9c	0x1e8f9c	__DATA,__nl_symbol_ptr	pointer	4	extern unsigned char *PTR_DAT_001e8f9c asm("PTR_DAT_001e8f9c");	pointer -> LD_1f3528	data.s
PTR_DAT_001e8fa0	0x1e8fa0	__DATA,__nl_symbol_ptr	pointer	4	extern unsigned char *PTR_DAT_001e8fa0 asm("PTR_DAT_001e8fa0");	pointer -> LD_1f3e20	data.s
PTR_DAT_001e8fa4	0x1e8fa4	__DATA,__nl_symbol_ptr	pointer	4	extern unsigned char *PTR_DAT_001e8fa4 asm("PTR_DAT_001e8fa4");	pointer -> LD_1f5f28	data.s
PTR_DAT_001e8fa8	0x1e8fa8	__DATA,__nl_symbol_ptr	pointer	4	extern unsigned char *PTR_DAT_001e8fa8 asm("PTR_DAT_001e8fa8");	pointer -> LD_1f57f0	data.s
PTR_DAT_001e8fac	0x1e8fac	__DATA,__nl_symbol_ptr	pointer	4	extern unsigned char *PTR_DAT_001e8fac asm("PTR_DAT_001e8fac");	pointer -> LD_1f5940	data.s
PTR_DAT_001e8fb0	0x1e8fb0	__DATA,__nl_symbol_ptr	pointer	4	extern unsigned char *PTR_DAT_001e8fb0 asm("PTR_DAT_001e8fb0");	pointer -> LD_1f2ca0	data.s
PTR_DAT_001e8fb4	0x1e8fb4	__DATA,__nl_symbol_ptr	pointer	4	extern unsigned char *PTR_DAT_001e8fb4 asm("PTR_DAT_001e8fb4");	pointer -> LD_1f5ef0	data.s
PTR_DAT_001e8fb8	0x1e8fb8	__DATA,__nl_symbol_ptr	pointer	4	extern unsigned char *PTR_DAT_001e8fb8 asm("PTR_DAT_001e8fb8");	pointer -> LD_1f2a70	data.s
PTR_DAT_001e8fbc	0x1e8fbc	__DATA,__nl_symbol_ptr	pointer	4	extern unsigned char *PTR_DAT_001e8fbc asm("PTR_DAT_001e8fbc");	pointer -> LD_1f4408	data.s
PTR_DAT_001e8fc0	0x1e8fc0	__DATA,__nl_symbol_ptr	pointer	4	extern unsigned char *PTR_DAT_001e8fc0 asm("PTR_DAT_001e8fc0");	pointer -> LD_1f49f0	data.s
PTR_DAT_001e8fc4	0x1e8fc4	__DATA,__nl_symbol_ptr	pointer	4	extern unsigned char *PTR_DAT_001e8fc4 asm("PTR_DAT_001e8fc4");	pointer -> LD_1f4e50	data.s
PTR_DAT_001e8fc8	0x1e8fc8	__DATA,__nl_symbol_ptr	pointer	4	extern unsigned char *PTR_DAT_001e8fc8 asm("PTR_DAT_001e8fc8");	pointer -> LD_1f52e8	data.s
PTR_DAT_001e8fcc	0x1e8fcc	__DATA,__nl_symbol_ptr	pointer	4	extern unsigned char *PTR_DAT_001e8fcc asm("PTR_DAT_001e8fcc");	pointer -> LD_1f2e60	data.s
PTR_DAT_001e8fd0	0x1e8fd0	__DATA,__nl_symbol_ptr	pointer	4	extern unsigned char *PTR_DAT_001e8fd0 asm("PTR_DAT_001e8fd0");	pointer -> LD_1f5438	data.s
PTR_DAT_001e8fd4	0x1e8fd4	__DATA,__nl_symbol_ptr	pointer	4	extern unsigned char *PTR_DAT_001e8fd4 asm("PTR_DAT_001e8fd4");	pointer -> LD_1f55c0	data.s
PTR_DAT_001e8fd8	0x1e8fd8	__DATA,__nl_symbol_ptr	pointer	4	extern unsigned char *PTR_DAT_001e8fd8 asm("PTR_DAT_001e8fd8");	pointer -> LD_1f2cd8	data.s
PTR_DAT_001e8fdc	0x1e8fdc	__DATA,__nl_symbol_ptr	pointer	4	extern unsigned char *PTR_DAT_001e8fdc asm("PTR_DAT_001e8fdc");	pointer -> LD_1f5a90	data.s
PTR_DAT_001e8fe0	0x1e8fe0	__DATA,__nl_symbol_ptr	pointer	4	extern unsigned char *PTR_DAT_001e8fe0 asm("PTR_DAT_001e8fe0");	pointer -> LD_1f4ad0	data.s
PTR_DAT_001e8fe4	0x1e8fe4	__DATA,__nl_symbol_ptr	pointer	4	extern unsigned char *PTR_DAT_001e8fe4 asm("PTR_DAT_001e8fe4");	pointer -> LD_1f2f08	data.s
PTR_DAT_001e8fe8	0x1e8fe8	__DATA,__nl_symbol_ptr	pointer	4	extern unsigned char *PTR_DAT_001e8fe8 asm("PTR_DAT_001e8fe8");	pointer -> LD_1f3ec8	data.s
PTR_DAT_001e8fec	0x1e8fec	__DATA,__nl_symbol_ptr	pointer	4	extern unsigned char *PTR_DAT_001e8fec asm("PTR_DAT_001e8fec");	pointer -> LD_1f2fb0	data.s
PTR_DAT_001e8ff0	0x1e8ff0	__DATA,__nl_symbol_ptr	pointer	4	extern unsigned char *PTR_DAT_001e8ff0 asm("PTR_DAT_001e8ff0");	pointer -> LD_1f5fd0	data.s
PTR_DAT_001e8ff4	0x1e8ff4	__DATA,__nl_symbol_ptr	pointer	4	extern unsigned char *PTR_DAT_001e8ff4 asm("PTR_DAT_001e8ff4");	pointer -> LD_1f2e28	data.s
PTR_DAT_001e8ff8	0x1e8ff8	__DATA,__nl_symbol_ptr	pointer	4	extern unsigned char *PTR_DAT_001e8ff8 asm("PTR_DAT_001e8ff8");	pointer -> LD_1f5da0	data.s
PTR_DAT_001e8ffc	0x1e8ffc	__DATA,__nl_symbol_ptr	pointer	4	extern unsigned char *PTR_DAT_001e8ffc asm("PTR_DAT_001e8ffc");	pointer -> LD_1f5d68	data.s
PTR_DAT_001e9000	0x1e9000	__DATA,__nl_symbol_ptr	pointer	4	extern unsigned char *PTR_DAT_001e9000 asm("PTR_DAT_001e9000");	pointer -> LD_1f4ef8	data.s
PTR_DAT_001e9004	0x1e9004	__DATA,__nl_symbol_ptr	pointer	4	extern unsigned char *PTR_DAT_001e9004 asm("PTR_DAT_001e9004");	pointer -> LD_1f4a98	data.s
PTR_DAT_001e9008	0x1e9008	__DATA,__nl_symbol_ptr	pointer	4	extern unsigned char *PTR_DAT_001e9008 asm("PTR_DAT_001e9008");	pointer -> LD_1f59e8	data.s
PTR_DAT_001e900c	0x1e900c	__DATA,__nl_symbol_ptr	pointer	4	extern unsigned char *PTR_DAT_001e900c asm("PTR_DAT_001e900c");	pointer -> LD_1f2d10	data.s
PTR_DAT_001e9010	0x1e9010	__DATA,__nl_symbol_ptr	pointer	4	extern unsigned char *PTR_DAT_001e9010 asm("PTR_DAT_001e9010");	pointer -> LD_1f2bf8	data.s
PTR_DAT_001e9014	0x1e9014	__DATA,__nl_symbol_ptr	pointer	4	extern unsigned char *PTR_DAT_001e9014 asm("PTR_DAT_001e9014");	pointer -> LD_1f3330	data.s
PTR_DAT_001e9018	0x1e9018	__DATA,__nl_symbol_ptr	pointer	4	extern unsigned char *PTR_DAT_001e9018 asm("PTR_DAT_001e9018");	pointer -> LD_1f4670	data.s
PTR_DAT_001e901c	0x1e901c	__DATA,__nl_symbol_ptr	pointer	4	extern unsigned char *PTR_DAT_001e901c asm("PTR_DAT_001e901c");	pointer -> LD_1f4868	data.s
PTR_DAT_001e9020	0x1e9020	__DATA,__nl_symbol_ptr	pointer	4	extern unsigned char *PTR_DAT_001e9020 asm("PTR_DAT_001e9020");	pointer -> LD_1f4c20	data.s
PTR_DAT_001e9024	0x1e9024	__DATA,__nl_symbol_ptr	pointer	4	extern unsigned char *PTR_DAT_001e9024 asm("PTR_DAT_001e9024");	pointer -> LD_1f2a00	data.s
PTR_DAT_001e9028	0x1e9028	__DATA,__nl_symbol_ptr	pointer	4	extern unsigned char *PTR_DAT_001e9028 asm("PTR_DAT_001e9028");	pointer -> LD_1f3e90	data.s
PTR_DAT_001e902c	0x1e902c	__DATA,__nl_symbol_ptr	pointer	4	extern unsigned char *PTR_DAT_001e902c asm("PTR_DAT_001e902c");	pointer -> LD_1f36b0	data.s
PTR_DAT_001e9030	0x1e9030	__DATA,__nl_symbol_ptr	pointer	4	extern unsigned char *PTR_DAT_001e9030 asm("PTR_DAT_001e9030");	pointer -> LD_1f4a60	data.s
PTR_DAT_001e9034	0x1e9034	__DATA,__nl_symbol_ptr	pointer	4	extern unsigned char *PTR_DAT_001e9034 asm("PTR_DAT_001e9034");	pointer -> LD_1f5dd8	data.s
PTR_DAT_001e9038	0x1e9038	__DATA,__nl_symbol_ptr	pointer	4	extern unsigned char *PTR_DAT_001e9038 asm("PTR_DAT_001e9038");	pointer -> LD_1f40d0	data.s
PTR_DAT_001e903c	0x1e903c	__DATA,__nl_symbol_ptr	pointer	4	extern unsigned char *PTR_DAT_001e903c asm("PTR_DAT_001e903c");	pointer -> LD_1f5080	data.s
PTR_DAT_001e9040	0x1e9040	__DATA,__nl_symbol_ptr	pointer	4	extern unsigned char *PTR_DAT_001e9040 asm("PTR_DAT_001e9040");	pointer -> LD_1f46a8	data.s
PTR_DAT_001e9044	0x1e9044	__DATA,__nl_symbol_ptr	pointer	4	extern unsigned char *PTR_DAT_001e9044 asm("PTR_DAT_001e9044");	pointer -> LD_1f3bb8	data.s
PTR_DAT_001e9048	0x1e9048	__DATA,__nl_symbol_ptr	pointer	4	extern unsigned char *PTR_DAT_001e9048 asm("PTR_DAT_001e9048");	pointer -> LD_1f39c0	data.s
PTR_DAT_001e904c	0x1e904c	__DATA,__nl_symbol_ptr	pointer	4	extern unsigned char *PTR_DAT_001e904c asm("PTR_DAT_001e904c");	pointer -> LD_1f41a0	data.s
PTR_DAT_001e9050	0x1e9050	__DATA,__nl_symbol_ptr	pointer	4	extern unsigned char *PTR_DAT_001e9050 asm("PTR_DAT_001e9050");	pointer -> LD_1f5588	data.s
PTR_DAT_001e9054	0x1e9054	__DATA,__nl_symbol_ptr	pointer	4	extern unsigned char *PTR_DAT_001e9054 asm("PTR_DAT_001e9054");	pointer -> LD_1f39f8	data.s
PTR_DAT_001e9058	0x1e9058	__DATA,__nl_symbol_ptr	pointer	4	extern unsigned char *PTR_DAT_001e9058 asm("PTR_DAT_001e9058");	pointer -> LD_1f5390	data.s
PTR_DAT_001e905c	0x1e905c	__DATA,__nl_symbol_ptr	pointer	4	extern unsigned char *PTR_DAT_001e905c asm("PTR_DAT_001e905c");	pointer -> LD_1f2920	data.s
PTR_DAT_001e9060	0x1e9060	__DATA,__nl_symbol_ptr	pointer	4	extern unsigned char *PTR_DAT_001e9060 asm("PTR_DAT_001e9060");	pointer -> LD_1f4c90	data.s
PTR_DAT_001e9064	0x1e9064	__DATA,__nl_symbol_ptr	pointer	4	extern unsigned char *PTR_DAT_001e9064 asm("PTR_DAT_001e9064");	pointer -> LD_1f3fa8	data.s
PTR_DAT_001e9068	0x1e9068	__DATA,__nl_symbol_ptr	pointer	4	extern unsigned char *PTR_DAT_001e9068 asm("PTR_DAT_001e9068");	pointer -> LD_1f3720	data.s
PTR_DAT_001e906c	0x1e906c	__DATA,__nl_symbol_ptr	pointer	4	extern unsigned char *PTR_DAT_001e906c asm("PTR_DAT_001e906c");	pointer -> LD_1f2e98	data.s
PTR_DAT_001e9070	0x1e9070	__DATA,__nl_symbol_ptr	pointer	4	extern unsigned char *PTR_DAT_001e9070 asm("PTR_DAT_001e9070");	pointer -> LD_1f3448	data.s
PTR_DAT_001e9074	0x1e9074	__DATA,__nl_symbol_ptr	pointer	4	extern unsigned char *PTR_DAT_001e9074 asm("PTR_DAT_001e9074");	pointer -> LD_1f5550	data.s
PTR_DAT_001e9078	0x1e9078	__DATA,__nl_symbol_ptr	pointer	4	extern unsigned char *PTR_DAT_001e9078 asm("PTR_DAT_001e9078");	pointer -> LD_1f4210	data.s
PTR_DAT_001e907c	0x1e907c	__DATA,__nl_symbol_ptr	pointer	4	extern unsigned char *PTR_DAT_001e907c asm("PTR_DAT_001e907c");	pointer -> LD_1f2990	data.s
PTR_DAT_001e9080	0x1e9080	__DATA,__nl_symbol_ptr	pointer	4	extern unsigned char *PTR_DAT_001e9080 asm("PTR_DAT_001e9080");	pointer -> LD_1f34b8	data.s
PTR_DAT_001e9084	0x1e9084	__DATA,__nl_symbol_ptr	pointer	4	extern unsigned char *PTR_DAT_001e9084 asm("PTR_DAT_001e9084");	pointer -> LD_1f5898	data.s
PTR_DAT_001e9088	0x1e9088	__DATA,__nl_symbol_ptr	pointer	4	extern unsigned char *PTR_DAT_001e9088 asm("PTR_DAT_001e9088");	pointer -> LD_1f5b38	data.s
PTR_DAT_001e908c	0x1e908c	__DATA,__nl_symbol_ptr	pointer	4	extern unsigned char *PTR_DAT_001e908c asm("PTR_DAT_001e908c");	pointer -> LD_1f4bb0	data.s
PTR_FUN_001e9090	0x1e9090	__DATA,__nl_symbol_ptr	pointer	4	extern unsigned char *PTR_FUN_001e9090 asm("PTR_FUN_001e9090");	pointer -> FUN_00172b2c	data.s
PTR_FUN_001e9094	0x1e9094	__DATA,__nl_symbol_ptr	pointer	4	extern unsigned char *PTR_FUN_001e9094 asm("PTR_FUN_001e9094");	pointer -> FUN_00172dfc	data.s
PTR_FUN_001e9098	0x1e9098	__DATA,__nl_symbol_ptr	pointer	4	extern unsigned char *PTR_FUN_001e9098 asm("PTR_FUN_001e9098");	pointer -> FUN_00172ab0	data.s
PTR_FUN_001e909c	0x1e909c	__DATA,__nl_symbol_ptr	pointer	4	extern unsigned char *PTR_FUN_001e909c asm("PTR_FUN_001e909c");	pointer -> FUN_00173228	data.s
PTR_FUN_001e90a0	0x1e90a0	__DATA,__nl_symbol_ptr	pointer	4	extern unsigned char *PTR_FUN_001e90a0 asm("PTR_FUN_001e90a0");	pointer -> FUN_00172bd0	data.s
PTR_FUN_001e90a4	0x1e90a4	__DATA,__nl_symbol_ptr	pointer	4	extern unsigned char *PTR_FUN_001e90a4 asm("PTR_FUN_001e90a4");	pointer -> FUN_00172e78	data.s
PTR_FUN_001e90a8	0x1e90a8	__DATA,__nl_symbol_ptr	pointer	4	extern unsigned char *PTR_FUN_001e90a8 asm("PTR_FUN_001e90a8");	pointer -> FUN_00172b48	data.s
PTR_FUN_001e90ac	0x1e90ac	__DATA,__nl_symbol_ptr	pointer	4	extern unsigned char *PTR_FUN_001e90ac asm("PTR_FUN_001e90ac");	pointer -> FUN_00172b70	data.s
PTR_FUN_001e90b0	0x1e90b0	__DATA,__nl_symbol_ptr	pointer	4	extern unsigned char *PTR_FUN_001e90b0 asm("PTR_FUN_001e90b0");	pointer -> FUN_00172dc4	data.s
PTR_FUN_001e90b4	0x1e90b4	__DATA,__nl_symbol_ptr	pointer	4	extern unsigned char *PTR_FUN_001e90b4 asm("PTR_FUN_001e90b4");	pointer -> FUN_00172ba0	data.s
PTR_FUN_001e90b8	0x1e90b8	__DATA,__nl_symbol_ptr	pointer	4	extern unsigned char *PTR_FUN_001e90b8 asm("PTR_FUN_001e90b8");	pointer -> FUN_00172ad8	data.s
PTR_FUN_001e90bc	0x1e90bc	__DATA,__nl_symbol_ptr	pointer	4	extern unsigned char *PTR_FUN_001e90bc asm("PTR_FUN_001e90bc");	pointer -> FUN_00172af4	data.s
PTR_FUN_001e90c0	0x1e90c0	__DATA,__nl_symbol_ptr	pointer	4	extern unsigned char *PTR_FUN_001e90c0 asm("PTR_FUN_001e90c0");	pointer -> FUN_00172e04	data.s
PTR_FUN_001e90c4	0x1e90c4	__DATA,__nl_symbol_ptr	pointer	4	extern unsigned char *PTR_FUN_001e90c4 asm("PTR_FUN_001e90c4");	pointer -> FUN_00172d1c	data.s
PTR_DAT_001e90c8	0x1e90c8	__DATA,__nl_symbol_ptr	pointer	4	extern unsigned char *PTR_DAT_001e90c8 asm("PTR_DAT_001e90c8");	pointer -> LD_1f63a0	data.s
PTR_DAT_001e90cc	0x1e90cc	__DATA,__nl_symbol_ptr	pointer	4	extern unsigned char *PTR_DAT_001e90cc asm("PTR_DAT_001e90cc");	pointer -> LD_1f6358	data.s
PTR_DAT_001e90d0	0x1e90d0	__DATA,__nl_symbol_ptr	pointer	4	extern unsigned char *PTR_DAT_001e90d0 asm("PTR_DAT_001e90d0");	pointer -> LD_1f61a8	data.s
PTR_DAT_001e90d4	0x1e90d4	__DATA,__nl_symbol_ptr	pointer	4	extern unsigned char *PTR_DAT_001e90d4 asm("PTR_DAT_001e90d4");	pointer -> LD_1f6280	data.s
PTR_DAT_001e90d8	0x1e90d8	__DATA,__nl_symbol_ptr	pointer	4	extern unsigned char *PTR_DAT_001e90d8 asm("PTR_DAT_001e90d8");	pointer -> LD_1f6430	data.s
PTR_DAT_001e90dc	0x1e90dc	__DATA,__nl_symbol_ptr	pointer	4	extern unsigned char *PTR_DAT_001e90dc asm("PTR_DAT_001e90dc");	pointer -> LD_1f61f0	data.s
PTR_DAT_001e90e0	0x1e90e0	__DATA,__nl_symbol_ptr	pointer	4	extern unsigned char *PTR_DAT_001e90e0 asm("PTR_DAT_001e90e0");	pointer -> LD_1f63e8	data.s
PTR_DAT_001e90e4	0x1e90e4	__DATA,__nl_symbol_ptr	pointer	4	extern unsigned char *PTR_DAT_001e90e4 asm("PTR_DAT_001e90e4");	pointer -> LD_1f62c8	data.s
PTR_DAT_001e90e8	0x1e90e8	__DATA,__nl_symbol_ptr	pointer	4	extern unsigned char *PTR_DAT_001e90e8 asm("PTR_DAT_001e90e8");	pointer -> LD_1f6310	data.s
PTR_DAT_001e90ec	0x1e90ec	__DATA,__nl_symbol_ptr	pointer	4	extern unsigned char *PTR_DAT_001e90ec asm("PTR_DAT_001e90ec");	pointer -> LD_1f6248	data.s
PTR_DAT_001e90f0	0x1e90f0	__DATA,__nl_symbol_ptr	pointer	4	extern unsigned char *PTR_DAT_001e90f0 asm("PTR_DAT_001e90f0");	pointer -> LD_1f6170	data.s
PTR_DAT_001e90f4	0x1e90f4	__DATA,__nl_symbol_ptr	pointer	4	extern unsigned char *PTR_DAT_001e90f4 asm("PTR_DAT_001e90f4");	pointer -> LD_1eb320	data.s
PTR_DAT_001e90f8	0x1e90f8	__DATA,__nl_symbol_ptr	pointer	4	extern unsigned char *PTR_DAT_001e90f8 asm("PTR_DAT_001e90f8");	pointer -> LD_1dc840	data.s
PTR_DAT_001e90fc	0x1e90fc	__DATA,__nl_symbol_ptr	pointer	4	extern unsigned char *PTR_DAT_001e90fc asm("PTR_DAT_001e90fc");	pointer -> LD_1eb258	data.s
PTR_DAT_001e9100	0x1e9100	__DATA,__nl_symbol_ptr	pointer	4	extern unsigned char *PTR_DAT_001e9100 asm("PTR_DAT_001e9100");	pointer -> LD_1eb2e8	data.s
PTR_DAT_001e9104	0x1e9104	__DATA,__nl_symbol_ptr	pointer	4	extern unsigned char *PTR_DAT_001e9104 asm("PTR_DAT_001e9104");	pointer -> LD_1afdac	data.s
PTR_DAT_001e9108	0x1e9108	__DATA,__nl_symbol_ptr	pointer	4	extern unsigned char *PTR_DAT_001e9108 asm("PTR_DAT_001e9108");	pointer -> LD_1ea5a8	data.s
PTR_PTR_001e910c	0x1e910c	__DATA,__nl_symbol_ptr	pointer	4	extern unsigned char *PTR_PTR_001e910c asm("PTR_PTR_001e910c");	pointer -> LD_1dc64c	data.s
PTR_DAT_001e9110	0x1e9110	__DATA,__nl_symbol_ptr	pointer	4	extern unsigned char *PTR_DAT_001e9110 asm("PTR_DAT_001e9110");	pointer -> LD_1eb3b8	data.s
PTR_DAT_001e9114	0x1e9114	__DATA,__nl_symbol_ptr	pointer	4	extern unsigned char *PTR_DAT_001e9114 asm("PTR_DAT_001e9114");	pointer -> LD_1afa1c	data.s
PTR_DAT_001e9118	0x1e9118	__DATA,__nl_symbol_ptr	pointer	4	extern unsigned char *PTR_DAT_001e9118 asm("PTR_DAT_001e9118");	pointer -> LD_1af548	data.s
PTR_DAT_001e911c	0x1e911c	__DATA,__nl_symbol_ptr	pointer	4	extern unsigned char *PTR_DAT_001e911c asm("PTR_DAT_001e911c");	pointer -> LD_1adf48	data.s
PTR_DAT_001e9120	0x1e9120	__DATA,__nl_symbol_ptr	pointer	4	extern unsigned char *PTR_DAT_001e9120 asm("PTR_DAT_001e9120");	pointer -> LD_1af3c8	data.s
PTR_DAT_001e9124	0x1e9124	__DATA,__nl_symbol_ptr	pointer	4	extern unsigned char *PTR_DAT_001e9124 asm("PTR_DAT_001e9124");	pointer -> LD_1ab8ac	data.s
PTR_DAT_001e9128	0x1e9128	__DATA,__nl_symbol_ptr	pointer	4	extern unsigned char *PTR_DAT_001e9128 asm("PTR_DAT_001e9128");	pointer -> LD_1adc44	data.s
PTR_DAT_001e912c	0x1e912c	__DATA,__nl_symbol_ptr	pointer	4	extern unsigned char *PTR_DAT_001e912c asm("PTR_DAT_001e912c");	pointer -> LD_1dc820	data.s
PTR_DAT_001e9130	0x1e9130	__DATA,__nl_symbol_ptr	pointer	4	extern unsigned char *PTR_DAT_001e9130 asm("PTR_DAT_001e9130");	pointer -> LD_1e9d68	data.s
PTR_DAT_001e9134	0x1e9134	__DATA,__nl_symbol_ptr	pointer	4	extern unsigned char *PTR_DAT_001e9134 asm("PTR_DAT_001e9134");	pointer -> LD_1f64b8	data.s
PTR_DAT_001e9138	0x1e9138	__DATA,__nl_symbol_ptr	pointer	4	extern unsigned char *PTR_DAT_001e9138 asm("PTR_DAT_001e9138");	pointer -> LD_1f6520	data.s
PTR_DAT_001e913c	0x1e913c	__DATA,__nl_symbol_ptr	pointer	4	extern unsigned char *PTR_DAT_001e913c asm("PTR_DAT_001e913c");	pointer -> LD_1dca64	data.s
PTR_DAT_001e9140	0x1e9140	__DATA,__nl_symbol_ptr	pointer	4	extern unsigned char *PTR_DAT_001e9140 asm("PTR_DAT_001e9140");	pointer -> LD_1df1fc	data.s
PTR_DAT_001e9144	0x1e9144	__DATA,__nl_symbol_ptr	pointer	4	extern unsigned char *PTR_DAT_001e9144 asm("PTR_DAT_001e9144");	pointer -> LD_1ead80	data.s
PTR_DAT_001e9148	0x1e9148	__DATA,__nl_symbol_ptr	pointer	4	extern unsigned char *PTR_DAT_001e9148 asm("PTR_DAT_001e9148");	pointer -> LD_1eb600	data.s
PTR_DAT_001e914c	0x1e914c	__DATA,__nl_symbol_ptr	pointer	4	extern unsigned char *PTR_DAT_001e914c asm("PTR_DAT_001e914c");	pointer -> LD_1e9a38	data.s
PTR_FUN_001e9150	0x1e9150	__DATA,__const	undefined *	4	extern unsigned char *PTR_FUN_001e9150[] asm("PTR_FUN_001e9150");	pointer -> FUN_00078990	data.s
PTR_s_1D_001e9158	0x1e9158	__DATA,__const	undefined *	4	extern unsigned char *PTR_s_1D_001e9158[] asm("PTR_s_1D_001e9158");	pointer -> LD_1a4524	data.s
UNK_001e915c	0x1e915c	__DATA,__const	-	-	extern unsigned char UNK_001e915c asm("UNK_001e915c");	0x0000000e	data.s
UNK_001e9160	0x1e9160	__DATA,__const	-	-	extern unsigned char UNK_001e9160 asm("UNK_001e9160");	0x00000001	data.s
PTR_DAT_001e9770	0x1e9770	__DATA,__const	pointer	4	extern unsigned char *PTR_DAT_001e9770 asm("PTR_DAT_001e9770");	pointer -> LD_1dbd84	data.s
PTR_DAT_001e9774	0x1e9774	__DATA,__const	pointer	4	extern unsigned char *PTR_DAT_001e9774 asm("PTR_DAT_001e9774");	pointer -> LD_1dbd14	data.s
PTR_DAT_001e9778	0x1e9778	__DATA,__const	pointer	4	extern unsigned char *PTR_DAT_001e9778 asm("PTR_DAT_001e9778");	pointer -> LD_1fa5e8	data.s
PTR_DAT_001e977c	0x1e977c	__DATA,__const	pointer	4	extern unsigned char *PTR_DAT_001e977c asm("PTR_DAT_001e977c");	pointer -> LD_1dbd14	data.s
PTR_DAT_001e9780	0x1e9780	__DATA,__const	pointer	4	extern unsigned char *PTR_DAT_001e9780 asm("PTR_DAT_001e9780");	pointer -> LD_1dbd84	data.s
PTR_DAT_001e9784	0x1e9784	__DATA,__const	pointer	4	extern unsigned char *PTR_DAT_001e9784 asm("PTR_DAT_001e9784");	pointer -> LD_1fa5e8	data.s
PTR_DAT_001e9788	0x1e9788	__DATA,__const	pointer	4	extern unsigned char *PTR_DAT_001e9788 asm("PTR_DAT_001e9788");	pointer -> LD_1dbd14	data.s
PTR_DAT_001e978c	0x1e978c	__DATA,__const	pointer	4	extern unsigned char *PTR_DAT_001e978c asm("PTR_DAT_001e978c");	pointer -> LD_1dbd84	data.s
PTR_DAT_001e9790	0x1e9790	__DATA,__const	pointer	4	extern unsigned char *PTR_DAT_001e9790 asm("PTR_DAT_001e9790");	pointer -> LD_1fa5e8	data.s
PTR_FUN_001e97a0	0x1e97a0	__DATA,__const	undefined *	4	extern unsigned char PTR_FUN_001e97a0[] asm("PTR_FUN_001e97a0");	pointer -> FUN_001cd970	data.s
PTR_FUN_001e9848	0x1e9848	__DATA,__const	undefined *	4	extern unsigned char PTR_FUN_001e9848[] asm("PTR_FUN_001e9848");	pointer -> FUN_001cda2c	data.s
PTR_FUN_001e98f0	0x1e98f0	__DATA,__const	undefined *	4	extern unsigned char PTR_FUN_001e98f0[] asm("PTR_FUN_001e98f0");	pointer -> FUN_001cdae8	data.s
PTR_FUN_001e9998	0x1e9998	__DATA,__const	undefined *	4	extern unsigned char PTR_FUN_001e9998[] asm("PTR_FUN_001e9998");	pointer -> FUN_001cdba4	data.s
PTR_FUN_001e9a40	0x1e9a40	__DATA,__const	pointer	4	extern unsigned char *PTR_FUN_001e9a40 asm("PTR_FUN_001e9a40");	pointer -> FUN_001cd7ec	data.s
PTR_FUN_001e9b08	0x1e9b08	__DATA,__const	undefined *	4	extern unsigned char PTR_FUN_001e9b08[] asm("PTR_FUN_001e9b08");	pointer -> FUN_000ebbb0	data.s
PTR_FUN_001e9b60	0x1e9b60	__DATA,__const	undefined *	4	extern unsigned char PTR_FUN_001e9b60[] asm("PTR_FUN_001e9b60");	pointer -> FUN_001cdf28	data.s
PTR_FUN_001e9bb8	0x1e9bb8	__DATA,__const	undefined *	4	extern unsigned char PTR_FUN_001e9bb8[] asm("PTR_FUN_001e9bb8");	pointer -> FUN_001cdfb4	data.s
PTR_FUN_001e9c10	0x1e9c10	__DATA,__const	undefined *	4	extern unsigned char PTR_FUN_001e9c10[] asm("PTR_FUN_001e9c10");	pointer -> FUN_001ce040	data.s
PTR_FUN_001e9c68	0x1e9c68	__DATA,__const	undefined *	4	extern unsigned char PTR_FUN_001e9c68[] asm("PTR_FUN_001e9c68");	pointer -> FUN_001ce0cc	data.s
PTR_FUN_001e9cc0	0x1e9cc0	__DATA,__const	undefined *	4	extern unsigned char PTR_FUN_001e9cc0[] asm("PTR_FUN_001e9cc0");	pointer -> FUN_001ce158	data.s
PTR_FUN_001e9d18	0x1e9d18	__DATA,__const	undefined *	4	extern unsigned char PTR_FUN_001e9d18[] asm("PTR_FUN_001e9d18");	pointer -> FUN_001ce1e4	data.s
PTR_FUN_001e9d70	0x1e9d70	__DATA,__const	undefined *	4	extern unsigned char PTR_FUN_001e9d70[] asm("PTR_FUN_001e9d70");	pointer -> FUN_001ce270	data.s
PTR_FUN_001e9dc8	0x1e9dc8	__DATA,__const	undefined *	4	extern unsigned char PTR_FUN_001e9dc8[] asm("PTR_FUN_001e9dc8");	pointer -> FUN_001ce2fc	data.s
PTR_FUN_001e9e20	0x1e9e20	__DATA,__const	undefined *	4	extern unsigned char PTR_FUN_001e9e20[] asm("PTR_FUN_001e9e20");	pointer -> FUN_001ce53c	data.s
PTR_FUN_001e9e78	0x1e9e78	__DATA,__const	undefined *	4	extern unsigned char PTR_FUN_001e9e78[] asm("PTR_FUN_001e9e78");	pointer -> FUN_001ce5e8	data.s
PTR_FUN_001e9ed0	0x1e9ed0	__DATA,__const	undefined *	4	extern unsigned char PTR_FUN_001e9ed0[] asm("PTR_FUN_001e9ed0");	pointer -> FUN_001ce48c	data.s
PTR_FUN_001e9f28	0x1e9f28	__DATA,__const	undefined *	4	extern unsigned char PTR_FUN_001e9f28[] asm("PTR_FUN_001e9f28");	pointer -> FUN_001ce518	data.s
PTR_DAT_001e9f78	0x1e9f78	__DATA,__const	pointer	4	extern unsigned char *PTR_DAT_001e9f78[] asm("PTR_DAT_001e9f78");	pointer -> LD_1ae228	data.s
PTR_DAT_001e9f7c	0x1e9f7c	__DATA,__const	pointer	4	extern unsigned char *PTR_DAT_001e9f7c[] asm("PTR_DAT_001e9f7c");	pointer -> LD_1ae4a8	data.s
PTR_DAT_001e9f80	0x1e9f80	__DATA,__const	undefined *	4	extern unsigned char *PTR_DAT_001e9f80[] asm("PTR_DAT_001e9f80");	pointer -> LD_1ae310	data.s
PTR_FUN_001e9fc8	0x1e9fc8	__DATA,__const	undefined *	4	extern unsigned char PTR_FUN_001e9fc8[] asm("PTR_FUN_001e9fc8");	pointer -> FUN_001ced3c	data.s
PTR_FUN_001ea070	0x1ea070	__DATA,__const	undefined *	4	extern unsigned char PTR_FUN_001ea070[] asm("PTR_FUN_001ea070");	pointer -> FUN_001cfcbc	data.s
PTR_FUN_001ea118	0x1ea118	__DATA,__const	undefined *	4	extern unsigned char PTR_FUN_001ea118[] asm("PTR_FUN_001ea118");	pointer -> FUN_001cf608	data.s
PTR_FUN_001ea1c0	0x1ea1c0	__DATA,__const	undefined *	4	extern unsigned char PTR_FUN_001ea1c0[] asm("PTR_FUN_001ea1c0");	pointer -> FUN_001cfd38	data.s
PTR_FUN_001ea268	0x1ea268	__DATA,__const	undefined *	4	extern unsigned char PTR_FUN_001ea268[] asm("PTR_FUN_001ea268");	pointer -> FUN_001cfdb4	data.s
PTR_FUN_001ea310	0x1ea310	__DATA,__const	undefined *	4	extern unsigned char PTR_FUN_001ea310[] asm("PTR_FUN_001ea310");	pointer -> FUN_001cfe30	data.s
PTR_FUN_001ea3b8	0x1ea3b8	__DATA,__const	undefined *	4	extern unsigned char PTR_FUN_001ea3b8[] asm("PTR_FUN_001ea3b8");	pointer -> FUN_001cfeac	data.s
PTR_FUN_001ea460	0x1ea460	__DATA,__const	undefined *	4	extern unsigned char PTR_FUN_001ea460[] asm("PTR_FUN_001ea460");	pointer -> FUN_001cf63c	data.s
DAT_001ea4fc	0x1ea4fc	__DATA,__const	-	-	extern unsigned char DAT_001ea4fc asm("DAT_001ea4fc");	0x00000000	data.s
DAT_001ea500	0x1ea500	__DATA,__const	undefined4	4	extern unsigned int DAT_001ea500 asm("DAT_001ea500");	0x00000000	data.s
PTR_FUN_001ea5b0	0x1ea5b0	__DATA,__const	undefined *	4	extern unsigned char PTR_FUN_001ea5b0[] asm("PTR_FUN_001ea5b0");	pointer -> FUN_001cffa4	data.s
PTR_FUN_001ea748	0x1ea748	__DATA,__const	undefined *	4	extern unsigned char PTR_FUN_001ea748[] asm("PTR_FUN_001ea748");	pointer -> FUN_001d7d58	data.s
PTR_FUN_001ea780	0x1ea780	__DATA,__const	undefined *	4	extern unsigned char PTR_FUN_001ea780[] asm("PTR_FUN_001ea780");	pointer -> FUN_001d7dd4	data.s
PTR_FUN_001ea7b8	0x1ea7b8	__DATA,__const	undefined *	4	extern unsigned char PTR_FUN_001ea7b8[] asm("PTR_FUN_001ea7b8");	pointer -> FUN_001d7e50	data.s
PTR_FUN_001ea7f0	0x1ea7f0	__DATA,__const	undefined *	4	extern unsigned char PTR_FUN_001ea7f0[] asm("PTR_FUN_001ea7f0");	pointer -> FUN_001d7ecc	data.s
PTR_FUN_001ea828	0x1ea828	__DATA,__const	undefined *	4	extern unsigned char PTR_FUN_001ea828[] asm("PTR_FUN_001ea828");	pointer -> FUN_001d7f48	data.s
PTR_FUN_001ea860	0x1ea860	__DATA,__const	undefined *	4	extern unsigned char PTR_FUN_001ea860[] asm("PTR_FUN_001ea860");	pointer -> FUN_001d7fc4	data.s
PTR_FUN_001ea898	0x1ea898	__DATA,__const	undefined *	4	extern unsigned char PTR_FUN_001ea898[] asm("PTR_FUN_001ea898");	pointer -> FUN_001d8040	data.s
PTR_FUN_001ea8d0	0x1ea8d0	__DATA,__const	undefined *	4	extern unsigned char PTR_FUN_001ea8d0[] asm("PTR_FUN_001ea8d0");	pointer -> FUN_001d80bc	data.s
DAT_001ea904	0x1ea904	__DATA,__const	-	-	extern unsigned char DAT_001ea904 asm("DAT_001ea904");	0x00000201	data.s
DAT_001ea908	0x1ea908	__DATA,__const	-	-	extern unsigned char DAT_001ea908[] asm("DAT_001ea908");	0x00000000	data.s
PTR_FUN_001ead68	0x1ead68	__DATA,__const	undefined *	4	extern unsigned char PTR_FUN_001ead68[] asm("PTR_FUN_001ead68");	pointer -> FUN_001d8380	data.s
PTR_FUN_001ead88	0x1ead88	__DATA,__const	undefined *	4	extern unsigned char PTR_FUN_001ead88[] asm("PTR_FUN_001ead88");	pointer -> FUN_001d83b4	data.s
PTR_FUN_001eaf20	0x1eaf20	__DATA,__const	undefined *	4	extern unsigned char PTR_FUN_001eaf20[] asm("PTR_FUN_001eaf20");	pointer -> FUN_001d84e0	data.s
PTR_FUN_001eb0c0	0x1eb0c0	__DATA,__const	undefined *	4	extern unsigned char PTR_FUN_001eb0c0[] asm("PTR_FUN_001eb0c0");	pointer -> FUN_001d8548	data.s
PTR_DAT_001eb254	0x1eb254	__DATA,__const	pointer	4	extern unsigned char *PTR_DAT_001eb254 asm("PTR_DAT_001eb254");	pointer -> LD_1aa818	data.s
PTR_FUN_001eb260	0x1eb260	__DATA,__const	undefined *	4	extern unsigned char PTR_FUN_001eb260[] asm("PTR_FUN_001eb260");	pointer -> FUN_001d8874	data.s
PTR_FUN_001eb2f0	0x1eb2f0	__DATA,__const	undefined *	4	extern unsigned char PTR_FUN_001eb2f0[] asm("PTR_FUN_001eb2f0");	pointer -> FUN_001d8850	data.s
PTR_DAT_001eb328	0x1eb328	__DATA,__const	undefined *	4	extern unsigned char PTR_DAT_001eb328[] asm("PTR_DAT_001eb328");	pointer -> orph_1d8910	data.s
PTR_orph_1d8910_001eb328	0x1eb328	__DATA,__const	undefined *	4	extern unsigned char PTR_orph_1d8910_001eb328[] asm("PTR_orph_1d8910_001eb328");	pointer -> orph_1d8910	data.s
PTR_FUN_001eb3c0	0x1eb3c0	__DATA,__const	undefined *	4	extern unsigned char PTR_FUN_001eb3c0[] asm("PTR_FUN_001eb3c0");	pointer -> FUN_001d8a28	data.s
PTR_FUN_001eb450	0x1eb450	__DATA,__const	undefined *	4	extern unsigned char PTR_FUN_001eb450[] asm("PTR_FUN_001eb450");	pointer -> FUN_001d8bc0	data.s
PTR_FUN_001eb5e8	0x1eb5e8	__DATA,__const	undefined *	4	extern unsigned char PTR_FUN_001eb5e8[] asm("PTR_FUN_001eb5e8");	pointer -> FUN_001d8b7c	data.s
PTR_FUN_001eb608	0x1eb608	__DATA,__const	undefined *	4	extern unsigned char PTR_FUN_001eb608[] asm("PTR_FUN_001eb608");	pointer -> FUN_001d8c70	data.s
PTR_FUN_001eb6a0	0x1eb6a0	__DATA,__const	undefined *	4	extern unsigned char PTR_FUN_001eb6a0[] asm("PTR_FUN_001eb6a0");	pointer -> FUN_00196dfc	data.s
PTR_FUN_001eb808	0x1eb808	__DATA,__const	undefined *	4	extern unsigned char PTR_FUN_001eb808[] asm("PTR_FUN_001eb808");	pointer -> FUN_0019b9ac	data.s
PTR_FUN_001eb8d8	0x1eb8d8	__DATA,__const	undefined *	4	extern unsigned char PTR_FUN_001eb8d8[] asm("PTR_FUN_001eb8d8");	pointer -> FUN_0019df54	data.s
PTR_FUN_001eb9a8	0x1eb9a8	__DATA,__const	undefined *	4	extern unsigned char PTR_FUN_001eb9a8[] asm("PTR_FUN_001eb9a8");	pointer -> FUN_001d8fc0	data.s
DAT_001f3a54	0x1f3a54	__DATA,__const_coal	-	-	extern unsigned char DAT_001f3a54 asm("DAT_001f3a54");	0x00000000	data.s
PTR_DAT_001f4850	0x1f4850	__DATA,__const_coal	pointer	4	extern unsigned char *PTR_DAT_001f4850 asm("PTR_DAT_001f4850");	pointer -> orph_1d0258	data.s
DAT_001f65e0	0x1f65e0	__DATA,__bss	undefined4	4	extern unsigned char *DAT_001f65e0 asm("DAT_001f65e0");		data.s
DAT_001f65e4	0x1f65e4	__DATA,__bss	undefined1	1	extern unsigned char DAT_001f65e4[] asm("DAT_001f65e4");		data.s
DAT_001f65e5	0x1f65e5	__DATA,__bss	undefined1	1	extern unsigned char DAT_001f65e5[] asm("DAT_001f65e5");		data.s
DAT_001f65e6	0x1f65e6	__DATA,__bss	undefined1	1	extern unsigned char DAT_001f65e6[] asm("DAT_001f65e6");		data.s
DAT_001f65e7	0x1f65e7	__DATA,__bss	undefined1	1	extern unsigned char DAT_001f65e7 asm("DAT_001f65e7");		data.s
DAT_001f8514	0x1f8514	__DATA,__bss	-	-	extern unsigned char DAT_001f8514 asm("DAT_001f8514");		data.s
DAT_001fa5e4	0x1fa5e4	__DATA,__bss	undefined4	4	extern unsigned int DAT_001fa5e4 asm("DAT_001fa5e4");		data.s
DAT_001fa5e8	0x1fa5e8	__DATA,__bss	-	-	extern unsigned char DAT_001fa5e8 asm("DAT_001fa5e8");		data.s
DAT_001fa5f8	0x1fa5f8	__DATA,__bss	undefined4	4	extern unsigned int DAT_001fa5f8 asm("DAT_001fa5f8");		data.s
DAT_001fa5fc	0x1fa5fc	__DATA,__bss	undefined4	4	extern unsigned int DAT_001fa5fc asm("DAT_001fa5fc");		data.s
DAT_001fa600	0x1fa600	__DATA,__bss	undefined4	4	extern unsigned int DAT_001fa600 asm("DAT_001fa600");		data.s
DAT_001fa604	0x1fa604	__DATA,__bss	undefined4	4	extern unsigned int DAT_001fa604 asm("DAT_001fa604");		data.s
DAT_001fa608	0x1fa608	__DATA,__bss	undefined4	4	extern unsigned int DAT_001fa608 asm("DAT_001fa608");		data.s
DAT_001fa60c	0x1fa60c	__DATA,__bss	undefined4	4	extern unsigned int DAT_001fa60c asm("DAT_001fa60c");		data.s
DAT_001fa610	0x1fa610	__DATA,__bss	undefined4	4	extern unsigned int DAT_001fa610 asm("DAT_001fa610");		data.s
DAT_001fa614	0x1fa614	__DATA,__bss	undefined4	4	extern unsigned int DAT_001fa614 asm("DAT_001fa614");		data.s
DAT_001fa618	0x1fa618	__DATA,__bss	undefined4	4	extern unsigned int DAT_001fa618 asm("DAT_001fa618");		data.s
DAT_001fa61c	0x1fa61c	__DATA,__bss	undefined4	4	extern unsigned char *DAT_001fa61c asm("DAT_001fa61c");		data.s
DAT_001fa620	0x1fa620	__DATA,__bss	undefined4	4	extern unsigned int DAT_001fa620 asm("DAT_001fa620");		data.s
DAT_001fa628	0x1fa628	__DATA,__bss	-	-	extern unsigned char DAT_001fa628 asm("DAT_001fa628");		data.s
DAT_001fa630	0x1fa630	__DATA,__bss	-	-	extern unsigned char DAT_001fa630 asm("DAT_001fa630");		data.s
DAT_001fa638	0x1fa638	__DATA,__bss	-	-	extern unsigned char DAT_001fa638 asm("DAT_001fa638");		data.s
DAT_001fa640	0x1fa640	__DATA,__bss	-	-	extern unsigned char DAT_001fa640 asm("DAT_001fa640");		data.s
DAT_001fa648	0x1fa648	__DATA,__bss	-	-	extern unsigned char DAT_001fa648 asm("DAT_001fa648");		data.s
DAT_001fa650	0x1fa650	__DATA,__bss	-	-	extern unsigned char DAT_001fa650 asm("DAT_001fa650");		data.s
DAT_001fa658	0x1fa658	__DATA,__bss	-	-	extern unsigned char DAT_001fa658 asm("DAT_001fa658");		data.s
DAT_001fa660	0x1fa660	__DATA,__bss	-	-	extern unsigned char DAT_001fa660 asm("DAT_001fa660");		data.s
DAT_001fa668	0x1fa668	__DATA,__bss	-	-	extern unsigned char DAT_001fa668 asm("DAT_001fa668");		data.s
DAT_001fa670	0x1fa670	__DATA,__bss	-	-	extern unsigned char DAT_001fa670 asm("DAT_001fa670");		data.s
DAT_001fa678	0x1fa678	__DATA,__bss	-	-	extern unsigned char DAT_001fa678 asm("DAT_001fa678");		data.s
DAT_001fa680	0x1fa680	__DATA,__bss	-	-	extern unsigned char DAT_001fa680 asm("DAT_001fa680");		data.s
DAT_001fa688	0x1fa688	__DATA,__bss	-	-	extern unsigned char DAT_001fa688 asm("DAT_001fa688");		data.s
DAT_001fa690	0x1fa690	__DATA,__bss	-	-	extern unsigned char DAT_001fa690 asm("DAT_001fa690");		data.s
DAT_001fa698	0x1fa698	__DATA,__bss	-	-	extern unsigned char DAT_001fa698 asm("DAT_001fa698");		data.s
DAT_001fa6a0	0x1fa6a0	__DATA,__bss	-	-	extern unsigned char DAT_001fa6a0 asm("DAT_001fa6a0");		data.s
DAT_001fa6a8	0x1fa6a8	__DATA,__bss	-	-	extern unsigned char DAT_001fa6a8 asm("DAT_001fa6a8");		data.s
DAT_001fa6b0	0x1fa6b0	__DATA,__bss	-	-	extern unsigned char DAT_001fa6b0 asm("DAT_001fa6b0");		data.s
DAT_001fa6b8	0x1fa6b8	__DATA,__bss	-	-	extern unsigned char DAT_001fa6b8 asm("DAT_001fa6b8");		data.s
DAT_001fa6c0	0x1fa6c0	__DATA,__bss	-	-	extern unsigned char DAT_001fa6c0 asm("DAT_001fa6c0");		data.s
DAT_001fa6c8	0x1fa6c8	__DATA,__bss	-	-	extern unsigned char DAT_001fa6c8 asm("DAT_001fa6c8");		data.s
DAT_001fa6d0	0x1fa6d0	__DATA,__bss	-	-	extern unsigned char DAT_001fa6d0 asm("DAT_001fa6d0");		data.s
DAT_001fa6d8	0x1fa6d8	__DATA,__bss	-	-	extern unsigned char DAT_001fa6d8 asm("DAT_001fa6d8");		data.s
DAT_001fa6e0	0x1fa6e0	__DATA,__bss	-	-	extern unsigned char DAT_001fa6e0 asm("DAT_001fa6e0");		data.s
DAT_001fa6e8	0x1fa6e8	__DATA,__bss	-	-	extern unsigned char DAT_001fa6e8 asm("DAT_001fa6e8");		data.s
DAT_001fa6f0	0x1fa6f0	__DATA,__bss	-	-	extern unsigned char DAT_001fa6f0 asm("DAT_001fa6f0");		data.s
DAT_001fa6f8	0x1fa6f8	__DATA,__bss	-	-	extern unsigned char DAT_001fa6f8 asm("DAT_001fa6f8");		data.s
DAT_001fa700	0x1fa700	__DATA,__bss	-	-	extern unsigned char DAT_001fa700 asm("DAT_001fa700");		data.s
DAT_001fa708	0x1fa708	__DATA,__bss	-	-	extern unsigned char DAT_001fa708 asm("DAT_001fa708");		data.s
DAT_001fa710	0x1fa710	__DATA,__bss	-	-	extern unsigned char DAT_001fa710 asm("DAT_001fa710");		data.s
DAT_001fa718	0x1fa718	__DATA,__bss	-	-	extern unsigned char DAT_001fa718 asm("DAT_001fa718");		data.s
DAT_001fa720	0x1fa720	__DATA,__bss	-	-	extern unsigned char DAT_001fa720 asm("DAT_001fa720");		data.s
DAT_001fa728	0x1fa728	__DATA,__bss	-	-	extern unsigned char DAT_001fa728 asm("DAT_001fa728");		data.s
DAT_001fa730	0x1fa730	__DATA,__bss	-	-	extern unsigned char DAT_001fa730 asm("DAT_001fa730");		data.s
DAT_001fa738	0x1fa738	__DATA,__bss	-	-	extern unsigned char DAT_001fa738 asm("DAT_001fa738");		data.s
DAT_001fa740	0x1fa740	__DATA,__bss	-	-	extern unsigned char DAT_001fa740 asm("DAT_001fa740");		data.s
DAT_001fa748	0x1fa748	__DATA,__bss	-	-	extern unsigned char DAT_001fa748 asm("DAT_001fa748");		data.s
DAT_001fa750	0x1fa750	__DATA,__bss	-	-	extern unsigned char DAT_001fa750 asm("DAT_001fa750");		data.s
DAT_001fa758	0x1fa758	__DATA,__bss	-	-	extern unsigned char DAT_001fa758 asm("DAT_001fa758");		data.s
DAT_001fa760	0x1fa760	__DATA,__bss	-	-	extern unsigned char DAT_001fa760 asm("DAT_001fa760");		data.s
DAT_001fa768	0x1fa768	__DATA,__bss	-	-	extern unsigned char DAT_001fa768 asm("DAT_001fa768");		data.s
DAT_001fa770	0x1fa770	__DATA,__bss	-	-	extern unsigned char DAT_001fa770 asm("DAT_001fa770");		data.s
DAT_001fa778	0x1fa778	__DATA,__bss	-	-	extern unsigned char DAT_001fa778 asm("DAT_001fa778");		data.s
DAT_001fa780	0x1fa780	__DATA,__bss	-	-	extern unsigned char DAT_001fa780 asm("DAT_001fa780");		data.s
DAT_001fa788	0x1fa788	__DATA,__bss	-	-	extern unsigned char DAT_001fa788 asm("DAT_001fa788");		data.s
DAT_001fa790	0x1fa790	__DATA,__bss	-	-	extern unsigned char DAT_001fa790 asm("DAT_001fa790");		data.s
DAT_001fa798	0x1fa798	__DATA,__bss	-	-	extern unsigned char DAT_001fa798 asm("DAT_001fa798");		data.s
DAT_001fa7a0	0x1fa7a0	__DATA,__bss	-	-	extern unsigned char DAT_001fa7a0 asm("DAT_001fa7a0");		data.s
DAT_001fa7a8	0x1fa7a8	__DATA,__bss	-	-	extern unsigned char DAT_001fa7a8 asm("DAT_001fa7a8");		data.s
DAT_001fa7b0	0x1fa7b0	__DATA,__bss	-	-	extern unsigned char DAT_001fa7b0 asm("DAT_001fa7b0");		data.s
DAT_001fa7b8	0x1fa7b8	__DATA,__bss	-	-	extern unsigned char DAT_001fa7b8 asm("DAT_001fa7b8");		data.s
DAT_001fa7c0	0x1fa7c0	__DATA,__bss	-	-	extern unsigned char DAT_001fa7c0 asm("DAT_001fa7c0");		data.s
DAT_001fa7c8	0x1fa7c8	__DATA,__bss	-	-	extern unsigned char DAT_001fa7c8 asm("DAT_001fa7c8");		data.s
DAT_001fa7d0	0x1fa7d0	__DATA,__bss	-	-	extern unsigned char DAT_001fa7d0 asm("DAT_001fa7d0");		data.s
DAT_001fa7d8	0x1fa7d8	__DATA,__bss	-	-	extern unsigned char DAT_001fa7d8 asm("DAT_001fa7d8");		data.s
DAT_001fa7e0	0x1fa7e0	__DATA,__bss	-	-	extern unsigned char DAT_001fa7e0 asm("DAT_001fa7e0");		data.s
DAT_001fa7e8	0x1fa7e8	__DATA,__bss	-	-	extern unsigned char DAT_001fa7e8 asm("DAT_001fa7e8");		data.s
DAT_001fa7f0	0x1fa7f0	__DATA,__bss	-	-	extern unsigned char DAT_001fa7f0 asm("DAT_001fa7f0");		data.s
DAT_001fa7f8	0x1fa7f8	__DATA,__bss	-	-	extern unsigned char DAT_001fa7f8 asm("DAT_001fa7f8");		data.s
DAT_001fa800	0x1fa800	__DATA,__bss	-	-	extern unsigned char DAT_001fa800 asm("DAT_001fa800");		data.s
DAT_001fa808	0x1fa808	__DATA,__bss	-	-	extern unsigned char DAT_001fa808 asm("DAT_001fa808");		data.s
DAT_001fa810	0x1fa810	__DATA,__bss	-	-	extern unsigned char DAT_001fa810 asm("DAT_001fa810");		data.s
DAT_001fa818	0x1fa818	__DATA,__bss	-	-	extern unsigned char DAT_001fa818 asm("DAT_001fa818");		data.s
DAT_001fa820	0x1fa820	__DATA,__bss	-	-	extern unsigned char DAT_001fa820 asm("DAT_001fa820");		data.s
DAT_001fa828	0x1fa828	__DATA,__bss	-	-	extern unsigned char DAT_001fa828 asm("DAT_001fa828");		data.s
DAT_001fa830	0x1fa830	__DATA,__bss	-	-	extern unsigned char DAT_001fa830 asm("DAT_001fa830");		data.s
DAT_001fa838	0x1fa838	__DATA,__bss	-	-	extern unsigned char DAT_001fa838 asm("DAT_001fa838");		data.s
DAT_001fa840	0x1fa840	__DATA,__bss	-	-	extern unsigned char DAT_001fa840 asm("DAT_001fa840");		data.s
DAT_001fa848	0x1fa848	__DATA,__bss	-	-	extern unsigned char DAT_001fa848 asm("DAT_001fa848");		data.s
DAT_001fa850	0x1fa850	__DATA,__bss	-	-	extern unsigned char DAT_001fa850 asm("DAT_001fa850");		data.s
DAT_001fa858	0x1fa858	__DATA,__bss	-	-	extern unsigned char DAT_001fa858 asm("DAT_001fa858");		data.s
DAT_001fa860	0x1fa860	__DATA,__bss	-	-	extern unsigned char DAT_001fa860 asm("DAT_001fa860");		data.s
DAT_001fa868	0x1fa868	__DATA,__bss	-	-	extern unsigned char DAT_001fa868 asm("DAT_001fa868");		data.s
DAT_001fa870	0x1fa870	__DATA,__bss	-	-	extern unsigned char DAT_001fa870 asm("DAT_001fa870");		data.s
DAT_001fa878	0x1fa878	__DATA,__bss	-	-	extern unsigned char DAT_001fa878 asm("DAT_001fa878");		data.s
DAT_001fa880	0x1fa880	__DATA,__bss	-	-	extern unsigned char DAT_001fa880 asm("DAT_001fa880");		data.s
DAT_001fa888	0x1fa888	__DATA,__bss	-	-	extern unsigned char DAT_001fa888 asm("DAT_001fa888");		data.s
DAT_001fa890	0x1fa890	__DATA,__bss	-	-	extern unsigned char DAT_001fa890 asm("DAT_001fa890");		data.s
DAT_001fa898	0x1fa898	__DATA,__bss	-	-	extern unsigned char DAT_001fa898 asm("DAT_001fa898");		data.s
DAT_001fa8a0	0x1fa8a0	__DATA,__bss	-	-	extern unsigned char DAT_001fa8a0 asm("DAT_001fa8a0");		data.s
DAT_001fa8a8	0x1fa8a8	__DATA,__bss	-	-	extern unsigned char DAT_001fa8a8 asm("DAT_001fa8a8");		data.s
DAT_001fa8b0	0x1fa8b0	__DATA,__bss	-	-	extern unsigned char DAT_001fa8b0 asm("DAT_001fa8b0");		data.s
DAT_001fa8b8	0x1fa8b8	__DATA,__bss	-	-	extern unsigned char DAT_001fa8b8 asm("DAT_001fa8b8");		data.s
DAT_001fa8c0	0x1fa8c0	__DATA,__bss	-	-	extern unsigned char DAT_001fa8c0 asm("DAT_001fa8c0");		data.s
DAT_001fa8c8	0x1fa8c8	__DATA,__bss	-	-	extern unsigned char DAT_001fa8c8 asm("DAT_001fa8c8");		data.s
DAT_001fa8d0	0x1fa8d0	__DATA,__bss	-	-	extern unsigned char DAT_001fa8d0 asm("DAT_001fa8d0");		data.s
DAT_001fa8d8	0x1fa8d8	__DATA,__bss	-	-	extern unsigned char DAT_001fa8d8 asm("DAT_001fa8d8");		data.s
DAT_001fa8e0	0x1fa8e0	__DATA,__bss	-	-	extern unsigned char DAT_001fa8e0 asm("DAT_001fa8e0");		data.s
DAT_001fa8e8	0x1fa8e8	__DATA,__bss	-	-	extern unsigned char DAT_001fa8e8 asm("DAT_001fa8e8");		data.s
DAT_001fa8f0	0x1fa8f0	__DATA,__bss	-	-	extern unsigned char DAT_001fa8f0 asm("DAT_001fa8f0");		data.s
DAT_001fa8f8	0x1fa8f8	__DATA,__bss	-	-	extern unsigned char DAT_001fa8f8 asm("DAT_001fa8f8");		data.s
DAT_001fa900	0x1fa900	__DATA,__bss	-	-	extern unsigned char DAT_001fa900 asm("DAT_001fa900");		data.s
DAT_001fa908	0x1fa908	__DATA,__bss	-	-	extern unsigned char DAT_001fa908 asm("DAT_001fa908");		data.s
DAT_001fa910	0x1fa910	__DATA,__bss	-	-	extern unsigned char DAT_001fa910 asm("DAT_001fa910");		data.s
DAT_001fa918	0x1fa918	__DATA,__bss	-	-	extern unsigned char DAT_001fa918 asm("DAT_001fa918");		data.s
DAT_001fa920	0x1fa920	__DATA,__bss	-	-	extern unsigned char DAT_001fa920 asm("DAT_001fa920");		data.s
DAT_001fa928	0x1fa928	__DATA,__bss	-	-	extern unsigned char DAT_001fa928 asm("DAT_001fa928");		data.s
DAT_001fa930	0x1fa930	__DATA,__bss	-	-	extern unsigned char DAT_001fa930 asm("DAT_001fa930");		data.s
DAT_001fa938	0x1fa938	__DATA,__bss	-	-	extern unsigned char DAT_001fa938 asm("DAT_001fa938");		data.s
DAT_001fa940	0x1fa940	__DATA,__bss	-	-	extern unsigned char DAT_001fa940 asm("DAT_001fa940");		data.s
DAT_001fa948	0x1fa948	__DATA,__bss	-	-	extern unsigned char DAT_001fa948 asm("DAT_001fa948");		data.s
DAT_001fa950	0x1fa950	__DATA,__bss	-	-	extern unsigned char DAT_001fa950 asm("DAT_001fa950");		data.s
DAT_001fa958	0x1fa958	__DATA,__bss	-	-	extern unsigned char DAT_001fa958 asm("DAT_001fa958");		data.s
DAT_001fa960	0x1fa960	__DATA,__bss	-	-	extern unsigned char DAT_001fa960 asm("DAT_001fa960");		data.s
DAT_001fa968	0x1fa968	__DATA,__bss	-	-	extern unsigned char DAT_001fa968 asm("DAT_001fa968");		data.s
DAT_001fa970	0x1fa970	__DATA,__bss	-	-	extern unsigned char DAT_001fa970 asm("DAT_001fa970");		data.s
DAT_001fa978	0x1fa978	__DATA,__bss	-	-	extern unsigned char DAT_001fa978 asm("DAT_001fa978");		data.s
DAT_001fa980	0x1fa980	__DATA,__bss	-	-	extern unsigned char DAT_001fa980 asm("DAT_001fa980");		data.s
DAT_001fa988	0x1fa988	__DATA,__bss	-	-	extern unsigned char DAT_001fa988 asm("DAT_001fa988");		data.s
DAT_001fa990	0x1fa990	__DATA,__bss	-	-	extern unsigned char DAT_001fa990 asm("DAT_001fa990");		data.s
DAT_001fa998	0x1fa998	__DATA,__bss	-	-	extern unsigned char DAT_001fa998 asm("DAT_001fa998");		data.s
DAT_001fa9a0	0x1fa9a0	__DATA,__bss	-	-	extern unsigned char DAT_001fa9a0 asm("DAT_001fa9a0");		data.s
DAT_001fa9a8	0x1fa9a8	__DATA,__bss	-	-	extern unsigned char DAT_001fa9a8 asm("DAT_001fa9a8");		data.s
DAT_001fa9b0	0x1fa9b0	__DATA,__bss	-	-	extern unsigned char DAT_001fa9b0 asm("DAT_001fa9b0");		data.s
DAT_001fa9b8	0x1fa9b8	__DATA,__bss	-	-	extern unsigned char DAT_001fa9b8 asm("DAT_001fa9b8");		data.s
DAT_001fa9c0	0x1fa9c0	__DATA,__bss	-	-	extern unsigned char DAT_001fa9c0 asm("DAT_001fa9c0");		data.s
DAT_001fa9c8	0x1fa9c8	__DATA,__bss	-	-	extern unsigned char DAT_001fa9c8 asm("DAT_001fa9c8");		data.s
DAT_001fa9d0	0x1fa9d0	__DATA,__bss	-	-	extern unsigned char DAT_001fa9d0 asm("DAT_001fa9d0");		data.s
DAT_001fa9d8	0x1fa9d8	__DATA,__bss	-	-	extern unsigned char DAT_001fa9d8 asm("DAT_001fa9d8");		data.s
DAT_001fa9e0	0x1fa9e0	__DATA,__bss	-	-	extern unsigned char DAT_001fa9e0 asm("DAT_001fa9e0");		data.s
DAT_001fa9e8	0x1fa9e8	__DATA,__bss	-	-	extern unsigned char DAT_001fa9e8 asm("DAT_001fa9e8");		data.s
DAT_001fa9f0	0x1fa9f0	__DATA,__bss	-	-	extern unsigned char DAT_001fa9f0 asm("DAT_001fa9f0");		data.s
DAT_001fa9f8	0x1fa9f8	__DATA,__bss	-	-	extern unsigned char DAT_001fa9f8 asm("DAT_001fa9f8");		data.s
DAT_001faa00	0x1faa00	__DATA,__bss	-	-	extern unsigned char DAT_001faa00 asm("DAT_001faa00");		data.s
DAT_001faa08	0x1faa08	__DATA,__bss	-	-	extern unsigned char DAT_001faa08 asm("DAT_001faa08");		data.s
DAT_001faa10	0x1faa10	__DATA,__bss	-	-	extern unsigned char DAT_001faa10 asm("DAT_001faa10");		data.s
DAT_001faa18	0x1faa18	__DATA,__bss	-	-	extern unsigned char DAT_001faa18 asm("DAT_001faa18");		data.s
DAT_001faa20	0x1faa20	__DATA,__bss	-	-	extern unsigned char DAT_001faa20 asm("DAT_001faa20");		data.s
DAT_001faa28	0x1faa28	__DATA,__bss	-	-	extern unsigned char DAT_001faa28 asm("DAT_001faa28");		data.s
DAT_001faa30	0x1faa30	__DATA,__bss	-	-	extern unsigned char DAT_001faa30 asm("DAT_001faa30");		data.s
DAT_001faa38	0x1faa38	__DATA,__bss	-	-	extern unsigned char DAT_001faa38 asm("DAT_001faa38");		data.s
DAT_001faa40	0x1faa40	__DATA,__bss	-	-	extern unsigned char DAT_001faa40 asm("DAT_001faa40");		data.s
DAT_001faa48	0x1faa48	__DATA,__bss	-	-	extern unsigned char DAT_001faa48 asm("DAT_001faa48");		data.s
DAT_001faa50	0x1faa50	__DATA,__bss	-	-	extern unsigned char DAT_001faa50 asm("DAT_001faa50");		data.s
DAT_001faa58	0x1faa58	__DATA,__bss	-	-	extern unsigned char DAT_001faa58 asm("DAT_001faa58");		data.s
DAT_001faa60	0x1faa60	__DATA,__bss	-	-	extern unsigned char DAT_001faa60 asm("DAT_001faa60");		data.s
DAT_001faa68	0x1faa68	__DATA,__bss	-	-	extern unsigned char DAT_001faa68 asm("DAT_001faa68");		data.s
DAT_001faa70	0x1faa70	__DATA,__bss	-	-	extern unsigned char DAT_001faa70 asm("DAT_001faa70");		data.s
DAT_001faa78	0x1faa78	__DATA,__bss	-	-	extern unsigned char DAT_001faa78 asm("DAT_001faa78");		data.s
DAT_001faa80	0x1faa80	__DATA,__bss	-	-	extern unsigned char DAT_001faa80 asm("DAT_001faa80");		data.s
DAT_001faa88	0x1faa88	__DATA,__bss	-	-	extern unsigned char DAT_001faa88 asm("DAT_001faa88");		data.s
DAT_001faa90	0x1faa90	__DATA,__bss	-	-	extern unsigned char DAT_001faa90 asm("DAT_001faa90");		data.s
DAT_001faa98	0x1faa98	__DATA,__bss	-	-	extern unsigned char DAT_001faa98 asm("DAT_001faa98");		data.s
DAT_001faaa0	0x1faaa0	__DATA,__bss	-	-	extern unsigned char DAT_001faaa0 asm("DAT_001faaa0");		data.s
DAT_001faaa8	0x1faaa8	__DATA,__bss	-	-	extern unsigned char DAT_001faaa8 asm("DAT_001faaa8");		data.s
DAT_001faab0	0x1faab0	__DATA,__bss	-	-	extern unsigned char DAT_001faab0 asm("DAT_001faab0");		data.s
DAT_001faab8	0x1faab8	__DATA,__bss	-	-	extern unsigned char DAT_001faab8 asm("DAT_001faab8");		data.s
DAT_001faac0	0x1faac0	__DATA,__bss	-	-	extern unsigned char DAT_001faac0 asm("DAT_001faac0");		data.s
DAT_001faac8	0x1faac8	__DATA,__bss	-	-	extern unsigned char DAT_001faac8 asm("DAT_001faac8");		data.s
DAT_001faad0	0x1faad0	__DATA,__bss	-	-	extern unsigned char DAT_001faad0 asm("DAT_001faad0");		data.s
DAT_001faad8	0x1faad8	__DATA,__bss	-	-	extern unsigned char DAT_001faad8 asm("DAT_001faad8");		data.s
DAT_001faae0	0x1faae0	__DATA,__bss	-	-	extern unsigned char DAT_001faae0 asm("DAT_001faae0");		data.s
DAT_001faae8	0x1faae8	__DATA,__bss	-	-	extern unsigned char DAT_001faae8 asm("DAT_001faae8");		data.s
DAT_001faaf0	0x1faaf0	__DATA,__bss	-	-	extern unsigned char DAT_001faaf0 asm("DAT_001faaf0");		data.s
DAT_001faaf8	0x1faaf8	__DATA,__bss	-	-	extern unsigned char DAT_001faaf8 asm("DAT_001faaf8");		data.s
DAT_001fab00	0x1fab00	__DATA,__bss	-	-	extern unsigned char DAT_001fab00 asm("DAT_001fab00");		data.s
DAT_001fab08	0x1fab08	__DATA,__bss	-	-	extern unsigned char DAT_001fab08 asm("DAT_001fab08");		data.s
DAT_001fab10	0x1fab10	__DATA,__bss	-	-	extern unsigned char DAT_001fab10 asm("DAT_001fab10");		data.s
DAT_001fab18	0x1fab18	__DATA,__bss	-	-	extern unsigned char DAT_001fab18 asm("DAT_001fab18");		data.s
DAT_001fab20	0x1fab20	__DATA,__bss	-	-	extern unsigned char DAT_001fab20 asm("DAT_001fab20");		data.s
DAT_001fab28	0x1fab28	__DATA,__bss	-	-	extern unsigned char DAT_001fab28 asm("DAT_001fab28");		data.s
DAT_001fab30	0x1fab30	__DATA,__bss	-	-	extern unsigned char DAT_001fab30 asm("DAT_001fab30");		data.s
DAT_001fab38	0x1fab38	__DATA,__bss	-	-	extern unsigned char DAT_001fab38 asm("DAT_001fab38");		data.s
DAT_001fab40	0x1fab40	__DATA,__bss	-	-	extern unsigned char DAT_001fab40 asm("DAT_001fab40");		data.s
DAT_001fab48	0x1fab48	__DATA,__bss	-	-	extern unsigned char DAT_001fab48 asm("DAT_001fab48");		data.s
DAT_001fab50	0x1fab50	__DATA,__bss	-	-	extern unsigned char DAT_001fab50 asm("DAT_001fab50");		data.s
DAT_001fab58	0x1fab58	__DATA,__bss	-	-	extern unsigned char DAT_001fab58 asm("DAT_001fab58");		data.s
DAT_001fab60	0x1fab60	__DATA,__bss	-	-	extern unsigned char DAT_001fab60 asm("DAT_001fab60");		data.s
DAT_001fab68	0x1fab68	__DATA,__bss	-	-	extern unsigned char DAT_001fab68 asm("DAT_001fab68");		data.s
DAT_001fab70	0x1fab70	__DATA,__bss	-	-	extern unsigned char DAT_001fab70 asm("DAT_001fab70");		data.s
DAT_001fab78	0x1fab78	__DATA,__bss	-	-	extern unsigned char DAT_001fab78 asm("DAT_001fab78");		data.s
DAT_001fab80	0x1fab80	__DATA,__bss	-	-	extern unsigned char DAT_001fab80 asm("DAT_001fab80");		data.s
DAT_001fab88	0x1fab88	__DATA,__bss	-	-	extern unsigned char DAT_001fab88 asm("DAT_001fab88");		data.s
DAT_001fab90	0x1fab90	__DATA,__bss	-	-	extern unsigned char DAT_001fab90 asm("DAT_001fab90");		data.s
DAT_001fab98	0x1fab98	__DATA,__bss	-	-	extern unsigned char DAT_001fab98 asm("DAT_001fab98");		data.s
DAT_001faba0	0x1faba0	__DATA,__bss	-	-	extern unsigned char DAT_001faba0 asm("DAT_001faba0");		data.s
DAT_001faba8	0x1faba8	__DATA,__bss	-	-	extern unsigned char DAT_001faba8 asm("DAT_001faba8");		data.s
DAT_001fabb0	0x1fabb0	__DATA,__bss	-	-	extern unsigned char DAT_001fabb0 asm("DAT_001fabb0");		data.s
DAT_001fabb8	0x1fabb8	__DATA,__bss	-	-	extern unsigned char DAT_001fabb8 asm("DAT_001fabb8");		data.s
DAT_001fabc0	0x1fabc0	__DATA,__bss	-	-	extern unsigned char DAT_001fabc0 asm("DAT_001fabc0");		data.s
DAT_001fabc8	0x1fabc8	__DATA,__bss	-	-	extern unsigned char DAT_001fabc8 asm("DAT_001fabc8");		data.s
DAT_001fabd0	0x1fabd0	__DATA,__bss	-	-	extern unsigned char DAT_001fabd0 asm("DAT_001fabd0");		data.s
DAT_001fabd8	0x1fabd8	__DATA,__bss	-	-	extern unsigned char DAT_001fabd8 asm("DAT_001fabd8");		data.s
DAT_001fabe0	0x1fabe0	__DATA,__bss	-	-	extern unsigned char DAT_001fabe0 asm("DAT_001fabe0");		data.s
DAT_001fabe8	0x1fabe8	__DATA,__bss	-	-	extern unsigned char DAT_001fabe8 asm("DAT_001fabe8");		data.s
DAT_001fabf0	0x1fabf0	__DATA,__bss	-	-	extern unsigned char DAT_001fabf0 asm("DAT_001fabf0");		data.s
DAT_001fabf8	0x1fabf8	__DATA,__bss	-	-	extern unsigned char DAT_001fabf8 asm("DAT_001fabf8");		data.s
DAT_001fac00	0x1fac00	__DATA,__bss	-	-	extern unsigned char DAT_001fac00 asm("DAT_001fac00");		data.s
DAT_001fac08	0x1fac08	__DATA,__bss	-	-	extern unsigned char DAT_001fac08 asm("DAT_001fac08");		data.s
DAT_001fac10	0x1fac10	__DATA,__bss	-	-	extern unsigned char DAT_001fac10 asm("DAT_001fac10");		data.s
DAT_001fac18	0x1fac18	__DATA,__bss	-	-	extern unsigned char DAT_001fac18 asm("DAT_001fac18");		data.s
DAT_001fac20	0x1fac20	__DATA,__bss	-	-	extern unsigned char DAT_001fac20 asm("DAT_001fac20");		data.s
DAT_001fac28	0x1fac28	__DATA,__bss	-	-	extern unsigned char DAT_001fac28 asm("DAT_001fac28");		data.s
DAT_001fac30	0x1fac30	__DATA,__bss	-	-	extern unsigned char DAT_001fac30 asm("DAT_001fac30");		data.s
DAT_001fac38	0x1fac38	__DATA,__bss	-	-	extern unsigned char DAT_001fac38 asm("DAT_001fac38");		data.s
DAT_001fac40	0x1fac40	__DATA,__bss	-	-	extern unsigned char DAT_001fac40 asm("DAT_001fac40");		data.s
DAT_001fac48	0x1fac48	__DATA,__bss	-	-	extern unsigned char DAT_001fac48 asm("DAT_001fac48");		data.s
DAT_001fac50	0x1fac50	__DATA,__bss	-	-	extern unsigned char DAT_001fac50 asm("DAT_001fac50");		data.s
DAT_001fac58	0x1fac58	__DATA,__bss	-	-	extern unsigned char DAT_001fac58 asm("DAT_001fac58");		data.s
DAT_001fac60	0x1fac60	__DATA,__bss	-	-	extern unsigned char DAT_001fac60 asm("DAT_001fac60");		data.s
DAT_001fac68	0x1fac68	__DATA,__bss	-	-	extern unsigned char DAT_001fac68 asm("DAT_001fac68");		data.s
DAT_001fac70	0x1fac70	__DATA,__bss	-	-	extern unsigned char DAT_001fac70 asm("DAT_001fac70");		data.s
DAT_001fac78	0x1fac78	__DATA,__bss	-	-	extern unsigned char DAT_001fac78 asm("DAT_001fac78");		data.s
DAT_001fac80	0x1fac80	__DATA,__bss	-	-	extern unsigned char DAT_001fac80 asm("DAT_001fac80");		data.s
DAT_001fac88	0x1fac88	__DATA,__bss	-	-	extern unsigned char DAT_001fac88 asm("DAT_001fac88");		data.s
DAT_001fac90	0x1fac90	__DATA,__bss	-	-	extern unsigned char DAT_001fac90 asm("DAT_001fac90");		data.s
DAT_001fac98	0x1fac98	__DATA,__bss	-	-	extern unsigned char DAT_001fac98 asm("DAT_001fac98");		data.s
DAT_001faca0	0x1faca0	__DATA,__bss	-	-	extern unsigned char DAT_001faca0 asm("DAT_001faca0");		data.s
DAT_001faca8	0x1faca8	__DATA,__bss	-	-	extern unsigned char DAT_001faca8 asm("DAT_001faca8");		data.s
DAT_001facb0	0x1facb0	__DATA,__bss	-	-	extern unsigned char DAT_001facb0 asm("DAT_001facb0");		data.s
DAT_001facb8	0x1facb8	__DATA,__bss	-	-	extern unsigned char DAT_001facb8 asm("DAT_001facb8");		data.s
DAT_001facc0	0x1facc0	__DATA,__bss	-	-	extern unsigned char DAT_001facc0 asm("DAT_001facc0");		data.s
DAT_001facc8	0x1facc8	__DATA,__bss	-	-	extern unsigned char DAT_001facc8 asm("DAT_001facc8");		data.s
DAT_001facd0	0x1facd0	__DATA,__bss	-	-	extern unsigned char DAT_001facd0 asm("DAT_001facd0");		data.s
DAT_001facd8	0x1facd8	__DATA,__bss	-	-	extern unsigned char DAT_001facd8 asm("DAT_001facd8");		data.s
DAT_001face0	0x1face0	__DATA,__bss	-	-	extern unsigned char DAT_001face0 asm("DAT_001face0");		data.s
DAT_001face8	0x1face8	__DATA,__bss	-	-	extern unsigned char DAT_001face8 asm("DAT_001face8");		data.s
DAT_001facf0	0x1facf0	__DATA,__bss	-	-	extern unsigned char DAT_001facf0 asm("DAT_001facf0");		data.s
DAT_001facf8	0x1facf8	__DATA,__bss	-	-	extern unsigned char DAT_001facf8 asm("DAT_001facf8");		data.s
DAT_001fad00	0x1fad00	__DATA,__bss	-	-	extern unsigned char DAT_001fad00 asm("DAT_001fad00");		data.s
DAT_001fad08	0x1fad08	__DATA,__bss	-	-	extern unsigned char DAT_001fad08 asm("DAT_001fad08");		data.s
DAT_001fad10	0x1fad10	__DATA,__bss	-	-	extern unsigned char DAT_001fad10 asm("DAT_001fad10");		data.s
DAT_001fad18	0x1fad18	__DATA,__bss	-	-	extern unsigned char DAT_001fad18 asm("DAT_001fad18");		data.s
DAT_001fad20	0x1fad20	__DATA,__bss	-	-	extern unsigned char DAT_001fad20 asm("DAT_001fad20");		data.s
DAT_001fad28	0x1fad28	__DATA,__bss	-	-	extern unsigned char DAT_001fad28 asm("DAT_001fad28");		data.s
DAT_001fad30	0x1fad30	__DATA,__bss	-	-	extern unsigned char DAT_001fad30 asm("DAT_001fad30");		data.s
DAT_001fad38	0x1fad38	__DATA,__bss	-	-	extern unsigned char DAT_001fad38 asm("DAT_001fad38");		data.s
DAT_001fad40	0x1fad40	__DATA,__bss	-	-	extern unsigned char DAT_001fad40 asm("DAT_001fad40");		data.s
DAT_001fad48	0x1fad48	__DATA,__bss	-	-	extern unsigned char DAT_001fad48 asm("DAT_001fad48");		data.s
DAT_001fad50	0x1fad50	__DATA,__bss	-	-	extern unsigned char DAT_001fad50 asm("DAT_001fad50");		data.s
DAT_001fad58	0x1fad58	__DATA,__bss	-	-	extern unsigned char DAT_001fad58 asm("DAT_001fad58");		data.s
DAT_001fad60	0x1fad60	__DATA,__bss	-	-	extern unsigned char DAT_001fad60 asm("DAT_001fad60");		data.s
DAT_001fad68	0x1fad68	__DATA,__bss	-	-	extern unsigned char DAT_001fad68 asm("DAT_001fad68");		data.s
DAT_001fad70	0x1fad70	__DATA,__bss	-	-	extern unsigned char DAT_001fad70 asm("DAT_001fad70");		data.s
DAT_001fad78	0x1fad78	__DATA,__bss	-	-	extern unsigned char DAT_001fad78 asm("DAT_001fad78");		data.s
DAT_001fad80	0x1fad80	__DATA,__bss	-	-	extern unsigned char DAT_001fad80 asm("DAT_001fad80");		data.s
DAT_001fad88	0x1fad88	__DATA,__bss	-	-	extern unsigned char DAT_001fad88 asm("DAT_001fad88");		data.s
DAT_001fad90	0x1fad90	__DATA,__bss	-	-	extern unsigned char DAT_001fad90 asm("DAT_001fad90");		data.s
DAT_001fad98	0x1fad98	__DATA,__bss	-	-	extern unsigned char DAT_001fad98 asm("DAT_001fad98");		data.s
DAT_001fada0	0x1fada0	__DATA,__bss	-	-	extern unsigned char DAT_001fada0 asm("DAT_001fada0");		data.s
DAT_001fada8	0x1fada8	__DATA,__bss	-	-	extern unsigned char DAT_001fada8 asm("DAT_001fada8");		data.s
DAT_001fadb0	0x1fadb0	__DATA,__bss	-	-	extern unsigned char DAT_001fadb0 asm("DAT_001fadb0");		data.s
DAT_001fadb8	0x1fadb8	__DATA,__bss	-	-	extern unsigned char DAT_001fadb8 asm("DAT_001fadb8");		data.s
DAT_001fadc0	0x1fadc0	__DATA,__bss	-	-	extern unsigned char DAT_001fadc0 asm("DAT_001fadc0");		data.s
DAT_001fadc8	0x1fadc8	__DATA,__bss	-	-	extern unsigned char DAT_001fadc8 asm("DAT_001fadc8");		data.s
DAT_001fadd0	0x1fadd0	__DATA,__bss	-	-	extern unsigned char DAT_001fadd0 asm("DAT_001fadd0");		data.s
DAT_001fadd8	0x1fadd8	__DATA,__bss	-	-	extern unsigned char DAT_001fadd8 asm("DAT_001fadd8");		data.s
DAT_001fade0	0x1fade0	__DATA,__bss	-	-	extern unsigned char DAT_001fade0 asm("DAT_001fade0");		data.s
DAT_001fade8	0x1fade8	__DATA,__bss	-	-	extern unsigned char DAT_001fade8 asm("DAT_001fade8");		data.s
DAT_001fadf0	0x1fadf0	__DATA,__bss	-	-	extern unsigned char DAT_001fadf0 asm("DAT_001fadf0");		data.s
DAT_001fadf8	0x1fadf8	__DATA,__bss	-	-	extern unsigned char DAT_001fadf8 asm("DAT_001fadf8");		data.s
DAT_001fae00	0x1fae00	__DATA,__bss	-	-	extern unsigned char DAT_001fae00 asm("DAT_001fae00");		data.s
DAT_001fae08	0x1fae08	__DATA,__bss	-	-	extern unsigned char DAT_001fae08 asm("DAT_001fae08");		data.s
DAT_001fae10	0x1fae10	__DATA,__bss	undefined4	4	extern unsigned int DAT_001fae10 asm("DAT_001fae10");		data.s
DAT_001fae18	0x1fae18	__DATA,__bss	undefined4	4	extern unsigned int DAT_001fae18 asm("DAT_001fae18");		data.s
DAT_001fae1c	0x1fae1c	__DATA,__bss	undefined4	4	extern unsigned int DAT_001fae1c asm("DAT_001fae1c");		data.s
DAT_001fae20	0x1fae20	__DATA,__bss	undefined4	4	extern unsigned int DAT_001fae20 asm("DAT_001fae20");		data.s
DAT_001fae24	0x1fae24	__DATA,__bss	undefined4	4	extern unsigned int DAT_001fae24 asm("DAT_001fae24");		data.s
DAT_001fae2c	0x1fae2c	__DATA,__bss	undefined4	4	extern unsigned int DAT_001fae2c asm("DAT_001fae2c");		data.s
DAT_001fae30	0x1fae30	__DATA,__bss	undefined4	4	extern unsigned int DAT_001fae30 asm("DAT_001fae30");		data.s
DAT_001fae34	0x1fae34	__DATA,__bss	undefined4	4	extern unsigned int DAT_001fae34 asm("DAT_001fae34");		data.s
DAT_001fae38	0x1fae38	__DATA,__bss	undefined4	4	extern unsigned int DAT_001fae38 asm("DAT_001fae38");		data.s
DAT_001fae40	0x1fae40	__DATA,__bss	undefined4	4	extern unsigned int DAT_001fae40 asm("DAT_001fae40");		data.s
DAT_001fae44	0x1fae44	__DATA,__bss	undefined4	4	extern unsigned int DAT_001fae44 asm("DAT_001fae44");		data.s
DAT_001fae48	0x1fae48	__DATA,__bss	undefined4	4	extern unsigned int DAT_001fae48 asm("DAT_001fae48");		data.s
DAT_001fae4c	0x1fae4c	__DATA,__bss	undefined4	4	extern unsigned int DAT_001fae4c asm("DAT_001fae4c");		data.s
DAT_001fae54	0x1fae54	__DATA,__bss	undefined4	4	extern unsigned int DAT_001fae54 asm("DAT_001fae54");		data.s
DAT_001fae58	0x1fae58	__DATA,__bss	undefined4	4	extern unsigned int DAT_001fae58 asm("DAT_001fae58");		data.s
DAT_001fae5c	0x1fae5c	__DATA,__bss	undefined4	4	extern unsigned int DAT_001fae5c asm("DAT_001fae5c");		data.s
DAT_001fae60	0x1fae60	__DATA,__bss	undefined4	4	extern unsigned int DAT_001fae60 asm("DAT_001fae60");		data.s
DAT_001fae68	0x1fae68	__DATA,__bss	undefined4	4	extern unsigned int DAT_001fae68 asm("DAT_001fae68");		data.s
DAT_001fae6c	0x1fae6c	__DATA,__bss	undefined4	4	extern unsigned int DAT_001fae6c asm("DAT_001fae6c");		data.s
DAT_001fae70	0x1fae70	__DATA,__bss	undefined4	4	extern unsigned int DAT_001fae70 asm("DAT_001fae70");		data.s
DAT_001fae74	0x1fae74	__DATA,__bss	undefined4	4	extern unsigned int DAT_001fae74 asm("DAT_001fae74");		data.s
DAT_001fae7c	0x1fae7c	__DATA,__bss	undefined4	4	extern unsigned int DAT_001fae7c asm("DAT_001fae7c");		data.s
DAT_001fae80	0x1fae80	__DATA,__bss	undefined4	4	extern unsigned int DAT_001fae80 asm("DAT_001fae80");		data.s
DAT_001fae84	0x1fae84	__DATA,__bss	undefined4	4	extern unsigned int DAT_001fae84 asm("DAT_001fae84");		data.s
DAT_001fae88	0x1fae88	__DATA,__bss	undefined4	4	extern unsigned int DAT_001fae88 asm("DAT_001fae88");		data.s
DAT_001fae90	0x1fae90	__DATA,__bss	undefined4	4	extern unsigned int DAT_001fae90 asm("DAT_001fae90");		data.s
DAT_001fae94	0x1fae94	__DATA,__bss	undefined4	4	extern unsigned int DAT_001fae94 asm("DAT_001fae94");		data.s
DAT_001fae98	0x1fae98	__DATA,__bss	undefined4	4	extern unsigned int DAT_001fae98 asm("DAT_001fae98");		data.s
DAT_001fae9c	0x1fae9c	__DATA,__bss	undefined4	4	extern unsigned int DAT_001fae9c asm("DAT_001fae9c");		data.s
DAT_001faea4	0x1faea4	__DATA,__bss	undefined4	4	extern unsigned int DAT_001faea4 asm("DAT_001faea4");		data.s
DAT_001faea8	0x1faea8	__DATA,__bss	undefined4	4	extern unsigned int DAT_001faea8 asm("DAT_001faea8");		data.s
DAT_001faeac	0x1faeac	__DATA,__bss	undefined4	4	extern unsigned int DAT_001faeac asm("DAT_001faeac");		data.s
DAT_001faeb0	0x1faeb0	__DATA,__bss	undefined4	4	extern unsigned int DAT_001faeb0 asm("DAT_001faeb0");		data.s
DAT_001faeb8	0x1faeb8	__DATA,__bss	undefined4	4	extern unsigned int DAT_001faeb8 asm("DAT_001faeb8");		data.s
DAT_001faebc	0x1faebc	__DATA,__bss	undefined4	4	extern unsigned int DAT_001faebc asm("DAT_001faebc");		data.s
DAT_001faec0	0x1faec0	__DATA,__bss	undefined4	4	extern unsigned int DAT_001faec0 asm("DAT_001faec0");		data.s
DAT_001faec4	0x1faec4	__DATA,__bss	undefined4	4	extern unsigned int DAT_001faec4 asm("DAT_001faec4");		data.s
DAT_001faecc	0x1faecc	__DATA,__bss	undefined4	4	extern unsigned int DAT_001faecc asm("DAT_001faecc");		data.s
DAT_001faed0	0x1faed0	__DATA,__bss	undefined4	4	extern unsigned int DAT_001faed0 asm("DAT_001faed0");		data.s
DAT_001faed4	0x1faed4	__DATA,__bss	undefined4	4	extern unsigned int DAT_001faed4 asm("DAT_001faed4");		data.s
DAT_001faed8	0x1faed8	__DATA,__bss	undefined4	4	extern unsigned int DAT_001faed8 asm("DAT_001faed8");		data.s
DAT_001faee0	0x1faee0	__DATA,__bss	undefined4	4	extern unsigned int DAT_001faee0 asm("DAT_001faee0");		data.s
DAT_001faee4	0x1faee4	__DATA,__bss	undefined4	4	extern unsigned int DAT_001faee4 asm("DAT_001faee4");		data.s
DAT_001faee8	0x1faee8	__DATA,__bss	undefined4	4	extern unsigned int DAT_001faee8 asm("DAT_001faee8");		data.s
DAT_001faeec	0x1faeec	__DATA,__bss	undefined4	4	extern unsigned int DAT_001faeec asm("DAT_001faeec");		data.s
DAT_001faef4	0x1faef4	__DATA,__bss	undefined4	4	extern unsigned int DAT_001faef4 asm("DAT_001faef4");		data.s
DAT_001faef8	0x1faef8	__DATA,__bss	undefined4	4	extern unsigned int DAT_001faef8 asm("DAT_001faef8");		data.s
DAT_001faefc	0x1faefc	__DATA,__bss	undefined4	4	extern unsigned int DAT_001faefc asm("DAT_001faefc");		data.s
DAT_001faf00	0x1faf00	__DATA,__bss	undefined4	4	extern unsigned int DAT_001faf00 asm("DAT_001faf00");		data.s
DAT_001faf08	0x1faf08	__DATA,__bss	undefined4	4	extern unsigned int DAT_001faf08 asm("DAT_001faf08");		data.s
DAT_001faf0c	0x1faf0c	__DATA,__bss	undefined4	4	extern unsigned int DAT_001faf0c asm("DAT_001faf0c");		data.s
DAT_001faf10	0x1faf10	__DATA,__bss	undefined4	4	extern unsigned int DAT_001faf10 asm("DAT_001faf10");		data.s
DAT_001faf14	0x1faf14	__DATA,__bss	undefined4	4	extern unsigned int DAT_001faf14 asm("DAT_001faf14");		data.s
DAT_001faf1c	0x1faf1c	__DATA,__bss	undefined4	4	extern unsigned int DAT_001faf1c asm("DAT_001faf1c");		data.s
DAT_001faf20	0x1faf20	__DATA,__bss	undefined4	4	extern unsigned int DAT_001faf20 asm("DAT_001faf20");		data.s
DAT_001faf24	0x1faf24	__DATA,__bss	undefined4	4	extern unsigned int DAT_001faf24 asm("DAT_001faf24");		data.s
DAT_001faf28	0x1faf28	__DATA,__bss	undefined4	4	extern unsigned int DAT_001faf28 asm("DAT_001faf28");		data.s
DAT_001faf30	0x1faf30	__DATA,__bss	undefined4	4	extern unsigned int DAT_001faf30 asm("DAT_001faf30");		data.s
DAT_001faf34	0x1faf34	__DATA,__bss	undefined4	4	extern unsigned int DAT_001faf34 asm("DAT_001faf34");		data.s
DAT_001faf38	0x1faf38	__DATA,__bss	undefined4	4	extern unsigned int DAT_001faf38 asm("DAT_001faf38");		data.s
DAT_001faf3c	0x1faf3c	__DATA,__bss	undefined4	4	extern unsigned int DAT_001faf3c asm("DAT_001faf3c");		data.s
DAT_001faf44	0x1faf44	__DATA,__bss	undefined4	4	extern unsigned int DAT_001faf44 asm("DAT_001faf44");		data.s
DAT_001faf48	0x1faf48	__DATA,__bss	undefined4	4	extern unsigned int DAT_001faf48 asm("DAT_001faf48");		data.s
DAT_001faf4c	0x1faf4c	__DATA,__bss	undefined4	4	extern unsigned int DAT_001faf4c asm("DAT_001faf4c");		data.s
DAT_001faf50	0x1faf50	__DATA,__bss	undefined4	4	extern unsigned int DAT_001faf50 asm("DAT_001faf50");		data.s
DAT_001faf58	0x1faf58	__DATA,__bss	undefined4	4	extern unsigned int DAT_001faf58 asm("DAT_001faf58");		data.s
DAT_001faf5c	0x1faf5c	__DATA,__bss	undefined4	4	extern unsigned int DAT_001faf5c asm("DAT_001faf5c");		data.s
DAT_001faf60	0x1faf60	__DATA,__bss	undefined4	4	extern unsigned int DAT_001faf60 asm("DAT_001faf60");		data.s
DAT_001faf64	0x1faf64	__DATA,__bss	undefined4	4	extern unsigned int DAT_001faf64 asm("DAT_001faf64");		data.s
DAT_001faf6c	0x1faf6c	__DATA,__bss	undefined4	4	extern unsigned int DAT_001faf6c asm("DAT_001faf6c");		data.s
DAT_001faf70	0x1faf70	__DATA,__bss	undefined4	4	extern unsigned int DAT_001faf70 asm("DAT_001faf70");		data.s
DAT_001faf74	0x1faf74	__DATA,__bss	undefined4	4	extern unsigned int DAT_001faf74 asm("DAT_001faf74");		data.s
DAT_001faf78	0x1faf78	__DATA,__bss	undefined4	4	extern unsigned int DAT_001faf78 asm("DAT_001faf78");		data.s
DAT_001faf80	0x1faf80	__DATA,__bss	undefined4	4	extern unsigned int DAT_001faf80 asm("DAT_001faf80");		data.s
DAT_001faf84	0x1faf84	__DATA,__bss	undefined4	4	extern unsigned int DAT_001faf84 asm("DAT_001faf84");		data.s
DAT_001faf88	0x1faf88	__DATA,__bss	undefined4	4	extern unsigned int DAT_001faf88 asm("DAT_001faf88");		data.s
DAT_001faf8c	0x1faf8c	__DATA,__bss	undefined4	4	extern unsigned int DAT_001faf8c asm("DAT_001faf8c");		data.s
DAT_001faf94	0x1faf94	__DATA,__bss	undefined4	4	extern unsigned int DAT_001faf94 asm("DAT_001faf94");		data.s
DAT_001faf98	0x1faf98	__DATA,__bss	undefined4	4	extern unsigned int DAT_001faf98 asm("DAT_001faf98");		data.s
DAT_001faf9c	0x1faf9c	__DATA,__bss	undefined4	4	extern unsigned int DAT_001faf9c asm("DAT_001faf9c");		data.s
DAT_001fafa0	0x1fafa0	__DATA,__bss	undefined4	4	extern unsigned int DAT_001fafa0 asm("DAT_001fafa0");		data.s
DAT_001fafa8	0x1fafa8	__DATA,__bss	undefined4	4	extern unsigned int DAT_001fafa8 asm("DAT_001fafa8");		data.s
DAT_001fafac	0x1fafac	__DATA,__bss	undefined4	4	extern unsigned int DAT_001fafac asm("DAT_001fafac");		data.s
DAT_001fafb0	0x1fafb0	__DATA,__bss	undefined4	4	extern unsigned int DAT_001fafb0 asm("DAT_001fafb0");		data.s
DAT_001fafb4	0x1fafb4	__DATA,__bss	undefined4	4	extern unsigned int DAT_001fafb4 asm("DAT_001fafb4");		data.s
DAT_001fafbc	0x1fafbc	__DATA,__bss	undefined4	4	extern unsigned int DAT_001fafbc asm("DAT_001fafbc");		data.s
DAT_001fafc0	0x1fafc0	__DATA,__bss	undefined4	4	extern unsigned int DAT_001fafc0 asm("DAT_001fafc0");		data.s
DAT_001fafc4	0x1fafc4	__DATA,__bss	undefined4	4	extern unsigned int DAT_001fafc4 asm("DAT_001fafc4");		data.s
DAT_001fafc8	0x1fafc8	__DATA,__bss	undefined4	4	extern unsigned int DAT_001fafc8 asm("DAT_001fafc8");		data.s
DAT_001fafd0	0x1fafd0	__DATA,__bss	undefined4	4	extern unsigned int DAT_001fafd0 asm("DAT_001fafd0");		data.s
DAT_001fafd4	0x1fafd4	__DATA,__bss	undefined4	4	extern unsigned int DAT_001fafd4 asm("DAT_001fafd4");		data.s
DAT_001fafd8	0x1fafd8	__DATA,__bss	undefined4	4	extern unsigned int DAT_001fafd8 asm("DAT_001fafd8");		data.s
DAT_001fafdc	0x1fafdc	__DATA,__bss	undefined4	4	extern unsigned int DAT_001fafdc asm("DAT_001fafdc");		data.s
DAT_001fafe4	0x1fafe4	__DATA,__bss	undefined4	4	extern unsigned int DAT_001fafe4 asm("DAT_001fafe4");		data.s
DAT_001fafe8	0x1fafe8	__DATA,__bss	undefined4	4	extern unsigned int DAT_001fafe8 asm("DAT_001fafe8");		data.s
DAT_001fafec	0x1fafec	__DATA,__bss	undefined4	4	extern unsigned int DAT_001fafec asm("DAT_001fafec");		data.s
DAT_001faff0	0x1faff0	__DATA,__bss	undefined4	4	extern unsigned int DAT_001faff0 asm("DAT_001faff0");		data.s
DAT_001faff8	0x1faff8	__DATA,__bss	undefined4	4	extern unsigned int DAT_001faff8 asm("DAT_001faff8");		data.s
DAT_001faffc	0x1faffc	__DATA,__bss	undefined4	4	extern unsigned int DAT_001faffc asm("DAT_001faffc");		data.s
DAT_001fb000	0x1fb000	__DATA,__bss	undefined4	4	extern unsigned int DAT_001fb000 asm("DAT_001fb000");		data.s
DAT_001fb004	0x1fb004	__DATA,__bss	undefined4	4	extern unsigned int DAT_001fb004 asm("DAT_001fb004");		data.s
DAT_001fb00c	0x1fb00c	__DATA,__bss	undefined4	4	extern unsigned int DAT_001fb00c asm("DAT_001fb00c");		data.s
DAT_001fb010	0x1fb010	__DATA,__bss	undefined4	4	extern unsigned int DAT_001fb010 asm("DAT_001fb010");		data.s
DAT_001fb014	0x1fb014	__DATA,__bss	undefined4	4	extern unsigned int DAT_001fb014 asm("DAT_001fb014");		data.s
DAT_001fb018	0x1fb018	__DATA,__bss	undefined4	4	extern unsigned int DAT_001fb018 asm("DAT_001fb018");		data.s
DAT_001fb020	0x1fb020	__DATA,__bss	undefined4	4	extern unsigned int DAT_001fb020 asm("DAT_001fb020");		data.s
DAT_001fb024	0x1fb024	__DATA,__bss	undefined4	4	extern unsigned int DAT_001fb024 asm("DAT_001fb024");		data.s
DAT_001fb028	0x1fb028	__DATA,__bss	undefined4	4	extern unsigned int DAT_001fb028 asm("DAT_001fb028");		data.s
DAT_001fb02c	0x1fb02c	__DATA,__bss	undefined4	4	extern unsigned int DAT_001fb02c asm("DAT_001fb02c");		data.s
DAT_001fb034	0x1fb034	__DATA,__bss	undefined4	4	extern unsigned int DAT_001fb034 asm("DAT_001fb034");		data.s
DAT_001fb038	0x1fb038	__DATA,__bss	undefined4	4	extern unsigned int DAT_001fb038 asm("DAT_001fb038");		data.s
DAT_001fb03c	0x1fb03c	__DATA,__bss	undefined4	4	extern unsigned int DAT_001fb03c asm("DAT_001fb03c");		data.s
DAT_001fb040	0x1fb040	__DATA,__bss	undefined4	4	extern unsigned int DAT_001fb040 asm("DAT_001fb040");		data.s
DAT_001fb048	0x1fb048	__DATA,__bss	undefined4	4	extern unsigned int DAT_001fb048 asm("DAT_001fb048");		data.s
DAT_001fb04c	0x1fb04c	__DATA,__bss	undefined4	4	extern unsigned int DAT_001fb04c asm("DAT_001fb04c");		data.s
DAT_001fb050	0x1fb050	__DATA,__bss	undefined4	4	extern unsigned int DAT_001fb050 asm("DAT_001fb050");		data.s
DAT_001fb054	0x1fb054	__DATA,__bss	undefined4	4	extern unsigned int DAT_001fb054 asm("DAT_001fb054");		data.s
DAT_001fb05c	0x1fb05c	__DATA,__bss	undefined4	4	extern unsigned int DAT_001fb05c asm("DAT_001fb05c");		data.s
DAT_001fb060	0x1fb060	__DATA,__bss	undefined4	4	extern unsigned int DAT_001fb060 asm("DAT_001fb060");		data.s
DAT_001fb064	0x1fb064	__DATA,__bss	undefined4	4	extern unsigned int DAT_001fb064 asm("DAT_001fb064");		data.s
DAT_001fb068	0x1fb068	__DATA,__bss	undefined4	4	extern unsigned int DAT_001fb068 asm("DAT_001fb068");		data.s
DAT_001fb070	0x1fb070	__DATA,__bss	undefined4	4	extern unsigned int DAT_001fb070 asm("DAT_001fb070");		data.s
DAT_001fb074	0x1fb074	__DATA,__bss	undefined4	4	extern unsigned int DAT_001fb074 asm("DAT_001fb074");		data.s
DAT_001fb078	0x1fb078	__DATA,__bss	undefined4	4	extern unsigned int DAT_001fb078 asm("DAT_001fb078");		data.s
DAT_001fb07c	0x1fb07c	__DATA,__bss	undefined4	4	extern unsigned int DAT_001fb07c asm("DAT_001fb07c");		data.s
DAT_001fb084	0x1fb084	__DATA,__bss	undefined4	4	extern unsigned int DAT_001fb084 asm("DAT_001fb084");		data.s
DAT_001fb088	0x1fb088	__DATA,__bss	undefined4	4	extern unsigned int DAT_001fb088 asm("DAT_001fb088");		data.s
DAT_001fb08c	0x1fb08c	__DATA,__bss	undefined4	4	extern unsigned int DAT_001fb08c asm("DAT_001fb08c");		data.s
DAT_001fb090	0x1fb090	__DATA,__bss	undefined4	4	extern unsigned int DAT_001fb090 asm("DAT_001fb090");		data.s
DAT_001fb098	0x1fb098	__DATA,__bss	undefined4	4	extern unsigned int DAT_001fb098 asm("DAT_001fb098");		data.s
DAT_001fb09c	0x1fb09c	__DATA,__bss	undefined4	4	extern unsigned int DAT_001fb09c asm("DAT_001fb09c");		data.s
DAT_001fb0a0	0x1fb0a0	__DATA,__bss	undefined4	4	extern unsigned int DAT_001fb0a0 asm("DAT_001fb0a0");		data.s
DAT_001fb0a4	0x1fb0a4	__DATA,__bss	undefined4	4	extern unsigned int DAT_001fb0a4 asm("DAT_001fb0a4");		data.s
DAT_001fb0ac	0x1fb0ac	__DATA,__bss	undefined4	4	extern unsigned int DAT_001fb0ac asm("DAT_001fb0ac");		data.s
DAT_001fb0b0	0x1fb0b0	__DATA,__bss	undefined4	4	extern unsigned int DAT_001fb0b0 asm("DAT_001fb0b0");		data.s
DAT_001fb0b4	0x1fb0b4	__DATA,__bss	undefined4	4	extern unsigned int DAT_001fb0b4 asm("DAT_001fb0b4");		data.s
DAT_001fb0b8	0x1fb0b8	__DATA,__bss	undefined4	4	extern unsigned int DAT_001fb0b8 asm("DAT_001fb0b8");		data.s
DAT_001fb0c0	0x1fb0c0	__DATA,__bss	undefined4	4	extern unsigned int DAT_001fb0c0 asm("DAT_001fb0c0");		data.s
DAT_001fb0c4	0x1fb0c4	__DATA,__bss	undefined4	4	extern unsigned int DAT_001fb0c4 asm("DAT_001fb0c4");		data.s
DAT_001fb0c8	0x1fb0c8	__DATA,__bss	undefined4	4	extern unsigned int DAT_001fb0c8 asm("DAT_001fb0c8");		data.s
DAT_001fb0cc	0x1fb0cc	__DATA,__bss	undefined4	4	extern unsigned int DAT_001fb0cc asm("DAT_001fb0cc");		data.s
DAT_001fb0d4	0x1fb0d4	__DATA,__bss	undefined4	4	extern unsigned int DAT_001fb0d4 asm("DAT_001fb0d4");		data.s
DAT_001fb0d8	0x1fb0d8	__DATA,__bss	undefined4	4	extern unsigned int DAT_001fb0d8 asm("DAT_001fb0d8");		data.s
DAT_001fb0dc	0x1fb0dc	__DATA,__bss	undefined4	4	extern unsigned int DAT_001fb0dc asm("DAT_001fb0dc");		data.s
DAT_001fb0e0	0x1fb0e0	__DATA,__bss	undefined4	4	extern unsigned int DAT_001fb0e0 asm("DAT_001fb0e0");		data.s
DAT_001fb0e8	0x1fb0e8	__DATA,__bss	undefined4	4	extern unsigned int DAT_001fb0e8 asm("DAT_001fb0e8");		data.s
DAT_001fb0ec	0x1fb0ec	__DATA,__bss	undefined4	4	extern unsigned int DAT_001fb0ec asm("DAT_001fb0ec");		data.s
DAT_001fb0f0	0x1fb0f0	__DATA,__bss	undefined4	4	extern unsigned int DAT_001fb0f0 asm("DAT_001fb0f0");		data.s
DAT_001fb0f4	0x1fb0f4	__DATA,__bss	undefined4	4	extern unsigned int DAT_001fb0f4 asm("DAT_001fb0f4");		data.s
DAT_001fb0fc	0x1fb0fc	__DATA,__bss	undefined4	4	extern unsigned int DAT_001fb0fc asm("DAT_001fb0fc");		data.s
DAT_001fb100	0x1fb100	__DATA,__bss	undefined4	4	extern unsigned int DAT_001fb100 asm("DAT_001fb100");		data.s
DAT_001fb104	0x1fb104	__DATA,__bss	undefined4	4	extern unsigned int DAT_001fb104 asm("DAT_001fb104");		data.s
DAT_001fb108	0x1fb108	__DATA,__bss	undefined4	4	extern unsigned int DAT_001fb108 asm("DAT_001fb108");		data.s
DAT_001fb110	0x1fb110	__DATA,__bss	undefined4	4	extern unsigned int DAT_001fb110 asm("DAT_001fb110");		data.s
DAT_001fb114	0x1fb114	__DATA,__bss	undefined4	4	extern unsigned int DAT_001fb114 asm("DAT_001fb114");		data.s
DAT_001fb118	0x1fb118	__DATA,__bss	undefined4	4	extern unsigned int DAT_001fb118 asm("DAT_001fb118");		data.s
DAT_001fb11c	0x1fb11c	__DATA,__bss	undefined4	4	extern unsigned int DAT_001fb11c asm("DAT_001fb11c");		data.s
DAT_001fb124	0x1fb124	__DATA,__bss	undefined4	4	extern unsigned int DAT_001fb124 asm("DAT_001fb124");		data.s
DAT_001fb128	0x1fb128	__DATA,__bss	undefined4	4	extern unsigned int DAT_001fb128 asm("DAT_001fb128");		data.s
DAT_001fb12c	0x1fb12c	__DATA,__bss	undefined4	4	extern unsigned int DAT_001fb12c asm("DAT_001fb12c");		data.s
DAT_001fb130	0x1fb130	__DATA,__bss	undefined4	4	extern unsigned int DAT_001fb130 asm("DAT_001fb130");		data.s
DAT_001fb138	0x1fb138	__DATA,__bss	undefined4	4	extern unsigned int DAT_001fb138 asm("DAT_001fb138");		data.s
DAT_001fb13c	0x1fb13c	__DATA,__bss	undefined4	4	extern unsigned int DAT_001fb13c asm("DAT_001fb13c");		data.s
DAT_001fb140	0x1fb140	__DATA,__bss	undefined4	4	extern unsigned int DAT_001fb140 asm("DAT_001fb140");		data.s
DAT_001fb144	0x1fb144	__DATA,__bss	undefined4	4	extern unsigned int DAT_001fb144 asm("DAT_001fb144");		data.s
DAT_001fb14c	0x1fb14c	__DATA,__bss	undefined4	4	extern unsigned int DAT_001fb14c asm("DAT_001fb14c");		data.s
DAT_001fb150	0x1fb150	__DATA,__bss	undefined4	4	extern unsigned int DAT_001fb150 asm("DAT_001fb150");		data.s
DAT_001fb154	0x1fb154	__DATA,__bss	undefined4	4	extern unsigned int DAT_001fb154 asm("DAT_001fb154");		data.s
DAT_001fb158	0x1fb158	__DATA,__bss	undefined4	4	extern unsigned int DAT_001fb158 asm("DAT_001fb158");		data.s
DAT_001fb160	0x1fb160	__DATA,__bss	undefined4	4	extern unsigned int DAT_001fb160 asm("DAT_001fb160");		data.s
DAT_001fb164	0x1fb164	__DATA,__bss	undefined4	4	extern unsigned int DAT_001fb164 asm("DAT_001fb164");		data.s
DAT_001fb168	0x1fb168	__DATA,__bss	undefined4	4	extern unsigned int DAT_001fb168 asm("DAT_001fb168");		data.s
DAT_001fb16c	0x1fb16c	__DATA,__bss	undefined4	4	extern unsigned int DAT_001fb16c asm("DAT_001fb16c");		data.s
DAT_001fb174	0x1fb174	__DATA,__bss	undefined4	4	extern unsigned int DAT_001fb174 asm("DAT_001fb174");		data.s
DAT_001fb178	0x1fb178	__DATA,__bss	undefined4	4	extern unsigned int DAT_001fb178 asm("DAT_001fb178");		data.s
DAT_001fb17c	0x1fb17c	__DATA,__bss	undefined4	4	extern unsigned int DAT_001fb17c asm("DAT_001fb17c");		data.s
DAT_001fb180	0x1fb180	__DATA,__bss	undefined4	4	extern unsigned int DAT_001fb180 asm("DAT_001fb180");		data.s
DAT_001fb188	0x1fb188	__DATA,__bss	undefined4	4	extern unsigned int DAT_001fb188 asm("DAT_001fb188");		data.s
DAT_001fb18c	0x1fb18c	__DATA,__bss	undefined4	4	extern unsigned int DAT_001fb18c asm("DAT_001fb18c");		data.s
DAT_001fb190	0x1fb190	__DATA,__bss	undefined4	4	extern unsigned int DAT_001fb190 asm("DAT_001fb190");		data.s
DAT_001fb194	0x1fb194	__DATA,__bss	undefined4	4	extern unsigned int DAT_001fb194 asm("DAT_001fb194");		data.s
DAT_001fb19c	0x1fb19c	__DATA,__bss	undefined4	4	extern unsigned int DAT_001fb19c asm("DAT_001fb19c");		data.s
DAT_001fb1a0	0x1fb1a0	__DATA,__bss	undefined4	4	extern unsigned int DAT_001fb1a0 asm("DAT_001fb1a0");		data.s
DAT_001fb1a4	0x1fb1a4	__DATA,__bss	undefined4	4	extern unsigned int DAT_001fb1a4 asm("DAT_001fb1a4");		data.s
DAT_001fb1a8	0x1fb1a8	__DATA,__bss	undefined4	4	extern unsigned int DAT_001fb1a8 asm("DAT_001fb1a8");		data.s
DAT_001fb1b0	0x1fb1b0	__DATA,__bss	undefined4	4	extern unsigned int DAT_001fb1b0 asm("DAT_001fb1b0");		data.s
DAT_001fb1b4	0x1fb1b4	__DATA,__bss	undefined4	4	extern unsigned int DAT_001fb1b4 asm("DAT_001fb1b4");		data.s
DAT_001fb1b8	0x1fb1b8	__DATA,__bss	undefined4	4	extern unsigned int DAT_001fb1b8 asm("DAT_001fb1b8");		data.s
DAT_001fb1bc	0x1fb1bc	__DATA,__bss	undefined4	4	extern unsigned int DAT_001fb1bc asm("DAT_001fb1bc");		data.s
DAT_001fb1c4	0x1fb1c4	__DATA,__bss	undefined4	4	extern unsigned int DAT_001fb1c4 asm("DAT_001fb1c4");		data.s
DAT_001fb1c8	0x1fb1c8	__DATA,__bss	undefined4	4	extern unsigned int DAT_001fb1c8 asm("DAT_001fb1c8");		data.s
DAT_001fb1cc	0x1fb1cc	__DATA,__bss	undefined4	4	extern unsigned int DAT_001fb1cc asm("DAT_001fb1cc");		data.s
DAT_001fb1d0	0x1fb1d0	__DATA,__bss	undefined4	4	extern unsigned int DAT_001fb1d0 asm("DAT_001fb1d0");		data.s
DAT_001fb1d8	0x1fb1d8	__DATA,__bss	undefined4	4	extern unsigned int DAT_001fb1d8 asm("DAT_001fb1d8");		data.s
DAT_001fb1dc	0x1fb1dc	__DATA,__bss	undefined4	4	extern unsigned int DAT_001fb1dc asm("DAT_001fb1dc");		data.s
DAT_001fb1e0	0x1fb1e0	__DATA,__bss	undefined4	4	extern unsigned int DAT_001fb1e0 asm("DAT_001fb1e0");		data.s
DAT_001fb1e4	0x1fb1e4	__DATA,__bss	undefined4	4	extern unsigned int DAT_001fb1e4 asm("DAT_001fb1e4");		data.s
DAT_001fb1ec	0x1fb1ec	__DATA,__bss	undefined4	4	extern unsigned int DAT_001fb1ec asm("DAT_001fb1ec");		data.s
DAT_001fb1f0	0x1fb1f0	__DATA,__bss	undefined4	4	extern unsigned int DAT_001fb1f0 asm("DAT_001fb1f0");		data.s
DAT_001fb1f4	0x1fb1f4	__DATA,__bss	undefined4	4	extern unsigned int DAT_001fb1f4 asm("DAT_001fb1f4");		data.s
DAT_001fb1f8	0x1fb1f8	__DATA,__bss	undefined4	4	extern unsigned int DAT_001fb1f8 asm("DAT_001fb1f8");		data.s
DAT_001fb200	0x1fb200	__DATA,__bss	undefined4	4	extern unsigned int DAT_001fb200 asm("DAT_001fb200");		data.s
DAT_001fb204	0x1fb204	__DATA,__bss	undefined4	4	extern unsigned int DAT_001fb204 asm("DAT_001fb204");		data.s
DAT_001fb208	0x1fb208	__DATA,__bss	undefined4	4	extern unsigned int DAT_001fb208 asm("DAT_001fb208");		data.s
DAT_001fb20c	0x1fb20c	__DATA,__bss	undefined4	4	extern unsigned int DAT_001fb20c asm("DAT_001fb20c");		data.s
DAT_001fb214	0x1fb214	__DATA,__bss	undefined4	4	extern unsigned int DAT_001fb214 asm("DAT_001fb214");		data.s
DAT_001fb218	0x1fb218	__DATA,__bss	undefined4	4	extern unsigned int DAT_001fb218 asm("DAT_001fb218");		data.s
DAT_001fb21c	0x1fb21c	__DATA,__bss	undefined4	4	extern unsigned int DAT_001fb21c asm("DAT_001fb21c");		data.s
DAT_001fb220	0x1fb220	__DATA,__bss	undefined4	4	extern unsigned int DAT_001fb220 asm("DAT_001fb220");		data.s
DAT_001fb228	0x1fb228	__DATA,__bss	undefined4	4	extern unsigned int DAT_001fb228 asm("DAT_001fb228");		data.s
DAT_001fb22c	0x1fb22c	__DATA,__bss	undefined4	4	extern unsigned int DAT_001fb22c asm("DAT_001fb22c");		data.s
DAT_001fb230	0x1fb230	__DATA,__bss	undefined4	4	extern unsigned int DAT_001fb230 asm("DAT_001fb230");		data.s
DAT_001fb234	0x1fb234	__DATA,__bss	undefined4	4	extern unsigned int DAT_001fb234 asm("DAT_001fb234");		data.s
DAT_001fb23c	0x1fb23c	__DATA,__bss	undefined4	4	extern unsigned int DAT_001fb23c asm("DAT_001fb23c");		data.s
DAT_001fb240	0x1fb240	__DATA,__bss	undefined4	4	extern unsigned int DAT_001fb240 asm("DAT_001fb240");		data.s
DAT_001fb244	0x1fb244	__DATA,__bss	undefined4	4	extern unsigned int DAT_001fb244 asm("DAT_001fb244");		data.s
DAT_001fb248	0x1fb248	__DATA,__bss	undefined4	4	extern unsigned int DAT_001fb248 asm("DAT_001fb248");		data.s
DAT_001fb250	0x1fb250	__DATA,__bss	undefined4	4	extern unsigned int DAT_001fb250 asm("DAT_001fb250");		data.s
DAT_001fb254	0x1fb254	__DATA,__bss	undefined4	4	extern unsigned int DAT_001fb254 asm("DAT_001fb254");		data.s
DAT_001fb258	0x1fb258	__DATA,__bss	undefined4	4	extern unsigned int DAT_001fb258 asm("DAT_001fb258");		data.s
DAT_001fb25c	0x1fb25c	__DATA,__bss	undefined4	4	extern unsigned int DAT_001fb25c asm("DAT_001fb25c");		data.s
DAT_001fb264	0x1fb264	__DATA,__bss	undefined4	4	extern unsigned int DAT_001fb264 asm("DAT_001fb264");		data.s
DAT_001fb268	0x1fb268	__DATA,__bss	undefined4	4	extern unsigned int DAT_001fb268 asm("DAT_001fb268");		data.s
DAT_001fb26c	0x1fb26c	__DATA,__bss	undefined4	4	extern unsigned int DAT_001fb26c asm("DAT_001fb26c");		data.s
DAT_001fb270	0x1fb270	__DATA,__bss	undefined4	4	extern unsigned int DAT_001fb270 asm("DAT_001fb270");		data.s
DAT_001fb278	0x1fb278	__DATA,__bss	undefined4	4	extern unsigned int DAT_001fb278 asm("DAT_001fb278");		data.s
DAT_001fb27c	0x1fb27c	__DATA,__bss	undefined4	4	extern unsigned int DAT_001fb27c asm("DAT_001fb27c");		data.s
DAT_001fb280	0x1fb280	__DATA,__bss	undefined4	4	extern unsigned int DAT_001fb280 asm("DAT_001fb280");		data.s
DAT_001fb284	0x1fb284	__DATA,__bss	undefined4	4	extern unsigned int DAT_001fb284 asm("DAT_001fb284");		data.s
DAT_001fb28c	0x1fb28c	__DATA,__bss	undefined4	4	extern unsigned int DAT_001fb28c asm("DAT_001fb28c");		data.s
DAT_001fb290	0x1fb290	__DATA,__bss	undefined4	4	extern unsigned int DAT_001fb290 asm("DAT_001fb290");		data.s
DAT_001fb294	0x1fb294	__DATA,__bss	undefined4	4	extern unsigned int DAT_001fb294 asm("DAT_001fb294");		data.s
DAT_001fb298	0x1fb298	__DATA,__bss	undefined4	4	extern unsigned int DAT_001fb298 asm("DAT_001fb298");		data.s
DAT_001fb2a0	0x1fb2a0	__DATA,__bss	undefined4	4	extern unsigned int DAT_001fb2a0 asm("DAT_001fb2a0");		data.s
DAT_001fb2a4	0x1fb2a4	__DATA,__bss	undefined4	4	extern unsigned int DAT_001fb2a4 asm("DAT_001fb2a4");		data.s
DAT_001fb2a8	0x1fb2a8	__DATA,__bss	undefined4	4	extern unsigned int DAT_001fb2a8 asm("DAT_001fb2a8");		data.s
DAT_001fb2ac	0x1fb2ac	__DATA,__bss	undefined4	4	extern unsigned int DAT_001fb2ac asm("DAT_001fb2ac");		data.s
DAT_001fb2b4	0x1fb2b4	__DATA,__bss	undefined4	4	extern unsigned int DAT_001fb2b4 asm("DAT_001fb2b4");		data.s
DAT_001fb2b8	0x1fb2b8	__DATA,__bss	undefined4	4	extern unsigned int DAT_001fb2b8 asm("DAT_001fb2b8");		data.s
DAT_001fb2bc	0x1fb2bc	__DATA,__bss	undefined4	4	extern unsigned int DAT_001fb2bc asm("DAT_001fb2bc");		data.s
DAT_001fb2c0	0x1fb2c0	__DATA,__bss	undefined4	4	extern unsigned int DAT_001fb2c0 asm("DAT_001fb2c0");		data.s
DAT_001fb2c8	0x1fb2c8	__DATA,__bss	undefined4	4	extern unsigned int DAT_001fb2c8 asm("DAT_001fb2c8");		data.s
DAT_001fb2cc	0x1fb2cc	__DATA,__bss	undefined4	4	extern unsigned int DAT_001fb2cc asm("DAT_001fb2cc");		data.s
DAT_001fb2d0	0x1fb2d0	__DATA,__bss	undefined4	4	extern unsigned int DAT_001fb2d0 asm("DAT_001fb2d0");		data.s
DAT_001fb2d4	0x1fb2d4	__DATA,__bss	undefined4	4	extern unsigned int DAT_001fb2d4 asm("DAT_001fb2d4");		data.s
DAT_001fb2dc	0x1fb2dc	__DATA,__bss	undefined4	4	extern unsigned int DAT_001fb2dc asm("DAT_001fb2dc");		data.s
DAT_001fb2e0	0x1fb2e0	__DATA,__bss	undefined4	4	extern unsigned int DAT_001fb2e0 asm("DAT_001fb2e0");		data.s
DAT_001fb2e4	0x1fb2e4	__DATA,__bss	undefined4	4	extern unsigned int DAT_001fb2e4 asm("DAT_001fb2e4");		data.s
DAT_001fb2e8	0x1fb2e8	__DATA,__bss	undefined4	4	extern unsigned int DAT_001fb2e8 asm("DAT_001fb2e8");		data.s
DAT_001fb2f0	0x1fb2f0	__DATA,__bss	undefined4	4	extern unsigned int DAT_001fb2f0 asm("DAT_001fb2f0");		data.s
DAT_001fb2f4	0x1fb2f4	__DATA,__bss	undefined4	4	extern unsigned int DAT_001fb2f4 asm("DAT_001fb2f4");		data.s
DAT_001fb2f8	0x1fb2f8	__DATA,__bss	undefined4	4	extern unsigned int DAT_001fb2f8 asm("DAT_001fb2f8");		data.s
DAT_001fb2fc	0x1fb2fc	__DATA,__bss	undefined4	4	extern unsigned int DAT_001fb2fc asm("DAT_001fb2fc");		data.s
DAT_001fb304	0x1fb304	__DATA,__bss	undefined4	4	extern unsigned int DAT_001fb304 asm("DAT_001fb304");		data.s
DAT_001fb308	0x1fb308	__DATA,__bss	undefined4	4	extern unsigned int DAT_001fb308 asm("DAT_001fb308");		data.s
DAT_001fb30c	0x1fb30c	__DATA,__bss	undefined4	4	extern unsigned int DAT_001fb30c asm("DAT_001fb30c");		data.s
DAT_001fb310	0x1fb310	__DATA,__bss	undefined4	4	extern unsigned int DAT_001fb310 asm("DAT_001fb310");		data.s
DAT_001fb318	0x1fb318	__DATA,__bss	undefined4	4	extern unsigned int DAT_001fb318 asm("DAT_001fb318");		data.s
DAT_001fb31c	0x1fb31c	__DATA,__bss	undefined4	4	extern unsigned int DAT_001fb31c asm("DAT_001fb31c");		data.s
DAT_001fb320	0x1fb320	__DATA,__bss	undefined4	4	extern unsigned int DAT_001fb320 asm("DAT_001fb320");		data.s
DAT_001fb324	0x1fb324	__DATA,__bss	undefined4	4	extern unsigned int DAT_001fb324 asm("DAT_001fb324");		data.s
DAT_001fb32c	0x1fb32c	__DATA,__bss	undefined4	4	extern unsigned int DAT_001fb32c asm("DAT_001fb32c");		data.s
DAT_001fb330	0x1fb330	__DATA,__bss	undefined4	4	extern unsigned int DAT_001fb330 asm("DAT_001fb330");		data.s
DAT_001fb334	0x1fb334	__DATA,__bss	undefined4	4	extern unsigned int DAT_001fb334 asm("DAT_001fb334");		data.s
DAT_001fb338	0x1fb338	__DATA,__bss	undefined4	4	extern unsigned int DAT_001fb338 asm("DAT_001fb338");		data.s
DAT_001fb340	0x1fb340	__DATA,__bss	undefined4	4	extern unsigned int DAT_001fb340 asm("DAT_001fb340");		data.s
DAT_001fb344	0x1fb344	__DATA,__bss	undefined4	4	extern unsigned int DAT_001fb344 asm("DAT_001fb344");		data.s
DAT_001fb348	0x1fb348	__DATA,__bss	undefined4	4	extern unsigned int DAT_001fb348 asm("DAT_001fb348");		data.s
DAT_001fb34c	0x1fb34c	__DATA,__bss	undefined4	4	extern unsigned int DAT_001fb34c asm("DAT_001fb34c");		data.s
DAT_001fb354	0x1fb354	__DATA,__bss	undefined4	4	extern unsigned int DAT_001fb354 asm("DAT_001fb354");		data.s
DAT_001fb358	0x1fb358	__DATA,__bss	undefined4	4	extern unsigned int DAT_001fb358 asm("DAT_001fb358");		data.s
DAT_001fb35c	0x1fb35c	__DATA,__bss	undefined4	4	extern unsigned int DAT_001fb35c asm("DAT_001fb35c");		data.s
DAT_001fb360	0x1fb360	__DATA,__bss	undefined4	4	extern unsigned int DAT_001fb360 asm("DAT_001fb360");		data.s
DAT_001fb368	0x1fb368	__DATA,__bss	undefined4	4	extern unsigned int DAT_001fb368 asm("DAT_001fb368");		data.s
DAT_001fb36c	0x1fb36c	__DATA,__bss	undefined4	4	extern unsigned int DAT_001fb36c asm("DAT_001fb36c");		data.s
DAT_001fb370	0x1fb370	__DATA,__bss	undefined4	4	extern unsigned int DAT_001fb370 asm("DAT_001fb370");		data.s
DAT_001fb374	0x1fb374	__DATA,__bss	undefined4	4	extern unsigned int DAT_001fb374 asm("DAT_001fb374");		data.s
DAT_001fb37c	0x1fb37c	__DATA,__bss	undefined4	4	extern unsigned int DAT_001fb37c asm("DAT_001fb37c");		data.s
DAT_001fb380	0x1fb380	__DATA,__bss	undefined4	4	extern unsigned int DAT_001fb380 asm("DAT_001fb380");		data.s
DAT_001fb384	0x1fb384	__DATA,__bss	undefined4	4	extern unsigned int DAT_001fb384 asm("DAT_001fb384");		data.s
DAT_001fb388	0x1fb388	__DATA,__bss	undefined4	4	extern unsigned int DAT_001fb388 asm("DAT_001fb388");		data.s
DAT_001fb390	0x1fb390	__DATA,__bss	undefined4	4	extern unsigned int DAT_001fb390 asm("DAT_001fb390");		data.s
DAT_001fb394	0x1fb394	__DATA,__bss	undefined4	4	extern unsigned int DAT_001fb394 asm("DAT_001fb394");		data.s
DAT_001fb398	0x1fb398	__DATA,__bss	undefined4	4	extern unsigned int DAT_001fb398 asm("DAT_001fb398");		data.s
DAT_001fb39c	0x1fb39c	__DATA,__bss	undefined4	4	extern unsigned int DAT_001fb39c asm("DAT_001fb39c");		data.s
DAT_001fb3a4	0x1fb3a4	__DATA,__bss	undefined4	4	extern unsigned int DAT_001fb3a4 asm("DAT_001fb3a4");		data.s
DAT_001fb3a8	0x1fb3a8	__DATA,__bss	undefined4	4	extern unsigned int DAT_001fb3a8 asm("DAT_001fb3a8");		data.s
DAT_001fb3ac	0x1fb3ac	__DATA,__bss	undefined4	4	extern unsigned int DAT_001fb3ac asm("DAT_001fb3ac");		data.s
DAT_001fb3b0	0x1fb3b0	__DATA,__bss	undefined4	4	extern unsigned int DAT_001fb3b0 asm("DAT_001fb3b0");		data.s
DAT_001fb3b8	0x1fb3b8	__DATA,__bss	undefined4	4	extern unsigned int DAT_001fb3b8 asm("DAT_001fb3b8");		data.s
DAT_001fb3bc	0x1fb3bc	__DATA,__bss	undefined4	4	extern unsigned int DAT_001fb3bc asm("DAT_001fb3bc");		data.s
DAT_001fb3c0	0x1fb3c0	__DATA,__bss	undefined4	4	extern unsigned int DAT_001fb3c0 asm("DAT_001fb3c0");		data.s
DAT_001fb3c4	0x1fb3c4	__DATA,__bss	undefined4	4	extern unsigned int DAT_001fb3c4 asm("DAT_001fb3c4");		data.s
DAT_001fb3cc	0x1fb3cc	__DATA,__bss	undefined4	4	extern unsigned int DAT_001fb3cc asm("DAT_001fb3cc");		data.s
DAT_001fb3d0	0x1fb3d0	__DATA,__bss	undefined4	4	extern unsigned int DAT_001fb3d0 asm("DAT_001fb3d0");		data.s
DAT_001fb3d4	0x1fb3d4	__DATA,__bss	undefined4	4	extern unsigned int DAT_001fb3d4 asm("DAT_001fb3d4");		data.s
DAT_001fb3d8	0x1fb3d8	__DATA,__bss	undefined4	4	extern unsigned int DAT_001fb3d8 asm("DAT_001fb3d8");		data.s
DAT_001fb3e0	0x1fb3e0	__DATA,__bss	undefined4	4	extern unsigned int DAT_001fb3e0 asm("DAT_001fb3e0");		data.s
DAT_001fb3e4	0x1fb3e4	__DATA,__bss	undefined4	4	extern unsigned int DAT_001fb3e4 asm("DAT_001fb3e4");		data.s
DAT_001fb3e8	0x1fb3e8	__DATA,__bss	undefined4	4	extern unsigned int DAT_001fb3e8 asm("DAT_001fb3e8");		data.s
DAT_001fb3ec	0x1fb3ec	__DATA,__bss	undefined4	4	extern unsigned int DAT_001fb3ec asm("DAT_001fb3ec");		data.s
DAT_001fb3f4	0x1fb3f4	__DATA,__bss	undefined4	4	extern unsigned int DAT_001fb3f4 asm("DAT_001fb3f4");		data.s
DAT_001fb3f8	0x1fb3f8	__DATA,__bss	undefined4	4	extern unsigned int DAT_001fb3f8 asm("DAT_001fb3f8");		data.s
DAT_001fb3fc	0x1fb3fc	__DATA,__bss	undefined4	4	extern unsigned int DAT_001fb3fc asm("DAT_001fb3fc");		data.s
DAT_001fb400	0x1fb400	__DATA,__bss	undefined4	4	extern unsigned int DAT_001fb400 asm("DAT_001fb400");		data.s
DAT_001fb408	0x1fb408	__DATA,__bss	undefined4	4	extern unsigned int DAT_001fb408 asm("DAT_001fb408");		data.s
DAT_001fb40c	0x1fb40c	__DATA,__bss	undefined4	4	extern unsigned int DAT_001fb40c asm("DAT_001fb40c");		data.s
DAT_001fb410	0x1fb410	__DATA,__bss	undefined4	4	extern unsigned int DAT_001fb410 asm("DAT_001fb410");		data.s
DAT_001fb414	0x1fb414	__DATA,__bss	undefined4	4	extern unsigned int DAT_001fb414 asm("DAT_001fb414");		data.s
DAT_001fb41c	0x1fb41c	__DATA,__bss	undefined4	4	extern unsigned int DAT_001fb41c asm("DAT_001fb41c");		data.s
DAT_001fb420	0x1fb420	__DATA,__bss	undefined4	4	extern unsigned int DAT_001fb420 asm("DAT_001fb420");		data.s
DAT_001fb424	0x1fb424	__DATA,__bss	undefined4	4	extern unsigned int DAT_001fb424 asm("DAT_001fb424");		data.s
DAT_001fb428	0x1fb428	__DATA,__bss	undefined4	4	extern unsigned int DAT_001fb428 asm("DAT_001fb428");		data.s
DAT_001fb430	0x1fb430	__DATA,__bss	undefined4	4	extern unsigned int DAT_001fb430 asm("DAT_001fb430");		data.s
DAT_001fb434	0x1fb434	__DATA,__bss	undefined4	4	extern unsigned int DAT_001fb434 asm("DAT_001fb434");		data.s
DAT_001fb438	0x1fb438	__DATA,__bss	undefined4	4	extern unsigned int DAT_001fb438 asm("DAT_001fb438");		data.s
DAT_001fb43c	0x1fb43c	__DATA,__bss	undefined4	4	extern unsigned int DAT_001fb43c asm("DAT_001fb43c");		data.s
DAT_001fb444	0x1fb444	__DATA,__bss	undefined4	4	extern unsigned int DAT_001fb444 asm("DAT_001fb444");		data.s
DAT_001fb448	0x1fb448	__DATA,__bss	undefined4	4	extern unsigned int DAT_001fb448 asm("DAT_001fb448");		data.s
DAT_001fb44c	0x1fb44c	__DATA,__bss	undefined4	4	extern unsigned int DAT_001fb44c asm("DAT_001fb44c");		data.s
DAT_001fb450	0x1fb450	__DATA,__bss	undefined4	4	extern unsigned int DAT_001fb450 asm("DAT_001fb450");		data.s
DAT_001fb458	0x1fb458	__DATA,__bss	undefined4	4	extern unsigned int DAT_001fb458 asm("DAT_001fb458");		data.s
DAT_001fb45c	0x1fb45c	__DATA,__bss	undefined4	4	extern unsigned int DAT_001fb45c asm("DAT_001fb45c");		data.s
DAT_001fb460	0x1fb460	__DATA,__bss	undefined4	4	extern unsigned int DAT_001fb460 asm("DAT_001fb460");		data.s
DAT_001fb464	0x1fb464	__DATA,__bss	undefined4	4	extern unsigned int DAT_001fb464 asm("DAT_001fb464");		data.s
DAT_001fb46c	0x1fb46c	__DATA,__bss	undefined4	4	extern unsigned int DAT_001fb46c asm("DAT_001fb46c");		data.s
DAT_001fb470	0x1fb470	__DATA,__bss	undefined4	4	extern unsigned int DAT_001fb470 asm("DAT_001fb470");		data.s
DAT_001fb474	0x1fb474	__DATA,__bss	undefined4	4	extern unsigned int DAT_001fb474 asm("DAT_001fb474");		data.s
DAT_001fb478	0x1fb478	__DATA,__bss	undefined4	4	extern unsigned int DAT_001fb478 asm("DAT_001fb478");		data.s
DAT_001fb480	0x1fb480	__DATA,__bss	undefined4	4	extern unsigned int DAT_001fb480 asm("DAT_001fb480");		data.s
DAT_001fb484	0x1fb484	__DATA,__bss	undefined4	4	extern unsigned int DAT_001fb484 asm("DAT_001fb484");		data.s
DAT_001fb488	0x1fb488	__DATA,__bss	undefined4	4	extern unsigned int DAT_001fb488 asm("DAT_001fb488");		data.s
DAT_001fb48c	0x1fb48c	__DATA,__bss	undefined4	4	extern unsigned int DAT_001fb48c asm("DAT_001fb48c");		data.s
DAT_001fb494	0x1fb494	__DATA,__bss	undefined4	4	extern unsigned int DAT_001fb494 asm("DAT_001fb494");		data.s
DAT_001fb498	0x1fb498	__DATA,__bss	undefined4	4	extern unsigned int DAT_001fb498 asm("DAT_001fb498");		data.s
DAT_001fb49c	0x1fb49c	__DATA,__bss	undefined4	4	extern unsigned int DAT_001fb49c asm("DAT_001fb49c");		data.s
DAT_001fb4a0	0x1fb4a0	__DATA,__bss	undefined4	4	extern unsigned int DAT_001fb4a0 asm("DAT_001fb4a0");		data.s
DAT_001fb4a8	0x1fb4a8	__DATA,__bss	undefined4	4	extern unsigned int DAT_001fb4a8 asm("DAT_001fb4a8");		data.s
DAT_001fb4ac	0x1fb4ac	__DATA,__bss	undefined4	4	extern unsigned int DAT_001fb4ac asm("DAT_001fb4ac");		data.s
DAT_001fb4b0	0x1fb4b0	__DATA,__bss	undefined4	4	extern unsigned int DAT_001fb4b0 asm("DAT_001fb4b0");		data.s
DAT_001fb4b4	0x1fb4b4	__DATA,__bss	undefined4	4	extern unsigned int DAT_001fb4b4 asm("DAT_001fb4b4");		data.s
DAT_001fb4bc	0x1fb4bc	__DATA,__bss	undefined4	4	extern unsigned int DAT_001fb4bc asm("DAT_001fb4bc");		data.s
DAT_001fb4c0	0x1fb4c0	__DATA,__bss	undefined4	4	extern unsigned int DAT_001fb4c0 asm("DAT_001fb4c0");		data.s
DAT_001fb4c4	0x1fb4c4	__DATA,__bss	undefined4	4	extern unsigned int DAT_001fb4c4 asm("DAT_001fb4c4");		data.s
DAT_001fb4c8	0x1fb4c8	__DATA,__bss	undefined4	4	extern unsigned int DAT_001fb4c8 asm("DAT_001fb4c8");		data.s
DAT_001fb4d0	0x1fb4d0	__DATA,__bss	undefined4	4	extern unsigned int DAT_001fb4d0 asm("DAT_001fb4d0");		data.s
DAT_001fb4d4	0x1fb4d4	__DATA,__bss	undefined4	4	extern unsigned int DAT_001fb4d4 asm("DAT_001fb4d4");		data.s
DAT_001fb4d8	0x1fb4d8	__DATA,__bss	undefined4	4	extern unsigned int DAT_001fb4d8 asm("DAT_001fb4d8");		data.s
DAT_001fb4dc	0x1fb4dc	__DATA,__bss	undefined4	4	extern unsigned int DAT_001fb4dc asm("DAT_001fb4dc");		data.s
DAT_001fb4e4	0x1fb4e4	__DATA,__bss	undefined4	4	extern unsigned int DAT_001fb4e4 asm("DAT_001fb4e4");		data.s
DAT_001fb4e8	0x1fb4e8	__DATA,__bss	undefined4	4	extern unsigned int DAT_001fb4e8 asm("DAT_001fb4e8");		data.s
DAT_001fb4ec	0x1fb4ec	__DATA,__bss	undefined4	4	extern unsigned int DAT_001fb4ec asm("DAT_001fb4ec");		data.s
DAT_001fb4f0	0x1fb4f0	__DATA,__bss	undefined4	4	extern unsigned int DAT_001fb4f0 asm("DAT_001fb4f0");		data.s
DAT_001fb4f8	0x1fb4f8	__DATA,__bss	undefined4	4	extern unsigned int DAT_001fb4f8 asm("DAT_001fb4f8");		data.s
DAT_001fb4fc	0x1fb4fc	__DATA,__bss	undefined4	4	extern unsigned int DAT_001fb4fc asm("DAT_001fb4fc");		data.s
DAT_001fb500	0x1fb500	__DATA,__bss	undefined4	4	extern unsigned int DAT_001fb500 asm("DAT_001fb500");		data.s
DAT_001fb504	0x1fb504	__DATA,__bss	undefined4	4	extern unsigned int DAT_001fb504 asm("DAT_001fb504");		data.s
DAT_001fb50c	0x1fb50c	__DATA,__bss	undefined4	4	extern unsigned int DAT_001fb50c asm("DAT_001fb50c");		data.s
DAT_001fb510	0x1fb510	__DATA,__bss	undefined4	4	extern unsigned int DAT_001fb510 asm("DAT_001fb510");		data.s
DAT_001fb514	0x1fb514	__DATA,__bss	undefined4	4	extern unsigned int DAT_001fb514 asm("DAT_001fb514");		data.s
DAT_001fb518	0x1fb518	__DATA,__bss	undefined4	4	extern unsigned int DAT_001fb518 asm("DAT_001fb518");		data.s
DAT_001fb520	0x1fb520	__DATA,__bss	undefined4	4	extern unsigned int DAT_001fb520 asm("DAT_001fb520");		data.s
DAT_001fb524	0x1fb524	__DATA,__bss	undefined4	4	extern unsigned int DAT_001fb524 asm("DAT_001fb524");		data.s
DAT_001fb528	0x1fb528	__DATA,__bss	undefined4	4	extern unsigned int DAT_001fb528 asm("DAT_001fb528");		data.s
DAT_001fb52c	0x1fb52c	__DATA,__bss	undefined4	4	extern unsigned int DAT_001fb52c asm("DAT_001fb52c");		data.s
DAT_001fb534	0x1fb534	__DATA,__bss	undefined4	4	extern unsigned int DAT_001fb534 asm("DAT_001fb534");		data.s
DAT_001fb538	0x1fb538	__DATA,__bss	undefined4	4	extern unsigned int DAT_001fb538 asm("DAT_001fb538");		data.s
DAT_001fb53c	0x1fb53c	__DATA,__bss	undefined4	4	extern unsigned int DAT_001fb53c asm("DAT_001fb53c");		data.s
DAT_001fb540	0x1fb540	__DATA,__bss	undefined4	4	extern unsigned int DAT_001fb540 asm("DAT_001fb540");		data.s
DAT_001fb548	0x1fb548	__DATA,__bss	undefined4	4	extern unsigned int DAT_001fb548 asm("DAT_001fb548");		data.s
DAT_001fb54c	0x1fb54c	__DATA,__bss	undefined4	4	extern unsigned int DAT_001fb54c asm("DAT_001fb54c");		data.s
DAT_001fb550	0x1fb550	__DATA,__bss	undefined4	4	extern unsigned int DAT_001fb550 asm("DAT_001fb550");		data.s
DAT_001fb554	0x1fb554	__DATA,__bss	undefined4	4	extern unsigned int DAT_001fb554 asm("DAT_001fb554");		data.s
DAT_001fb55c	0x1fb55c	__DATA,__bss	undefined4	4	extern unsigned int DAT_001fb55c asm("DAT_001fb55c");		data.s
DAT_001fb560	0x1fb560	__DATA,__bss	undefined4	4	extern unsigned int DAT_001fb560 asm("DAT_001fb560");		data.s
DAT_001fb564	0x1fb564	__DATA,__bss	undefined4	4	extern unsigned int DAT_001fb564 asm("DAT_001fb564");		data.s
DAT_001fb568	0x1fb568	__DATA,__bss	undefined4	4	extern unsigned int DAT_001fb568 asm("DAT_001fb568");		data.s
DAT_001fb570	0x1fb570	__DATA,__bss	undefined4	4	extern unsigned int DAT_001fb570 asm("DAT_001fb570");		data.s
DAT_001fb574	0x1fb574	__DATA,__bss	undefined4	4	extern unsigned int DAT_001fb574 asm("DAT_001fb574");		data.s
DAT_001fb578	0x1fb578	__DATA,__bss	undefined4	4	extern unsigned int DAT_001fb578 asm("DAT_001fb578");		data.s
DAT_001fb57c	0x1fb57c	__DATA,__bss	undefined4	4	extern unsigned int DAT_001fb57c asm("DAT_001fb57c");		data.s
DAT_001fb584	0x1fb584	__DATA,__bss	undefined4	4	extern unsigned int DAT_001fb584 asm("DAT_001fb584");		data.s
DAT_001fb588	0x1fb588	__DATA,__bss	undefined4	4	extern unsigned int DAT_001fb588 asm("DAT_001fb588");		data.s
DAT_001fb58c	0x1fb58c	__DATA,__bss	undefined4	4	extern unsigned int DAT_001fb58c asm("DAT_001fb58c");		data.s
DAT_001fb590	0x1fb590	__DATA,__bss	undefined4	4	extern unsigned int DAT_001fb590 asm("DAT_001fb590");		data.s
DAT_001fb598	0x1fb598	__DATA,__bss	undefined4	4	extern unsigned int DAT_001fb598 asm("DAT_001fb598");		data.s
DAT_001fb59c	0x1fb59c	__DATA,__bss	undefined4	4	extern unsigned int DAT_001fb59c asm("DAT_001fb59c");		data.s
DAT_001fb5a0	0x1fb5a0	__DATA,__bss	undefined4	4	extern unsigned int DAT_001fb5a0 asm("DAT_001fb5a0");		data.s
DAT_001fb5a4	0x1fb5a4	__DATA,__bss	undefined4	4	extern unsigned int DAT_001fb5a4 asm("DAT_001fb5a4");		data.s
DAT_001fb5ac	0x1fb5ac	__DATA,__bss	undefined4	4	extern unsigned int DAT_001fb5ac asm("DAT_001fb5ac");		data.s
DAT_001fb5b0	0x1fb5b0	__DATA,__bss	undefined4	4	extern unsigned int DAT_001fb5b0 asm("DAT_001fb5b0");		data.s
DAT_001fb5b4	0x1fb5b4	__DATA,__bss	undefined4	4	extern unsigned int DAT_001fb5b4 asm("DAT_001fb5b4");		data.s
DAT_001fb5b8	0x1fb5b8	__DATA,__bss	undefined4	4	extern unsigned int DAT_001fb5b8 asm("DAT_001fb5b8");		data.s
DAT_001fb5c0	0x1fb5c0	__DATA,__bss	undefined4	4	extern unsigned int DAT_001fb5c0 asm("DAT_001fb5c0");		data.s
DAT_001fb5c4	0x1fb5c4	__DATA,__bss	undefined4	4	extern unsigned int DAT_001fb5c4 asm("DAT_001fb5c4");		data.s
DAT_001fb5c8	0x1fb5c8	__DATA,__bss	undefined4	4	extern unsigned int DAT_001fb5c8 asm("DAT_001fb5c8");		data.s
DAT_001fb5cc	0x1fb5cc	__DATA,__bss	undefined4	4	extern unsigned int DAT_001fb5cc asm("DAT_001fb5cc");		data.s
DAT_001fb5d4	0x1fb5d4	__DATA,__bss	undefined4	4	extern unsigned int DAT_001fb5d4 asm("DAT_001fb5d4");		data.s
DAT_001fb5d8	0x1fb5d8	__DATA,__bss	undefined4	4	extern unsigned int DAT_001fb5d8 asm("DAT_001fb5d8");		data.s
DAT_001fb5dc	0x1fb5dc	__DATA,__bss	undefined4	4	extern unsigned int DAT_001fb5dc asm("DAT_001fb5dc");		data.s
DAT_001fb5e0	0x1fb5e0	__DATA,__bss	undefined4	4	extern unsigned int DAT_001fb5e0 asm("DAT_001fb5e0");		data.s
DAT_001fb5e8	0x1fb5e8	__DATA,__bss	undefined4	4	extern unsigned int DAT_001fb5e8 asm("DAT_001fb5e8");		data.s
DAT_001fb5ec	0x1fb5ec	__DATA,__bss	undefined4	4	extern unsigned int DAT_001fb5ec asm("DAT_001fb5ec");		data.s
DAT_001fb5f0	0x1fb5f0	__DATA,__bss	undefined4	4	extern unsigned int DAT_001fb5f0 asm("DAT_001fb5f0");		data.s
DAT_001fb5f4	0x1fb5f4	__DATA,__bss	undefined4	4	extern unsigned int DAT_001fb5f4 asm("DAT_001fb5f4");		data.s
DAT_001fb5fc	0x1fb5fc	__DATA,__bss	undefined4	4	extern unsigned int DAT_001fb5fc asm("DAT_001fb5fc");		data.s
DAT_001fb600	0x1fb600	__DATA,__bss	undefined4	4	extern unsigned int DAT_001fb600 asm("DAT_001fb600");		data.s
DAT_001fb604	0x1fb604	__DATA,__bss	undefined4	4	extern unsigned int DAT_001fb604 asm("DAT_001fb604");		data.s
DAT_001fb608	0x1fb608	__DATA,__bss	undefined4	4	extern unsigned int DAT_001fb608 asm("DAT_001fb608");		data.s
DAT_001fb610	0x1fb610	__DATA,__bss	undefined4	4	extern unsigned int DAT_001fb610 asm("DAT_001fb610");		data.s
DAT_001fb614	0x1fb614	__DATA,__bss	undefined4	4	extern unsigned int DAT_001fb614 asm("DAT_001fb614");		data.s
DAT_001fb618	0x1fb618	__DATA,__bss	undefined4	4	extern unsigned int DAT_001fb618 asm("DAT_001fb618");		data.s
DAT_001fb61c	0x1fb61c	__DATA,__bss	undefined4	4	extern unsigned int DAT_001fb61c asm("DAT_001fb61c");		data.s
DAT_001fb624	0x1fb624	__DATA,__bss	undefined4	4	extern unsigned int DAT_001fb624 asm("DAT_001fb624");		data.s
DAT_001fb628	0x1fb628	__DATA,__bss	undefined4	4	extern unsigned int DAT_001fb628 asm("DAT_001fb628");		data.s
DAT_001fb62c	0x1fb62c	__DATA,__bss	undefined4	4	extern unsigned int DAT_001fb62c asm("DAT_001fb62c");		data.s
DAT_001fb630	0x1fb630	__DATA,__bss	undefined4	4	extern unsigned int DAT_001fb630 asm("DAT_001fb630");		data.s
DAT_001fb638	0x1fb638	__DATA,__bss	undefined4	4	extern unsigned int DAT_001fb638 asm("DAT_001fb638");		data.s
DAT_001fb63c	0x1fb63c	__DATA,__bss	undefined4	4	extern unsigned int DAT_001fb63c asm("DAT_001fb63c");		data.s
DAT_001fb640	0x1fb640	__DATA,__bss	undefined4	4	extern unsigned int DAT_001fb640 asm("DAT_001fb640");		data.s
DAT_001fb644	0x1fb644	__DATA,__bss	undefined4	4	extern unsigned int DAT_001fb644 asm("DAT_001fb644");		data.s
DAT_001fb64c	0x1fb64c	__DATA,__bss	undefined4	4	extern unsigned int DAT_001fb64c asm("DAT_001fb64c");		data.s
DAT_001fb650	0x1fb650	__DATA,__bss	undefined4	4	extern unsigned int DAT_001fb650 asm("DAT_001fb650");		data.s
DAT_001fb654	0x1fb654	__DATA,__bss	undefined4	4	extern unsigned int DAT_001fb654 asm("DAT_001fb654");		data.s
DAT_001fb658	0x1fb658	__DATA,__bss	undefined4	4	extern unsigned int DAT_001fb658 asm("DAT_001fb658");		data.s
DAT_001fb660	0x1fb660	__DATA,__bss	undefined4	4	extern unsigned int DAT_001fb660 asm("DAT_001fb660");		data.s
DAT_001fb664	0x1fb664	__DATA,__bss	undefined4	4	extern unsigned int DAT_001fb664 asm("DAT_001fb664");		data.s
DAT_001fb668	0x1fb668	__DATA,__bss	undefined4	4	extern unsigned int DAT_001fb668 asm("DAT_001fb668");		data.s
DAT_001fb66c	0x1fb66c	__DATA,__bss	undefined4	4	extern unsigned int DAT_001fb66c asm("DAT_001fb66c");		data.s
DAT_001fb674	0x1fb674	__DATA,__bss	undefined4	4	extern unsigned int DAT_001fb674 asm("DAT_001fb674");		data.s
DAT_001fb678	0x1fb678	__DATA,__bss	undefined4	4	extern unsigned int DAT_001fb678 asm("DAT_001fb678");		data.s
DAT_001fb67c	0x1fb67c	__DATA,__bss	undefined4	4	extern unsigned int DAT_001fb67c asm("DAT_001fb67c");		data.s
DAT_001fb680	0x1fb680	__DATA,__bss	undefined4	4	extern unsigned int DAT_001fb680 asm("DAT_001fb680");		data.s
DAT_001fb688	0x1fb688	__DATA,__bss	undefined4	4	extern unsigned int DAT_001fb688 asm("DAT_001fb688");		data.s
DAT_001fb68c	0x1fb68c	__DATA,__bss	undefined4	4	extern unsigned int DAT_001fb68c asm("DAT_001fb68c");		data.s
DAT_001fb690	0x1fb690	__DATA,__bss	undefined4	4	extern unsigned int DAT_001fb690 asm("DAT_001fb690");		data.s
DAT_001fb694	0x1fb694	__DATA,__bss	undefined4	4	extern unsigned int DAT_001fb694 asm("DAT_001fb694");		data.s
DAT_001fb69c	0x1fb69c	__DATA,__bss	undefined4	4	extern unsigned int DAT_001fb69c asm("DAT_001fb69c");		data.s
DAT_001fb6a0	0x1fb6a0	__DATA,__bss	undefined4	4	extern unsigned int DAT_001fb6a0 asm("DAT_001fb6a0");		data.s
DAT_001fb6a4	0x1fb6a4	__DATA,__bss	undefined4	4	extern unsigned int DAT_001fb6a4 asm("DAT_001fb6a4");		data.s
DAT_001fb6a8	0x1fb6a8	__DATA,__bss	undefined4	4	extern unsigned int DAT_001fb6a8 asm("DAT_001fb6a8");		data.s
DAT_001fb6b0	0x1fb6b0	__DATA,__bss	undefined4	4	extern unsigned int DAT_001fb6b0 asm("DAT_001fb6b0");		data.s
DAT_001fb6b4	0x1fb6b4	__DATA,__bss	undefined4	4	extern unsigned int DAT_001fb6b4 asm("DAT_001fb6b4");		data.s
DAT_001fb6b8	0x1fb6b8	__DATA,__bss	undefined4	4	extern unsigned int DAT_001fb6b8 asm("DAT_001fb6b8");		data.s
DAT_001fb6bc	0x1fb6bc	__DATA,__bss	undefined4	4	extern unsigned int DAT_001fb6bc asm("DAT_001fb6bc");		data.s
DAT_001fb6c4	0x1fb6c4	__DATA,__bss	undefined4	4	extern unsigned int DAT_001fb6c4 asm("DAT_001fb6c4");		data.s
DAT_001fb6c8	0x1fb6c8	__DATA,__bss	undefined4	4	extern unsigned int DAT_001fb6c8 asm("DAT_001fb6c8");		data.s
DAT_001fb6cc	0x1fb6cc	__DATA,__bss	undefined4	4	extern unsigned int DAT_001fb6cc asm("DAT_001fb6cc");		data.s
DAT_001fb6d0	0x1fb6d0	__DATA,__bss	undefined4	4	extern unsigned int DAT_001fb6d0 asm("DAT_001fb6d0");		data.s
DAT_001fb6d8	0x1fb6d8	__DATA,__bss	undefined4	4	extern unsigned int DAT_001fb6d8 asm("DAT_001fb6d8");		data.s
DAT_001fb6dc	0x1fb6dc	__DATA,__bss	undefined4	4	extern unsigned int DAT_001fb6dc asm("DAT_001fb6dc");		data.s
DAT_001fb6e0	0x1fb6e0	__DATA,__bss	undefined4	4	extern unsigned int DAT_001fb6e0 asm("DAT_001fb6e0");		data.s
DAT_001fb6e4	0x1fb6e4	__DATA,__bss	undefined4	4	extern unsigned int DAT_001fb6e4 asm("DAT_001fb6e4");		data.s
DAT_001fb6ec	0x1fb6ec	__DATA,__bss	undefined4	4	extern unsigned int DAT_001fb6ec asm("DAT_001fb6ec");		data.s
DAT_001fb6f0	0x1fb6f0	__DATA,__bss	undefined4	4	extern unsigned int DAT_001fb6f0 asm("DAT_001fb6f0");		data.s
DAT_001fb6f4	0x1fb6f4	__DATA,__bss	undefined4	4	extern unsigned int DAT_001fb6f4 asm("DAT_001fb6f4");		data.s
DAT_001fb6f8	0x1fb6f8	__DATA,__bss	undefined4	4	extern unsigned int DAT_001fb6f8 asm("DAT_001fb6f8");		data.s
DAT_001fb700	0x1fb700	__DATA,__bss	undefined4	4	extern unsigned int DAT_001fb700 asm("DAT_001fb700");		data.s
DAT_001fb704	0x1fb704	__DATA,__bss	undefined4	4	extern unsigned int DAT_001fb704 asm("DAT_001fb704");		data.s
DAT_001fb708	0x1fb708	__DATA,__bss	undefined4	4	extern unsigned int DAT_001fb708 asm("DAT_001fb708");		data.s
DAT_001fb70c	0x1fb70c	__DATA,__bss	undefined4	4	extern unsigned int DAT_001fb70c asm("DAT_001fb70c");		data.s
DAT_001fb714	0x1fb714	__DATA,__bss	undefined4	4	extern unsigned int DAT_001fb714 asm("DAT_001fb714");		data.s
DAT_001fb718	0x1fb718	__DATA,__bss	undefined4	4	extern unsigned int DAT_001fb718 asm("DAT_001fb718");		data.s
DAT_001fb71c	0x1fb71c	__DATA,__bss	undefined4	4	extern unsigned int DAT_001fb71c asm("DAT_001fb71c");		data.s
DAT_001fb720	0x1fb720	__DATA,__bss	undefined4	4	extern unsigned int DAT_001fb720 asm("DAT_001fb720");		data.s
DAT_001fb728	0x1fb728	__DATA,__bss	undefined4	4	extern unsigned int DAT_001fb728 asm("DAT_001fb728");		data.s
DAT_001fb72c	0x1fb72c	__DATA,__bss	undefined4	4	extern unsigned int DAT_001fb72c asm("DAT_001fb72c");		data.s
DAT_001fb730	0x1fb730	__DATA,__bss	undefined4	4	extern unsigned int DAT_001fb730 asm("DAT_001fb730");		data.s
DAT_001fb734	0x1fb734	__DATA,__bss	undefined4	4	extern unsigned int DAT_001fb734 asm("DAT_001fb734");		data.s
DAT_001fb73c	0x1fb73c	__DATA,__bss	undefined4	4	extern unsigned int DAT_001fb73c asm("DAT_001fb73c");		data.s
DAT_001fb740	0x1fb740	__DATA,__bss	undefined4	4	extern unsigned int DAT_001fb740 asm("DAT_001fb740");		data.s
DAT_001fb744	0x1fb744	__DATA,__bss	undefined4	4	extern unsigned int DAT_001fb744 asm("DAT_001fb744");		data.s
DAT_001fb748	0x1fb748	__DATA,__bss	undefined4	4	extern unsigned int DAT_001fb748 asm("DAT_001fb748");		data.s
DAT_001fb750	0x1fb750	__DATA,__bss	undefined4	4	extern unsigned int DAT_001fb750 asm("DAT_001fb750");		data.s
DAT_001fb754	0x1fb754	__DATA,__bss	undefined4	4	extern unsigned int DAT_001fb754 asm("DAT_001fb754");		data.s
DAT_001fb758	0x1fb758	__DATA,__bss	undefined4	4	extern unsigned int DAT_001fb758 asm("DAT_001fb758");		data.s
DAT_001fb75c	0x1fb75c	__DATA,__bss	undefined4	4	extern unsigned int DAT_001fb75c asm("DAT_001fb75c");		data.s
DAT_001fb764	0x1fb764	__DATA,__bss	undefined4	4	extern unsigned int DAT_001fb764 asm("DAT_001fb764");		data.s
DAT_001fb768	0x1fb768	__DATA,__bss	undefined4	4	extern unsigned int DAT_001fb768 asm("DAT_001fb768");		data.s
DAT_001fb76c	0x1fb76c	__DATA,__bss	undefined4	4	extern unsigned int DAT_001fb76c asm("DAT_001fb76c");		data.s
DAT_001fb770	0x1fb770	__DATA,__bss	undefined4	4	extern unsigned int DAT_001fb770 asm("DAT_001fb770");		data.s
DAT_001fb778	0x1fb778	__DATA,__bss	undefined4	4	extern unsigned int DAT_001fb778 asm("DAT_001fb778");		data.s
DAT_001fb77c	0x1fb77c	__DATA,__bss	undefined4	4	extern unsigned int DAT_001fb77c asm("DAT_001fb77c");		data.s
DAT_001fb780	0x1fb780	__DATA,__bss	undefined4	4	extern unsigned int DAT_001fb780 asm("DAT_001fb780");		data.s
DAT_001fb784	0x1fb784	__DATA,__bss	undefined4	4	extern unsigned int DAT_001fb784 asm("DAT_001fb784");		data.s
DAT_001fb78c	0x1fb78c	__DATA,__bss	undefined4	4	extern unsigned int DAT_001fb78c asm("DAT_001fb78c");		data.s
DAT_001fb790	0x1fb790	__DATA,__bss	undefined4	4	extern unsigned int DAT_001fb790 asm("DAT_001fb790");		data.s
DAT_001fb794	0x1fb794	__DATA,__bss	undefined4	4	extern unsigned int DAT_001fb794 asm("DAT_001fb794");		data.s
DAT_001fb798	0x1fb798	__DATA,__bss	undefined4	4	extern unsigned int DAT_001fb798 asm("DAT_001fb798");		data.s
DAT_001fb7a0	0x1fb7a0	__DATA,__bss	undefined4	4	extern unsigned int DAT_001fb7a0 asm("DAT_001fb7a0");		data.s
DAT_001fb7a4	0x1fb7a4	__DATA,__bss	undefined4	4	extern unsigned int DAT_001fb7a4 asm("DAT_001fb7a4");		data.s
DAT_001fb7a8	0x1fb7a8	__DATA,__bss	undefined4	4	extern unsigned int DAT_001fb7a8 asm("DAT_001fb7a8");		data.s
DAT_001fb7ac	0x1fb7ac	__DATA,__bss	undefined4	4	extern unsigned int DAT_001fb7ac asm("DAT_001fb7ac");		data.s
DAT_001fb7b4	0x1fb7b4	__DATA,__bss	undefined4	4	extern unsigned int DAT_001fb7b4 asm("DAT_001fb7b4");		data.s
DAT_001fb7b8	0x1fb7b8	__DATA,__bss	undefined4	4	extern unsigned int DAT_001fb7b8 asm("DAT_001fb7b8");		data.s
DAT_001fb7bc	0x1fb7bc	__DATA,__bss	undefined4	4	extern unsigned int DAT_001fb7bc asm("DAT_001fb7bc");		data.s
DAT_001fb7c0	0x1fb7c0	__DATA,__bss	undefined4	4	extern unsigned int DAT_001fb7c0 asm("DAT_001fb7c0");		data.s
DAT_001fb7c8	0x1fb7c8	__DATA,__bss	undefined4	4	extern unsigned int DAT_001fb7c8 asm("DAT_001fb7c8");		data.s
DAT_001fb7cc	0x1fb7cc	__DATA,__bss	undefined4	4	extern unsigned int DAT_001fb7cc asm("DAT_001fb7cc");		data.s
DAT_001fb7d0	0x1fb7d0	__DATA,__bss	undefined4	4	extern unsigned int DAT_001fb7d0 asm("DAT_001fb7d0");		data.s
DAT_001fb7d4	0x1fb7d4	__DATA,__bss	undefined4	4	extern unsigned int DAT_001fb7d4 asm("DAT_001fb7d4");		data.s
DAT_001fb7dc	0x1fb7dc	__DATA,__bss	undefined4	4	extern unsigned int DAT_001fb7dc asm("DAT_001fb7dc");		data.s
DAT_001fb7e0	0x1fb7e0	__DATA,__bss	undefined4	4	extern unsigned int DAT_001fb7e0 asm("DAT_001fb7e0");		data.s
DAT_001fb7e4	0x1fb7e4	__DATA,__bss	undefined4	4	extern unsigned int DAT_001fb7e4 asm("DAT_001fb7e4");		data.s
DAT_001fb7e8	0x1fb7e8	__DATA,__bss	undefined4	4	extern unsigned int DAT_001fb7e8 asm("DAT_001fb7e8");		data.s
DAT_001fb7f0	0x1fb7f0	__DATA,__bss	undefined4	4	extern unsigned int DAT_001fb7f0 asm("DAT_001fb7f0");		data.s
DAT_001fb7f4	0x1fb7f4	__DATA,__bss	undefined4	4	extern unsigned int DAT_001fb7f4 asm("DAT_001fb7f4");		data.s
DAT_001fb7f8	0x1fb7f8	__DATA,__bss	undefined4	4	extern unsigned int DAT_001fb7f8 asm("DAT_001fb7f8");		data.s
DAT_001fb7fc	0x1fb7fc	__DATA,__bss	undefined4	4	extern unsigned int DAT_001fb7fc asm("DAT_001fb7fc");		data.s
DAT_001fb804	0x1fb804	__DATA,__bss	undefined4	4	extern unsigned int DAT_001fb804 asm("DAT_001fb804");		data.s
DAT_001fb808	0x1fb808	__DATA,__bss	undefined4	4	extern unsigned int DAT_001fb808 asm("DAT_001fb808");		data.s
DAT_001fb80c	0x1fb80c	__DATA,__bss	undefined4	4	extern unsigned int DAT_001fb80c asm("DAT_001fb80c");		data.s
DAT_001fb810	0x1fb810	__DATA,__bss	undefined4	4	extern unsigned int DAT_001fb810 asm("DAT_001fb810");		data.s
DAT_001fb818	0x1fb818	__DATA,__bss	undefined4	4	extern unsigned int DAT_001fb818 asm("DAT_001fb818");		data.s
DAT_001fb81c	0x1fb81c	__DATA,__bss	undefined4	4	extern unsigned int DAT_001fb81c asm("DAT_001fb81c");		data.s
DAT_001fb820	0x1fb820	__DATA,__bss	undefined4	4	extern unsigned int DAT_001fb820 asm("DAT_001fb820");		data.s
DAT_001fb824	0x1fb824	__DATA,__bss	undefined4	4	extern unsigned int DAT_001fb824 asm("DAT_001fb824");		data.s
DAT_001fb82c	0x1fb82c	__DATA,__bss	undefined4	4	extern unsigned int DAT_001fb82c asm("DAT_001fb82c");		data.s
DAT_001fb830	0x1fb830	__DATA,__bss	undefined4	4	extern unsigned int DAT_001fb830 asm("DAT_001fb830");		data.s
DAT_001fb834	0x1fb834	__DATA,__bss	undefined4	4	extern unsigned int DAT_001fb834 asm("DAT_001fb834");		data.s
DAT_001fb838	0x1fb838	__DATA,__bss	undefined4	4	extern unsigned int DAT_001fb838 asm("DAT_001fb838");		data.s
DAT_001fb840	0x1fb840	__DATA,__bss	undefined4	4	extern unsigned int DAT_001fb840 asm("DAT_001fb840");		data.s
DAT_001fb844	0x1fb844	__DATA,__bss	undefined4	4	extern unsigned int DAT_001fb844 asm("DAT_001fb844");		data.s
DAT_001fb848	0x1fb848	__DATA,__bss	undefined4	4	extern unsigned int DAT_001fb848 asm("DAT_001fb848");		data.s
DAT_001fb84c	0x1fb84c	__DATA,__bss	undefined4	4	extern unsigned int DAT_001fb84c asm("DAT_001fb84c");		data.s
DAT_001fb854	0x1fb854	__DATA,__bss	undefined4	4	extern unsigned int DAT_001fb854 asm("DAT_001fb854");		data.s
DAT_001fb858	0x1fb858	__DATA,__bss	undefined4	4	extern unsigned int DAT_001fb858 asm("DAT_001fb858");		data.s
DAT_001fb85c	0x1fb85c	__DATA,__bss	undefined4	4	extern unsigned int DAT_001fb85c asm("DAT_001fb85c");		data.s
DAT_001fb860	0x1fb860	__DATA,__bss	undefined4	4	extern unsigned int DAT_001fb860 asm("DAT_001fb860");		data.s
DAT_001fb868	0x1fb868	__DATA,__bss	undefined4	4	extern unsigned int DAT_001fb868 asm("DAT_001fb868");		data.s
DAT_001fb86c	0x1fb86c	__DATA,__bss	undefined4	4	extern unsigned int DAT_001fb86c asm("DAT_001fb86c");		data.s
DAT_001fb870	0x1fb870	__DATA,__bss	undefined4	4	extern unsigned int DAT_001fb870 asm("DAT_001fb870");		data.s
DAT_001fb874	0x1fb874	__DATA,__bss	undefined4	4	extern unsigned int DAT_001fb874 asm("DAT_001fb874");		data.s
DAT_001fb87c	0x1fb87c	__DATA,__bss	undefined4	4	extern unsigned int DAT_001fb87c asm("DAT_001fb87c");		data.s
DAT_001fb880	0x1fb880	__DATA,__bss	undefined4	4	extern unsigned int DAT_001fb880 asm("DAT_001fb880");		data.s
DAT_001fb884	0x1fb884	__DATA,__bss	undefined4	4	extern unsigned int DAT_001fb884 asm("DAT_001fb884");		data.s
DAT_001fb888	0x1fb888	__DATA,__bss	undefined4	4	extern unsigned int DAT_001fb888 asm("DAT_001fb888");		data.s
DAT_001fb890	0x1fb890	__DATA,__bss	undefined4	4	extern unsigned int DAT_001fb890 asm("DAT_001fb890");		data.s
DAT_001fb894	0x1fb894	__DATA,__bss	undefined4	4	extern unsigned int DAT_001fb894 asm("DAT_001fb894");		data.s
DAT_001fb898	0x1fb898	__DATA,__bss	undefined4	4	extern unsigned int DAT_001fb898 asm("DAT_001fb898");		data.s
DAT_001fb89c	0x1fb89c	__DATA,__bss	undefined4	4	extern unsigned int DAT_001fb89c asm("DAT_001fb89c");		data.s
DAT_001fb8a4	0x1fb8a4	__DATA,__bss	undefined4	4	extern unsigned int DAT_001fb8a4 asm("DAT_001fb8a4");		data.s
DAT_001fb8a8	0x1fb8a8	__DATA,__bss	undefined4	4	extern unsigned int DAT_001fb8a8 asm("DAT_001fb8a8");		data.s
DAT_001fb8ac	0x1fb8ac	__DATA,__bss	undefined4	4	extern unsigned int DAT_001fb8ac asm("DAT_001fb8ac");		data.s
DAT_001fb8b0	0x1fb8b0	__DATA,__bss	undefined4	4	extern unsigned int DAT_001fb8b0 asm("DAT_001fb8b0");		data.s
DAT_001fb8b8	0x1fb8b8	__DATA,__bss	undefined4	4	extern unsigned int DAT_001fb8b8 asm("DAT_001fb8b8");		data.s
DAT_001fb8bc	0x1fb8bc	__DATA,__bss	undefined4	4	extern unsigned int DAT_001fb8bc asm("DAT_001fb8bc");		data.s
DAT_001fb8c0	0x1fb8c0	__DATA,__bss	undefined4	4	extern unsigned int DAT_001fb8c0 asm("DAT_001fb8c0");		data.s
DAT_001fb8c4	0x1fb8c4	__DATA,__bss	undefined4	4	extern unsigned int DAT_001fb8c4 asm("DAT_001fb8c4");		data.s
DAT_001fb8cc	0x1fb8cc	__DATA,__bss	undefined4	4	extern unsigned int DAT_001fb8cc asm("DAT_001fb8cc");		data.s
DAT_001fb8d0	0x1fb8d0	__DATA,__bss	undefined4	4	extern unsigned int DAT_001fb8d0 asm("DAT_001fb8d0");		data.s
DAT_001fb8d4	0x1fb8d4	__DATA,__bss	undefined4	4	extern unsigned int DAT_001fb8d4 asm("DAT_001fb8d4");		data.s
DAT_001fb8d8	0x1fb8d8	__DATA,__bss	undefined4	4	extern unsigned int DAT_001fb8d8 asm("DAT_001fb8d8");		data.s
DAT_001fb8e0	0x1fb8e0	__DATA,__bss	undefined4	4	extern unsigned int DAT_001fb8e0 asm("DAT_001fb8e0");		data.s
DAT_001fb8e4	0x1fb8e4	__DATA,__bss	undefined4	4	extern unsigned int DAT_001fb8e4 asm("DAT_001fb8e4");		data.s
DAT_001fb8e8	0x1fb8e8	__DATA,__bss	undefined4	4	extern unsigned int DAT_001fb8e8 asm("DAT_001fb8e8");		data.s
DAT_001fb8ec	0x1fb8ec	__DATA,__bss	undefined4	4	extern unsigned int DAT_001fb8ec asm("DAT_001fb8ec");		data.s
DAT_001fb8f4	0x1fb8f4	__DATA,__bss	undefined4	4	extern unsigned int DAT_001fb8f4 asm("DAT_001fb8f4");		data.s
DAT_001fb8f8	0x1fb8f8	__DATA,__bss	undefined4	4	extern unsigned int DAT_001fb8f8 asm("DAT_001fb8f8");		data.s
DAT_001fb8fc	0x1fb8fc	__DATA,__bss	undefined4	4	extern unsigned int DAT_001fb8fc asm("DAT_001fb8fc");		data.s
DAT_001fb900	0x1fb900	__DATA,__bss	undefined4	4	extern unsigned int DAT_001fb900 asm("DAT_001fb900");		data.s
DAT_001fb908	0x1fb908	__DATA,__bss	undefined4	4	extern unsigned int DAT_001fb908 asm("DAT_001fb908");		data.s
DAT_001fb90c	0x1fb90c	__DATA,__bss	undefined4	4	extern unsigned int DAT_001fb90c asm("DAT_001fb90c");		data.s
DAT_001fb910	0x1fb910	__DATA,__bss	undefined4	4	extern unsigned int DAT_001fb910 asm("DAT_001fb910");		data.s
DAT_001fb914	0x1fb914	__DATA,__bss	undefined4	4	extern unsigned int DAT_001fb914 asm("DAT_001fb914");		data.s
DAT_001fb91c	0x1fb91c	__DATA,__bss	undefined4	4	extern unsigned int DAT_001fb91c asm("DAT_001fb91c");		data.s
DAT_001fb920	0x1fb920	__DATA,__bss	undefined4	4	extern unsigned int DAT_001fb920 asm("DAT_001fb920");		data.s
DAT_001fb924	0x1fb924	__DATA,__bss	undefined4	4	extern unsigned int DAT_001fb924 asm("DAT_001fb924");		data.s
DAT_001fb928	0x1fb928	__DATA,__bss	undefined4	4	extern unsigned int DAT_001fb928 asm("DAT_001fb928");		data.s
DAT_001fb930	0x1fb930	__DATA,__bss	undefined4	4	extern unsigned int DAT_001fb930 asm("DAT_001fb930");		data.s
DAT_001fb934	0x1fb934	__DATA,__bss	undefined4	4	extern unsigned int DAT_001fb934 asm("DAT_001fb934");		data.s
DAT_001fb938	0x1fb938	__DATA,__bss	undefined4	4	extern unsigned int DAT_001fb938 asm("DAT_001fb938");		data.s
DAT_001fb93c	0x1fb93c	__DATA,__bss	undefined4	4	extern unsigned int DAT_001fb93c asm("DAT_001fb93c");		data.s
DAT_001fb944	0x1fb944	__DATA,__bss	undefined4	4	extern unsigned int DAT_001fb944 asm("DAT_001fb944");		data.s
DAT_001fb948	0x1fb948	__DATA,__bss	undefined4	4	extern unsigned int DAT_001fb948 asm("DAT_001fb948");		data.s
DAT_001fb94c	0x1fb94c	__DATA,__bss	undefined4	4	extern unsigned int DAT_001fb94c asm("DAT_001fb94c");		data.s
DAT_001fb950	0x1fb950	__DATA,__bss	undefined4	4	extern unsigned int DAT_001fb950 asm("DAT_001fb950");		data.s
DAT_001fb958	0x1fb958	__DATA,__bss	undefined4	4	extern unsigned int DAT_001fb958 asm("DAT_001fb958");		data.s
DAT_001fb95c	0x1fb95c	__DATA,__bss	undefined4	4	extern unsigned int DAT_001fb95c asm("DAT_001fb95c");		data.s
DAT_001fb960	0x1fb960	__DATA,__bss	undefined4	4	extern unsigned int DAT_001fb960 asm("DAT_001fb960");		data.s
DAT_001fb964	0x1fb964	__DATA,__bss	undefined4	4	extern unsigned int DAT_001fb964 asm("DAT_001fb964");		data.s
DAT_001fb96c	0x1fb96c	__DATA,__bss	undefined4	4	extern unsigned int DAT_001fb96c asm("DAT_001fb96c");		data.s
DAT_001fb970	0x1fb970	__DATA,__bss	undefined4	4	extern unsigned int DAT_001fb970 asm("DAT_001fb970");		data.s
DAT_001fb974	0x1fb974	__DATA,__bss	undefined4	4	extern unsigned int DAT_001fb974 asm("DAT_001fb974");		data.s
DAT_001fb978	0x1fb978	__DATA,__bss	undefined4	4	extern unsigned int DAT_001fb978 asm("DAT_001fb978");		data.s
DAT_001fb980	0x1fb980	__DATA,__bss	undefined4	4	extern unsigned int DAT_001fb980 asm("DAT_001fb980");		data.s
DAT_001fb984	0x1fb984	__DATA,__bss	undefined4	4	extern unsigned int DAT_001fb984 asm("DAT_001fb984");		data.s
DAT_001fb988	0x1fb988	__DATA,__bss	undefined4	4	extern unsigned int DAT_001fb988 asm("DAT_001fb988");		data.s
DAT_001fb98c	0x1fb98c	__DATA,__bss	undefined4	4	extern unsigned int DAT_001fb98c asm("DAT_001fb98c");		data.s
DAT_001fb994	0x1fb994	__DATA,__bss	undefined4	4	extern unsigned int DAT_001fb994 asm("DAT_001fb994");		data.s
DAT_001fb998	0x1fb998	__DATA,__bss	undefined4	4	extern unsigned int DAT_001fb998 asm("DAT_001fb998");		data.s
DAT_001fb99c	0x1fb99c	__DATA,__bss	undefined4	4	extern unsigned int DAT_001fb99c asm("DAT_001fb99c");		data.s
DAT_001fb9a0	0x1fb9a0	__DATA,__bss	undefined4	4	extern unsigned int DAT_001fb9a0 asm("DAT_001fb9a0");		data.s
DAT_001fb9a8	0x1fb9a8	__DATA,__bss	undefined4	4	extern unsigned int DAT_001fb9a8 asm("DAT_001fb9a8");		data.s
DAT_001fb9ac	0x1fb9ac	__DATA,__bss	undefined4	4	extern unsigned int DAT_001fb9ac asm("DAT_001fb9ac");		data.s
DAT_001fb9b0	0x1fb9b0	__DATA,__bss	undefined4	4	extern unsigned int DAT_001fb9b0 asm("DAT_001fb9b0");		data.s
DAT_001fb9b4	0x1fb9b4	__DATA,__bss	undefined4	4	extern unsigned int DAT_001fb9b4 asm("DAT_001fb9b4");		data.s
DAT_001fb9bc	0x1fb9bc	__DATA,__bss	undefined4	4	extern unsigned int DAT_001fb9bc asm("DAT_001fb9bc");		data.s
DAT_001fb9c0	0x1fb9c0	__DATA,__bss	undefined4	4	extern unsigned int DAT_001fb9c0 asm("DAT_001fb9c0");		data.s
DAT_001fb9c4	0x1fb9c4	__DATA,__bss	undefined4	4	extern unsigned int DAT_001fb9c4 asm("DAT_001fb9c4");		data.s
DAT_001fb9c8	0x1fb9c8	__DATA,__bss	undefined4	4	extern unsigned int DAT_001fb9c8 asm("DAT_001fb9c8");		data.s
DAT_001fb9d0	0x1fb9d0	__DATA,__bss	undefined4	4	extern unsigned int DAT_001fb9d0 asm("DAT_001fb9d0");		data.s
DAT_001fb9d4	0x1fb9d4	__DATA,__bss	undefined4	4	extern unsigned int DAT_001fb9d4 asm("DAT_001fb9d4");		data.s
DAT_001fb9d8	0x1fb9d8	__DATA,__bss	undefined4	4	extern unsigned int DAT_001fb9d8 asm("DAT_001fb9d8");		data.s
DAT_001fb9dc	0x1fb9dc	__DATA,__bss	undefined4	4	extern unsigned int DAT_001fb9dc asm("DAT_001fb9dc");		data.s
DAT_001fb9e4	0x1fb9e4	__DATA,__bss	undefined4	4	extern unsigned int DAT_001fb9e4 asm("DAT_001fb9e4");		data.s
DAT_001fb9e8	0x1fb9e8	__DATA,__bss	undefined4	4	extern unsigned int DAT_001fb9e8 asm("DAT_001fb9e8");		data.s
DAT_001fb9ec	0x1fb9ec	__DATA,__bss	undefined4	4	extern unsigned int DAT_001fb9ec asm("DAT_001fb9ec");		data.s
DAT_001fb9f0	0x1fb9f0	__DATA,__bss	undefined4	4	extern unsigned int DAT_001fb9f0 asm("DAT_001fb9f0");		data.s
DAT_001fb9f8	0x1fb9f8	__DATA,__bss	undefined4	4	extern unsigned int DAT_001fb9f8 asm("DAT_001fb9f8");		data.s
DAT_001fb9fc	0x1fb9fc	__DATA,__bss	undefined4	4	extern unsigned int DAT_001fb9fc asm("DAT_001fb9fc");		data.s
DAT_001fba00	0x1fba00	__DATA,__bss	undefined4	4	extern unsigned int DAT_001fba00 asm("DAT_001fba00");		data.s
DAT_001fba04	0x1fba04	__DATA,__bss	undefined4	4	extern unsigned int DAT_001fba04 asm("DAT_001fba04");		data.s
DAT_001fba0c	0x1fba0c	__DATA,__bss	undefined4	4	extern unsigned int DAT_001fba0c asm("DAT_001fba0c");		data.s
DAT_001fba10	0x1fba10	__DATA,__bss	undefined4	4	extern unsigned int DAT_001fba10 asm("DAT_001fba10");		data.s
DAT_001fba14	0x1fba14	__DATA,__bss	undefined4	4	extern unsigned int DAT_001fba14 asm("DAT_001fba14");		data.s
DAT_001fba18	0x1fba18	__DATA,__bss	undefined4	4	extern unsigned int DAT_001fba18 asm("DAT_001fba18");		data.s
DAT_001fba20	0x1fba20	__DATA,__bss	undefined4	4	extern unsigned int DAT_001fba20 asm("DAT_001fba20");		data.s
DAT_001fba24	0x1fba24	__DATA,__bss	undefined4	4	extern unsigned int DAT_001fba24 asm("DAT_001fba24");		data.s
DAT_001fba28	0x1fba28	__DATA,__bss	undefined4	4	extern unsigned int DAT_001fba28 asm("DAT_001fba28");		data.s
DAT_001fba2c	0x1fba2c	__DATA,__bss	undefined4	4	extern unsigned int DAT_001fba2c asm("DAT_001fba2c");		data.s
DAT_001fba34	0x1fba34	__DATA,__bss	undefined4	4	extern unsigned int DAT_001fba34 asm("DAT_001fba34");		data.s
DAT_001fba38	0x1fba38	__DATA,__bss	undefined4	4	extern unsigned int DAT_001fba38 asm("DAT_001fba38");		data.s
DAT_001fba3c	0x1fba3c	__DATA,__bss	undefined4	4	extern unsigned int DAT_001fba3c asm("DAT_001fba3c");		data.s
DAT_001fba40	0x1fba40	__DATA,__bss	undefined4	4	extern unsigned int DAT_001fba40 asm("DAT_001fba40");		data.s
DAT_001fba48	0x1fba48	__DATA,__bss	undefined4	4	extern unsigned int DAT_001fba48 asm("DAT_001fba48");		data.s
DAT_001fba4c	0x1fba4c	__DATA,__bss	undefined4	4	extern unsigned int DAT_001fba4c asm("DAT_001fba4c");		data.s
DAT_001fba50	0x1fba50	__DATA,__bss	undefined4	4	extern unsigned int DAT_001fba50 asm("DAT_001fba50");		data.s
DAT_001fba54	0x1fba54	__DATA,__bss	undefined4	4	extern unsigned int DAT_001fba54 asm("DAT_001fba54");		data.s
DAT_001fba5c	0x1fba5c	__DATA,__bss	undefined4	4	extern unsigned int DAT_001fba5c asm("DAT_001fba5c");		data.s
DAT_001fba60	0x1fba60	__DATA,__bss	undefined4	4	extern unsigned int DAT_001fba60 asm("DAT_001fba60");		data.s
DAT_001fba64	0x1fba64	__DATA,__bss	undefined4	4	extern unsigned int DAT_001fba64 asm("DAT_001fba64");		data.s
DAT_001fba68	0x1fba68	__DATA,__bss	undefined4	4	extern unsigned int DAT_001fba68 asm("DAT_001fba68");		data.s
DAT_001fba70	0x1fba70	__DATA,__bss	undefined4	4	extern unsigned int DAT_001fba70 asm("DAT_001fba70");		data.s
DAT_001fba74	0x1fba74	__DATA,__bss	undefined4	4	extern unsigned int DAT_001fba74 asm("DAT_001fba74");		data.s
DAT_001fba78	0x1fba78	__DATA,__bss	undefined4	4	extern unsigned int DAT_001fba78 asm("DAT_001fba78");		data.s
DAT_001fba7c	0x1fba7c	__DATA,__bss	undefined4	4	extern unsigned int DAT_001fba7c asm("DAT_001fba7c");		data.s
DAT_001fba84	0x1fba84	__DATA,__bss	undefined4	4	extern unsigned int DAT_001fba84 asm("DAT_001fba84");		data.s
DAT_001fba88	0x1fba88	__DATA,__bss	undefined4	4	extern unsigned int DAT_001fba88 asm("DAT_001fba88");		data.s
DAT_001fba8c	0x1fba8c	__DATA,__bss	undefined4	4	extern unsigned int DAT_001fba8c asm("DAT_001fba8c");		data.s
DAT_001fba90	0x1fba90	__DATA,__bss	undefined4	4	extern unsigned int DAT_001fba90 asm("DAT_001fba90");		data.s
DAT_001fba98	0x1fba98	__DATA,__bss	undefined4	4	extern unsigned int DAT_001fba98 asm("DAT_001fba98");		data.s
DAT_001fba9c	0x1fba9c	__DATA,__bss	undefined4	4	extern unsigned int DAT_001fba9c asm("DAT_001fba9c");		data.s
DAT_001fbaa0	0x1fbaa0	__DATA,__bss	undefined4	4	extern unsigned int DAT_001fbaa0 asm("DAT_001fbaa0");		data.s
DAT_001fbaa4	0x1fbaa4	__DATA,__bss	undefined4	4	extern unsigned int DAT_001fbaa4 asm("DAT_001fbaa4");		data.s
DAT_001fbaac	0x1fbaac	__DATA,__bss	undefined4	4	extern unsigned int DAT_001fbaac asm("DAT_001fbaac");		data.s
DAT_001fbab0	0x1fbab0	__DATA,__bss	undefined4	4	extern unsigned int DAT_001fbab0 asm("DAT_001fbab0");		data.s
DAT_001fbab4	0x1fbab4	__DATA,__bss	undefined4	4	extern unsigned int DAT_001fbab4 asm("DAT_001fbab4");		data.s
DAT_001fbab8	0x1fbab8	__DATA,__bss	undefined4	4	extern unsigned int DAT_001fbab8 asm("DAT_001fbab8");		data.s
DAT_001fbac0	0x1fbac0	__DATA,__bss	undefined4	4	extern unsigned int DAT_001fbac0 asm("DAT_001fbac0");		data.s
DAT_001fbac4	0x1fbac4	__DATA,__bss	undefined4	4	extern unsigned int DAT_001fbac4 asm("DAT_001fbac4");		data.s
DAT_001fbac8	0x1fbac8	__DATA,__bss	undefined4	4	extern unsigned int DAT_001fbac8 asm("DAT_001fbac8");		data.s
DAT_001fbacc	0x1fbacc	__DATA,__bss	undefined4	4	extern unsigned int DAT_001fbacc asm("DAT_001fbacc");		data.s
DAT_001fbad4	0x1fbad4	__DATA,__bss	undefined4	4	extern unsigned int DAT_001fbad4 asm("DAT_001fbad4");		data.s
DAT_001fbad8	0x1fbad8	__DATA,__bss	undefined4	4	extern unsigned int DAT_001fbad8 asm("DAT_001fbad8");		data.s
DAT_001fbadc	0x1fbadc	__DATA,__bss	undefined4	4	extern unsigned int DAT_001fbadc asm("DAT_001fbadc");		data.s
DAT_001fbae0	0x1fbae0	__DATA,__bss	undefined4	4	extern unsigned int DAT_001fbae0 asm("DAT_001fbae0");		data.s
DAT_001fbae8	0x1fbae8	__DATA,__bss	undefined4	4	extern unsigned int DAT_001fbae8 asm("DAT_001fbae8");		data.s
DAT_001fbaec	0x1fbaec	__DATA,__bss	undefined4	4	extern unsigned int DAT_001fbaec asm("DAT_001fbaec");		data.s
DAT_001fbaf0	0x1fbaf0	__DATA,__bss	undefined4	4	extern unsigned int DAT_001fbaf0 asm("DAT_001fbaf0");		data.s
DAT_001fbaf4	0x1fbaf4	__DATA,__bss	undefined4	4	extern unsigned int DAT_001fbaf4 asm("DAT_001fbaf4");		data.s
DAT_001fbafc	0x1fbafc	__DATA,__bss	undefined4	4	extern unsigned int DAT_001fbafc asm("DAT_001fbafc");		data.s
DAT_001fbb00	0x1fbb00	__DATA,__bss	undefined4	4	extern unsigned int DAT_001fbb00 asm("DAT_001fbb00");		data.s
DAT_001fbb04	0x1fbb04	__DATA,__bss	undefined4	4	extern unsigned int DAT_001fbb04 asm("DAT_001fbb04");		data.s
DAT_001fbb08	0x1fbb08	__DATA,__bss	undefined4	4	extern unsigned int DAT_001fbb08 asm("DAT_001fbb08");		data.s
DAT_001fbb10	0x1fbb10	__DATA,__bss	undefined4	4	extern unsigned int DAT_001fbb10 asm("DAT_001fbb10");		data.s
DAT_001fbb14	0x1fbb14	__DATA,__bss	undefined4	4	extern unsigned int DAT_001fbb14 asm("DAT_001fbb14");		data.s
DAT_001fbb18	0x1fbb18	__DATA,__bss	undefined4	4	extern unsigned int DAT_001fbb18 asm("DAT_001fbb18");		data.s
DAT_001fbb1c	0x1fbb1c	__DATA,__bss	undefined4	4	extern unsigned int DAT_001fbb1c asm("DAT_001fbb1c");		data.s
DAT_001fbb24	0x1fbb24	__DATA,__bss	undefined4	4	extern unsigned int DAT_001fbb24 asm("DAT_001fbb24");		data.s
DAT_001fbb28	0x1fbb28	__DATA,__bss	undefined4	4	extern unsigned int DAT_001fbb28 asm("DAT_001fbb28");		data.s
DAT_001fbb2c	0x1fbb2c	__DATA,__bss	undefined4	4	extern unsigned int DAT_001fbb2c asm("DAT_001fbb2c");		data.s
DAT_001fbb30	0x1fbb30	__DATA,__bss	undefined4	4	extern unsigned int DAT_001fbb30 asm("DAT_001fbb30");		data.s
DAT_001fbb38	0x1fbb38	__DATA,__bss	undefined4	4	extern unsigned int DAT_001fbb38 asm("DAT_001fbb38");		data.s
DAT_001fbb3c	0x1fbb3c	__DATA,__bss	undefined4	4	extern unsigned int DAT_001fbb3c asm("DAT_001fbb3c");		data.s
DAT_001fbb40	0x1fbb40	__DATA,__bss	undefined4	4	extern unsigned int DAT_001fbb40 asm("DAT_001fbb40");		data.s
DAT_001fbb44	0x1fbb44	__DATA,__bss	undefined4	4	extern unsigned int DAT_001fbb44 asm("DAT_001fbb44");		data.s
DAT_001fbb4c	0x1fbb4c	__DATA,__bss	undefined4	4	extern unsigned int DAT_001fbb4c asm("DAT_001fbb4c");		data.s
DAT_001fbb50	0x1fbb50	__DATA,__bss	undefined4	4	extern unsigned int DAT_001fbb50 asm("DAT_001fbb50");		data.s
DAT_001fbb54	0x1fbb54	__DATA,__bss	undefined4	4	extern unsigned int DAT_001fbb54 asm("DAT_001fbb54");		data.s
DAT_001fbb58	0x1fbb58	__DATA,__bss	undefined4	4	extern unsigned int DAT_001fbb58 asm("DAT_001fbb58");		data.s
DAT_001fbb60	0x1fbb60	__DATA,__bss	undefined4	4	extern unsigned int DAT_001fbb60 asm("DAT_001fbb60");		data.s
DAT_001fbb64	0x1fbb64	__DATA,__bss	undefined4	4	extern unsigned int DAT_001fbb64 asm("DAT_001fbb64");		data.s
DAT_001fbb68	0x1fbb68	__DATA,__bss	undefined4	4	extern unsigned int DAT_001fbb68 asm("DAT_001fbb68");		data.s
DAT_001fbb6c	0x1fbb6c	__DATA,__bss	undefined4	4	extern unsigned int DAT_001fbb6c asm("DAT_001fbb6c");		data.s
DAT_001fbb74	0x1fbb74	__DATA,__bss	undefined4	4	extern unsigned int DAT_001fbb74 asm("DAT_001fbb74");		data.s
DAT_001fbb78	0x1fbb78	__DATA,__bss	undefined4	4	extern unsigned int DAT_001fbb78 asm("DAT_001fbb78");		data.s
DAT_001fbb7c	0x1fbb7c	__DATA,__bss	undefined4	4	extern unsigned int DAT_001fbb7c asm("DAT_001fbb7c");		data.s
DAT_001fbb80	0x1fbb80	__DATA,__bss	undefined4	4	extern unsigned int DAT_001fbb80 asm("DAT_001fbb80");		data.s
DAT_001fbb88	0x1fbb88	__DATA,__bss	undefined4	4	extern unsigned int DAT_001fbb88 asm("DAT_001fbb88");		data.s
DAT_001fbb8c	0x1fbb8c	__DATA,__bss	undefined4	4	extern unsigned int DAT_001fbb8c asm("DAT_001fbb8c");		data.s
DAT_001fbb90	0x1fbb90	__DATA,__bss	undefined4	4	extern unsigned int DAT_001fbb90 asm("DAT_001fbb90");		data.s
DAT_001fbb94	0x1fbb94	__DATA,__bss	undefined4	4	extern unsigned int DAT_001fbb94 asm("DAT_001fbb94");		data.s
DAT_001fbb9c	0x1fbb9c	__DATA,__bss	undefined4	4	extern unsigned int DAT_001fbb9c asm("DAT_001fbb9c");		data.s
DAT_001fbba0	0x1fbba0	__DATA,__bss	undefined4	4	extern unsigned int DAT_001fbba0 asm("DAT_001fbba0");		data.s
DAT_001fbba4	0x1fbba4	__DATA,__bss	undefined4	4	extern unsigned int DAT_001fbba4 asm("DAT_001fbba4");		data.s
DAT_001fbba8	0x1fbba8	__DATA,__bss	undefined4	4	extern unsigned int DAT_001fbba8 asm("DAT_001fbba8");		data.s
DAT_001fbbb0	0x1fbbb0	__DATA,__bss	undefined4	4	extern unsigned int DAT_001fbbb0 asm("DAT_001fbbb0");		data.s
DAT_001fbbb4	0x1fbbb4	__DATA,__bss	undefined4	4	extern unsigned int DAT_001fbbb4 asm("DAT_001fbbb4");		data.s
DAT_001fbbb8	0x1fbbb8	__DATA,__bss	undefined4	4	extern unsigned int DAT_001fbbb8 asm("DAT_001fbbb8");		data.s
DAT_001fbbbc	0x1fbbbc	__DATA,__bss	undefined4	4	extern unsigned int DAT_001fbbbc asm("DAT_001fbbbc");		data.s
DAT_001fbbc4	0x1fbbc4	__DATA,__bss	undefined4	4	extern unsigned int DAT_001fbbc4 asm("DAT_001fbbc4");		data.s
DAT_001fbbc8	0x1fbbc8	__DATA,__bss	undefined4	4	extern unsigned int DAT_001fbbc8 asm("DAT_001fbbc8");		data.s
DAT_001fbbcc	0x1fbbcc	__DATA,__bss	undefined4	4	extern unsigned int DAT_001fbbcc asm("DAT_001fbbcc");		data.s
DAT_001fbbd0	0x1fbbd0	__DATA,__bss	undefined4	4	extern unsigned int DAT_001fbbd0 asm("DAT_001fbbd0");		data.s
DAT_001fbbd8	0x1fbbd8	__DATA,__bss	undefined4	4	extern unsigned int DAT_001fbbd8 asm("DAT_001fbbd8");		data.s
DAT_001fbbdc	0x1fbbdc	__DATA,__bss	undefined4	4	extern unsigned int DAT_001fbbdc asm("DAT_001fbbdc");		data.s
DAT_001fbbe0	0x1fbbe0	__DATA,__bss	undefined4	4	extern unsigned int DAT_001fbbe0 asm("DAT_001fbbe0");		data.s
DAT_001fbbe4	0x1fbbe4	__DATA,__bss	undefined4	4	extern unsigned int DAT_001fbbe4 asm("DAT_001fbbe4");		data.s
DAT_001fbbec	0x1fbbec	__DATA,__bss	undefined4	4	extern unsigned int DAT_001fbbec asm("DAT_001fbbec");		data.s
DAT_001fbbf0	0x1fbbf0	__DATA,__bss	undefined4	4	extern unsigned int DAT_001fbbf0 asm("DAT_001fbbf0");		data.s
DAT_001fbbf4	0x1fbbf4	__DATA,__bss	undefined4	4	extern unsigned int DAT_001fbbf4 asm("DAT_001fbbf4");		data.s
DAT_001fbbf8	0x1fbbf8	__DATA,__bss	undefined4	4	extern unsigned int DAT_001fbbf8 asm("DAT_001fbbf8");		data.s
DAT_001fbc00	0x1fbc00	__DATA,__bss	undefined4	4	extern unsigned int DAT_001fbc00 asm("DAT_001fbc00");		data.s
DAT_001fbc04	0x1fbc04	__DATA,__bss	undefined4	4	extern unsigned int DAT_001fbc04 asm("DAT_001fbc04");		data.s
DAT_001fbc08	0x1fbc08	__DATA,__bss	undefined4	4	extern unsigned int DAT_001fbc08 asm("DAT_001fbc08");		data.s
DAT_001fbc0c	0x1fbc0c	__DATA,__bss	undefined4	4	extern unsigned int DAT_001fbc0c asm("DAT_001fbc0c");		data.s
DAT_001fbc14	0x1fbc14	__DATA,__bss	undefined4	4	extern unsigned int DAT_001fbc14 asm("DAT_001fbc14");		data.s
DAT_001fbc18	0x1fbc18	__DATA,__bss	undefined4	4	extern unsigned int DAT_001fbc18 asm("DAT_001fbc18");		data.s
DAT_001fbc1c	0x1fbc1c	__DATA,__bss	undefined4	4	extern unsigned int DAT_001fbc1c asm("DAT_001fbc1c");		data.s
DAT_001fbc20	0x1fbc20	__DATA,__bss	undefined4	4	extern unsigned int DAT_001fbc20 asm("DAT_001fbc20");		data.s
DAT_001fbc28	0x1fbc28	__DATA,__bss	undefined4	4	extern unsigned int DAT_001fbc28 asm("DAT_001fbc28");		data.s
DAT_001fbc2c	0x1fbc2c	__DATA,__bss	undefined4	4	extern unsigned int DAT_001fbc2c asm("DAT_001fbc2c");		data.s
DAT_001fbc30	0x1fbc30	__DATA,__bss	undefined4	4	extern unsigned int DAT_001fbc30 asm("DAT_001fbc30");		data.s
DAT_001fbc34	0x1fbc34	__DATA,__bss	undefined4	4	extern unsigned int DAT_001fbc34 asm("DAT_001fbc34");		data.s
DAT_001fbc3c	0x1fbc3c	__DATA,__bss	undefined4	4	extern unsigned int DAT_001fbc3c asm("DAT_001fbc3c");		data.s
DAT_001fbc40	0x1fbc40	__DATA,__bss	undefined4	4	extern unsigned int DAT_001fbc40 asm("DAT_001fbc40");		data.s
DAT_001fbc44	0x1fbc44	__DATA,__bss	undefined4	4	extern unsigned int DAT_001fbc44 asm("DAT_001fbc44");		data.s
DAT_001fbc48	0x1fbc48	__DATA,__bss	undefined4	4	extern unsigned int DAT_001fbc48 asm("DAT_001fbc48");		data.s
DAT_001fbc50	0x1fbc50	__DATA,__bss	undefined4	4	extern unsigned int DAT_001fbc50 asm("DAT_001fbc50");		data.s
DAT_001fbc54	0x1fbc54	__DATA,__bss	undefined4	4	extern unsigned int DAT_001fbc54 asm("DAT_001fbc54");		data.s
DAT_001fbc58	0x1fbc58	__DATA,__bss	undefined4	4	extern unsigned int DAT_001fbc58 asm("DAT_001fbc58");		data.s
DAT_001fbc5c	0x1fbc5c	__DATA,__bss	undefined4	4	extern unsigned int DAT_001fbc5c asm("DAT_001fbc5c");		data.s
DAT_001fbc64	0x1fbc64	__DATA,__bss	undefined4	4	extern unsigned int DAT_001fbc64 asm("DAT_001fbc64");		data.s
DAT_001fbc68	0x1fbc68	__DATA,__bss	undefined4	4	extern unsigned int DAT_001fbc68 asm("DAT_001fbc68");		data.s
DAT_001fbc6c	0x1fbc6c	__DATA,__bss	undefined4	4	extern unsigned int DAT_001fbc6c asm("DAT_001fbc6c");		data.s
DAT_001fbc70	0x1fbc70	__DATA,__bss	undefined4	4	extern unsigned int DAT_001fbc70 asm("DAT_001fbc70");		data.s
DAT_001fbc78	0x1fbc78	__DATA,__bss	undefined4	4	extern unsigned int DAT_001fbc78 asm("DAT_001fbc78");		data.s
DAT_001fbc7c	0x1fbc7c	__DATA,__bss	undefined4	4	extern unsigned int DAT_001fbc7c asm("DAT_001fbc7c");		data.s
DAT_001fbc80	0x1fbc80	__DATA,__bss	undefined4	4	extern unsigned int DAT_001fbc80 asm("DAT_001fbc80");		data.s
DAT_001fbc84	0x1fbc84	__DATA,__bss	undefined4	4	extern unsigned int DAT_001fbc84 asm("DAT_001fbc84");		data.s
DAT_001fbc8c	0x1fbc8c	__DATA,__bss	undefined4	4	extern unsigned int DAT_001fbc8c asm("DAT_001fbc8c");		data.s
DAT_001fbc90	0x1fbc90	__DATA,__bss	undefined4	4	extern unsigned int DAT_001fbc90 asm("DAT_001fbc90");		data.s
DAT_001fbc94	0x1fbc94	__DATA,__bss	undefined4	4	extern unsigned int DAT_001fbc94 asm("DAT_001fbc94");		data.s
DAT_001fbc98	0x1fbc98	__DATA,__bss	undefined4	4	extern unsigned int DAT_001fbc98 asm("DAT_001fbc98");		data.s
DAT_001fbca0	0x1fbca0	__DATA,__bss	undefined4	4	extern unsigned int DAT_001fbca0 asm("DAT_001fbca0");		data.s
DAT_001fbca4	0x1fbca4	__DATA,__bss	undefined4	4	extern unsigned int DAT_001fbca4 asm("DAT_001fbca4");		data.s
DAT_001fbca8	0x1fbca8	__DATA,__bss	undefined4	4	extern unsigned int DAT_001fbca8 asm("DAT_001fbca8");		data.s
DAT_001fbcac	0x1fbcac	__DATA,__bss	undefined4	4	extern unsigned int DAT_001fbcac asm("DAT_001fbcac");		data.s
DAT_001fbcb4	0x1fbcb4	__DATA,__bss	undefined4	4	extern unsigned int DAT_001fbcb4 asm("DAT_001fbcb4");		data.s
DAT_001fbcb8	0x1fbcb8	__DATA,__bss	undefined4	4	extern unsigned int DAT_001fbcb8 asm("DAT_001fbcb8");		data.s
DAT_001fbcbc	0x1fbcbc	__DATA,__bss	undefined4	4	extern unsigned int DAT_001fbcbc asm("DAT_001fbcbc");		data.s
DAT_001fbcc0	0x1fbcc0	__DATA,__bss	undefined4	4	extern unsigned int DAT_001fbcc0 asm("DAT_001fbcc0");		data.s
DAT_001fbcc8	0x1fbcc8	__DATA,__bss	undefined4	4	extern unsigned int DAT_001fbcc8 asm("DAT_001fbcc8");		data.s
DAT_001fbccc	0x1fbccc	__DATA,__bss	undefined4	4	extern unsigned int DAT_001fbccc asm("DAT_001fbccc");		data.s
DAT_001fbcd0	0x1fbcd0	__DATA,__bss	undefined4	4	extern unsigned int DAT_001fbcd0 asm("DAT_001fbcd0");		data.s
DAT_001fbcd4	0x1fbcd4	__DATA,__bss	undefined4	4	extern unsigned int DAT_001fbcd4 asm("DAT_001fbcd4");		data.s
DAT_001fbcdc	0x1fbcdc	__DATA,__bss	undefined4	4	extern unsigned int DAT_001fbcdc asm("DAT_001fbcdc");		data.s
DAT_001fbce0	0x1fbce0	__DATA,__bss	undefined4	4	extern unsigned int DAT_001fbce0 asm("DAT_001fbce0");		data.s
DAT_001fbce4	0x1fbce4	__DATA,__bss	undefined4	4	extern unsigned int DAT_001fbce4 asm("DAT_001fbce4");		data.s
DAT_001fbce8	0x1fbce8	__DATA,__bss	undefined4	4	extern unsigned int DAT_001fbce8 asm("DAT_001fbce8");		data.s
DAT_001fbcf0	0x1fbcf0	__DATA,__bss	undefined4	4	extern unsigned int DAT_001fbcf0 asm("DAT_001fbcf0");		data.s
DAT_001fbcf4	0x1fbcf4	__DATA,__bss	undefined4	4	extern unsigned int DAT_001fbcf4 asm("DAT_001fbcf4");		data.s
DAT_001fbcf8	0x1fbcf8	__DATA,__bss	undefined4	4	extern unsigned int DAT_001fbcf8 asm("DAT_001fbcf8");		data.s
DAT_001fbcfc	0x1fbcfc	__DATA,__bss	undefined4	4	extern unsigned int DAT_001fbcfc asm("DAT_001fbcfc");		data.s
DAT_001fbd04	0x1fbd04	__DATA,__bss	undefined4	4	extern unsigned int DAT_001fbd04 asm("DAT_001fbd04");		data.s
DAT_001fbd08	0x1fbd08	__DATA,__bss	undefined4	4	extern unsigned int DAT_001fbd08 asm("DAT_001fbd08");		data.s
DAT_001fbd0c	0x1fbd0c	__DATA,__bss	undefined4	4	extern unsigned int DAT_001fbd0c asm("DAT_001fbd0c");		data.s
DAT_001fbd10	0x1fbd10	__DATA,__bss	undefined4	4	extern unsigned int DAT_001fbd10 asm("DAT_001fbd10");		data.s
DAT_001fbd18	0x1fbd18	__DATA,__bss	undefined4	4	extern unsigned int DAT_001fbd18 asm("DAT_001fbd18");		data.s
DAT_001fbd1c	0x1fbd1c	__DATA,__bss	undefined4	4	extern unsigned int DAT_001fbd1c asm("DAT_001fbd1c");		data.s
DAT_001fbd20	0x1fbd20	__DATA,__bss	undefined4	4	extern unsigned int DAT_001fbd20 asm("DAT_001fbd20");		data.s
DAT_001fbd24	0x1fbd24	__DATA,__bss	undefined4	4	extern unsigned int DAT_001fbd24 asm("DAT_001fbd24");		data.s
DAT_001fbd2c	0x1fbd2c	__DATA,__bss	undefined4	4	extern unsigned int DAT_001fbd2c asm("DAT_001fbd2c");		data.s
DAT_001fbd30	0x1fbd30	__DATA,__bss	undefined4	4	extern unsigned int DAT_001fbd30 asm("DAT_001fbd30");		data.s
DAT_001fbd34	0x1fbd34	__DATA,__bss	undefined4	4	extern unsigned int DAT_001fbd34 asm("DAT_001fbd34");		data.s
DAT_001fbd38	0x1fbd38	__DATA,__bss	undefined4	4	extern unsigned int DAT_001fbd38 asm("DAT_001fbd38");		data.s
DAT_001fbd40	0x1fbd40	__DATA,__bss	undefined4	4	extern unsigned int DAT_001fbd40 asm("DAT_001fbd40");		data.s
DAT_001fbd44	0x1fbd44	__DATA,__bss	undefined4	4	extern unsigned int DAT_001fbd44 asm("DAT_001fbd44");		data.s
DAT_001fbd48	0x1fbd48	__DATA,__bss	undefined4	4	extern unsigned int DAT_001fbd48 asm("DAT_001fbd48");		data.s
DAT_001fbd4c	0x1fbd4c	__DATA,__bss	undefined4	4	extern unsigned int DAT_001fbd4c asm("DAT_001fbd4c");		data.s
DAT_001fbd54	0x1fbd54	__DATA,__bss	undefined4	4	extern unsigned int DAT_001fbd54 asm("DAT_001fbd54");		data.s
DAT_001fbd58	0x1fbd58	__DATA,__bss	undefined4	4	extern unsigned int DAT_001fbd58 asm("DAT_001fbd58");		data.s
DAT_001fbd5c	0x1fbd5c	__DATA,__bss	undefined4	4	extern unsigned int DAT_001fbd5c asm("DAT_001fbd5c");		data.s
DAT_001fbd60	0x1fbd60	__DATA,__bss	undefined4	4	extern unsigned int DAT_001fbd60 asm("DAT_001fbd60");		data.s
DAT_001fbd68	0x1fbd68	__DATA,__bss	undefined4	4	extern unsigned int DAT_001fbd68 asm("DAT_001fbd68");		data.s
DAT_001fbd6c	0x1fbd6c	__DATA,__bss	undefined4	4	extern unsigned int DAT_001fbd6c asm("DAT_001fbd6c");		data.s
DAT_001fbd70	0x1fbd70	__DATA,__bss	undefined4	4	extern unsigned int DAT_001fbd70 asm("DAT_001fbd70");		data.s
DAT_001fbd74	0x1fbd74	__DATA,__bss	undefined4	4	extern unsigned int DAT_001fbd74 asm("DAT_001fbd74");		data.s
DAT_001fbd7c	0x1fbd7c	__DATA,__bss	undefined4	4	extern unsigned int DAT_001fbd7c asm("DAT_001fbd7c");		data.s
DAT_001fbd80	0x1fbd80	__DATA,__bss	undefined4	4	extern unsigned int DAT_001fbd80 asm("DAT_001fbd80");		data.s
DAT_001fbd84	0x1fbd84	__DATA,__bss	undefined4	4	extern unsigned int DAT_001fbd84 asm("DAT_001fbd84");		data.s
DAT_001fbd88	0x1fbd88	__DATA,__bss	undefined4	4	extern unsigned int DAT_001fbd88 asm("DAT_001fbd88");		data.s
DAT_001fbd90	0x1fbd90	__DATA,__bss	undefined4	4	extern unsigned int DAT_001fbd90 asm("DAT_001fbd90");		data.s
DAT_001fbd94	0x1fbd94	__DATA,__bss	undefined4	4	extern unsigned int DAT_001fbd94 asm("DAT_001fbd94");		data.s
DAT_001fbd98	0x1fbd98	__DATA,__bss	undefined4	4	extern unsigned int DAT_001fbd98 asm("DAT_001fbd98");		data.s
DAT_001fbd9c	0x1fbd9c	__DATA,__bss	undefined4	4	extern unsigned int DAT_001fbd9c asm("DAT_001fbd9c");		data.s
DAT_001fbda4	0x1fbda4	__DATA,__bss	undefined4	4	extern unsigned int DAT_001fbda4 asm("DAT_001fbda4");		data.s
DAT_001fbda8	0x1fbda8	__DATA,__bss	undefined4	4	extern unsigned int DAT_001fbda8 asm("DAT_001fbda8");		data.s
DAT_001fbdac	0x1fbdac	__DATA,__bss	undefined4	4	extern unsigned int DAT_001fbdac asm("DAT_001fbdac");		data.s
DAT_001fbdb0	0x1fbdb0	__DATA,__bss	undefined4	4	extern unsigned int DAT_001fbdb0 asm("DAT_001fbdb0");		data.s
DAT_001fbdb8	0x1fbdb8	__DATA,__bss	undefined4	4	extern unsigned int DAT_001fbdb8 asm("DAT_001fbdb8");		data.s
DAT_001fbdbc	0x1fbdbc	__DATA,__bss	undefined4	4	extern unsigned int DAT_001fbdbc asm("DAT_001fbdbc");		data.s
DAT_001fbdc0	0x1fbdc0	__DATA,__bss	undefined4	4	extern unsigned int DAT_001fbdc0 asm("DAT_001fbdc0");		data.s
DAT_001fbdc4	0x1fbdc4	__DATA,__bss	undefined4	4	extern unsigned int DAT_001fbdc4 asm("DAT_001fbdc4");		data.s
DAT_001fbdcc	0x1fbdcc	__DATA,__bss	undefined4	4	extern unsigned int DAT_001fbdcc asm("DAT_001fbdcc");		data.s
DAT_001fbdd0	0x1fbdd0	__DATA,__bss	undefined4	4	extern unsigned int DAT_001fbdd0 asm("DAT_001fbdd0");		data.s
DAT_001fbdd4	0x1fbdd4	__DATA,__bss	undefined4	4	extern unsigned int DAT_001fbdd4 asm("DAT_001fbdd4");		data.s
DAT_001fbdd8	0x1fbdd8	__DATA,__bss	undefined4	4	extern unsigned int DAT_001fbdd8 asm("DAT_001fbdd8");		data.s
DAT_001fbde0	0x1fbde0	__DATA,__bss	undefined4	4	extern unsigned int DAT_001fbde0 asm("DAT_001fbde0");		data.s
DAT_001fbde4	0x1fbde4	__DATA,__bss	undefined4	4	extern unsigned int DAT_001fbde4 asm("DAT_001fbde4");		data.s
DAT_001fbde8	0x1fbde8	__DATA,__bss	undefined4	4	extern unsigned int DAT_001fbde8 asm("DAT_001fbde8");		data.s
DAT_001fbdec	0x1fbdec	__DATA,__bss	undefined4	4	extern unsigned int DAT_001fbdec asm("DAT_001fbdec");		data.s
DAT_001fbdf4	0x1fbdf4	__DATA,__bss	undefined4	4	extern unsigned int DAT_001fbdf4 asm("DAT_001fbdf4");		data.s
DAT_001fbdf8	0x1fbdf8	__DATA,__bss	undefined4	4	extern unsigned int DAT_001fbdf8 asm("DAT_001fbdf8");		data.s
DAT_001fbdfc	0x1fbdfc	__DATA,__bss	undefined4	4	extern unsigned int DAT_001fbdfc asm("DAT_001fbdfc");		data.s
DAT_001fbe00	0x1fbe00	__DATA,__bss	undefined4	4	extern unsigned int DAT_001fbe00 asm("DAT_001fbe00");		data.s
DAT_001fbe08	0x1fbe08	__DATA,__bss	undefined4	4	extern unsigned int DAT_001fbe08 asm("DAT_001fbe08");		data.s
DAT_001fbe0c	0x1fbe0c	__DATA,__bss	undefined4	4	extern unsigned int DAT_001fbe0c asm("DAT_001fbe0c");		data.s
DAT_001fbe10	0x1fbe10	__DATA,__bss	undefined4	4	extern unsigned int DAT_001fbe10 asm("DAT_001fbe10");		data.s
DAT_001fbe14	0x1fbe14	__DATA,__bss	undefined4	4	extern unsigned int DAT_001fbe14 asm("DAT_001fbe14");		data.s
DAT_001fbe1c	0x1fbe1c	__DATA,__bss	undefined4	4	extern unsigned int DAT_001fbe1c asm("DAT_001fbe1c");		data.s
DAT_001fbe20	0x1fbe20	__DATA,__bss	undefined4	4	extern unsigned int DAT_001fbe20 asm("DAT_001fbe20");		data.s
DAT_001fbe24	0x1fbe24	__DATA,__bss	undefined4	4	extern unsigned int DAT_001fbe24 asm("DAT_001fbe24");		data.s
DAT_001fbe28	0x1fbe28	__DATA,__bss	undefined4	4	extern unsigned int DAT_001fbe28 asm("DAT_001fbe28");		data.s
DAT_001fbe30	0x1fbe30	__DATA,__bss	undefined4	4	extern unsigned int DAT_001fbe30 asm("DAT_001fbe30");		data.s
DAT_001fbe34	0x1fbe34	__DATA,__bss	undefined4	4	extern unsigned int DAT_001fbe34 asm("DAT_001fbe34");		data.s
DAT_001fbe38	0x1fbe38	__DATA,__bss	undefined4	4	extern unsigned int DAT_001fbe38 asm("DAT_001fbe38");		data.s
DAT_001fbe3c	0x1fbe3c	__DATA,__bss	undefined4	4	extern unsigned int DAT_001fbe3c asm("DAT_001fbe3c");		data.s
DAT_001fbe44	0x1fbe44	__DATA,__bss	undefined4	4	extern unsigned int DAT_001fbe44 asm("DAT_001fbe44");		data.s
DAT_001fbe48	0x1fbe48	__DATA,__bss	undefined4	4	extern unsigned int DAT_001fbe48 asm("DAT_001fbe48");		data.s
DAT_001fbe4c	0x1fbe4c	__DATA,__bss	undefined4	4	extern unsigned int DAT_001fbe4c asm("DAT_001fbe4c");		data.s
DAT_001fbe50	0x1fbe50	__DATA,__bss	undefined4	4	extern unsigned int DAT_001fbe50 asm("DAT_001fbe50");		data.s
DAT_001fbe58	0x1fbe58	__DATA,__bss	undefined4	4	extern unsigned int DAT_001fbe58 asm("DAT_001fbe58");		data.s
DAT_001fbe5c	0x1fbe5c	__DATA,__bss	undefined4	4	extern unsigned int DAT_001fbe5c asm("DAT_001fbe5c");		data.s
DAT_001fbe60	0x1fbe60	__DATA,__bss	undefined4	4	extern unsigned int DAT_001fbe60 asm("DAT_001fbe60");		data.s
DAT_001fbe64	0x1fbe64	__DATA,__bss	undefined4	4	extern unsigned int DAT_001fbe64 asm("DAT_001fbe64");		data.s
DAT_001fbe6c	0x1fbe6c	__DATA,__bss	undefined4	4	extern unsigned int DAT_001fbe6c asm("DAT_001fbe6c");		data.s
DAT_001fbe70	0x1fbe70	__DATA,__bss	undefined4	4	extern unsigned int DAT_001fbe70 asm("DAT_001fbe70");		data.s
DAT_001fbe74	0x1fbe74	__DATA,__bss	undefined4	4	extern unsigned int DAT_001fbe74 asm("DAT_001fbe74");		data.s
DAT_001fbe78	0x1fbe78	__DATA,__bss	undefined4	4	extern unsigned int DAT_001fbe78 asm("DAT_001fbe78");		data.s
DAT_001fbe80	0x1fbe80	__DATA,__bss	undefined4	4	extern unsigned int DAT_001fbe80 asm("DAT_001fbe80");		data.s
DAT_001fbe84	0x1fbe84	__DATA,__bss	undefined4	4	extern unsigned int DAT_001fbe84 asm("DAT_001fbe84");		data.s
DAT_001fbe88	0x1fbe88	__DATA,__bss	undefined4	4	extern unsigned int DAT_001fbe88 asm("DAT_001fbe88");		data.s
DAT_001fbe8c	0x1fbe8c	__DATA,__bss	undefined4	4	extern unsigned int DAT_001fbe8c asm("DAT_001fbe8c");		data.s
DAT_001fbe94	0x1fbe94	__DATA,__bss	undefined4	4	extern unsigned int DAT_001fbe94 asm("DAT_001fbe94");		data.s
DAT_001fbe98	0x1fbe98	__DATA,__bss	undefined4	4	extern unsigned int DAT_001fbe98 asm("DAT_001fbe98");		data.s
DAT_001fbe9c	0x1fbe9c	__DATA,__bss	undefined4	4	extern unsigned int DAT_001fbe9c asm("DAT_001fbe9c");		data.s
DAT_001fbea0	0x1fbea0	__DATA,__bss	undefined4	4	extern unsigned int DAT_001fbea0 asm("DAT_001fbea0");		data.s
DAT_001fbea8	0x1fbea8	__DATA,__bss	undefined4	4	extern unsigned int DAT_001fbea8 asm("DAT_001fbea8");		data.s
DAT_001fbeac	0x1fbeac	__DATA,__bss	undefined4	4	extern unsigned int DAT_001fbeac asm("DAT_001fbeac");		data.s
DAT_001fbeb0	0x1fbeb0	__DATA,__bss	undefined4	4	extern unsigned int DAT_001fbeb0 asm("DAT_001fbeb0");		data.s
DAT_001fbeb4	0x1fbeb4	__DATA,__bss	undefined4	4	extern unsigned int DAT_001fbeb4 asm("DAT_001fbeb4");		data.s
DAT_001fbebc	0x1fbebc	__DATA,__bss	undefined4	4	extern unsigned int DAT_001fbebc asm("DAT_001fbebc");		data.s
DAT_001fbec0	0x1fbec0	__DATA,__bss	undefined4	4	extern unsigned int DAT_001fbec0 asm("DAT_001fbec0");		data.s
DAT_001fbec4	0x1fbec4	__DATA,__bss	undefined4	4	extern unsigned int DAT_001fbec4 asm("DAT_001fbec4");		data.s
DAT_001fbec8	0x1fbec8	__DATA,__bss	undefined4	4	extern unsigned int DAT_001fbec8 asm("DAT_001fbec8");		data.s
DAT_001fbed0	0x1fbed0	__DATA,__bss	undefined4	4	extern unsigned int DAT_001fbed0 asm("DAT_001fbed0");		data.s
DAT_001fbed4	0x1fbed4	__DATA,__bss	undefined4	4	extern unsigned int DAT_001fbed4 asm("DAT_001fbed4");		data.s
DAT_001fbed8	0x1fbed8	__DATA,__bss	undefined4	4	extern unsigned int DAT_001fbed8 asm("DAT_001fbed8");		data.s
DAT_001fbedc	0x1fbedc	__DATA,__bss	undefined4	4	extern unsigned int DAT_001fbedc asm("DAT_001fbedc");		data.s
DAT_001fbee4	0x1fbee4	__DATA,__bss	undefined4	4	extern unsigned int DAT_001fbee4 asm("DAT_001fbee4");		data.s
DAT_001fbee8	0x1fbee8	__DATA,__bss	undefined4	4	extern unsigned int DAT_001fbee8 asm("DAT_001fbee8");		data.s
DAT_001fbeec	0x1fbeec	__DATA,__bss	undefined4	4	extern unsigned int DAT_001fbeec asm("DAT_001fbeec");		data.s
DAT_001fbef0	0x1fbef0	__DATA,__bss	undefined4	4	extern unsigned int DAT_001fbef0 asm("DAT_001fbef0");		data.s
DAT_001fbef8	0x1fbef8	__DATA,__bss	undefined4	4	extern unsigned int DAT_001fbef8 asm("DAT_001fbef8");		data.s
DAT_001fbefc	0x1fbefc	__DATA,__bss	undefined4	4	extern unsigned int DAT_001fbefc asm("DAT_001fbefc");		data.s
DAT_001fbf00	0x1fbf00	__DATA,__bss	undefined4	4	extern unsigned int DAT_001fbf00 asm("DAT_001fbf00");		data.s
DAT_001fbf04	0x1fbf04	__DATA,__bss	undefined4	4	extern unsigned int DAT_001fbf04 asm("DAT_001fbf04");		data.s
DAT_001fbf0c	0x1fbf0c	__DATA,__bss	undefined4	4	extern unsigned int DAT_001fbf0c asm("DAT_001fbf0c");		data.s
DAT_001fbf10	0x1fbf10	__DATA,__bss	undefined4	4	extern unsigned int DAT_001fbf10 asm("DAT_001fbf10");		data.s
DAT_001fbf14	0x1fbf14	__DATA,__bss	undefined4	4	extern unsigned int DAT_001fbf14 asm("DAT_001fbf14");		data.s
DAT_001fbf18	0x1fbf18	__DATA,__bss	undefined4	4	extern unsigned int DAT_001fbf18 asm("DAT_001fbf18");		data.s
DAT_001fbf20	0x1fbf20	__DATA,__bss	undefined4	4	extern unsigned int DAT_001fbf20 asm("DAT_001fbf20");		data.s
DAT_001fbf24	0x1fbf24	__DATA,__bss	undefined4	4	extern unsigned int DAT_001fbf24 asm("DAT_001fbf24");		data.s
DAT_001fbf28	0x1fbf28	__DATA,__bss	undefined4	4	extern unsigned int DAT_001fbf28 asm("DAT_001fbf28");		data.s
DAT_001fbf2c	0x1fbf2c	__DATA,__bss	undefined4	4	extern unsigned int DAT_001fbf2c asm("DAT_001fbf2c");		data.s
DAT_001fbf34	0x1fbf34	__DATA,__bss	undefined4	4	extern unsigned int DAT_001fbf34 asm("DAT_001fbf34");		data.s
DAT_001fbf38	0x1fbf38	__DATA,__bss	undefined4	4	extern unsigned int DAT_001fbf38 asm("DAT_001fbf38");		data.s
DAT_001fbf3c	0x1fbf3c	__DATA,__bss	undefined4	4	extern unsigned int DAT_001fbf3c asm("DAT_001fbf3c");		data.s
DAT_001fbf40	0x1fbf40	__DATA,__bss	undefined4	4	extern unsigned int DAT_001fbf40 asm("DAT_001fbf40");		data.s
DAT_001fbf48	0x1fbf48	__DATA,__bss	undefined4	4	extern unsigned int DAT_001fbf48 asm("DAT_001fbf48");		data.s
DAT_001fbf4c	0x1fbf4c	__DATA,__bss	undefined4	4	extern unsigned int DAT_001fbf4c asm("DAT_001fbf4c");		data.s
DAT_001fbf50	0x1fbf50	__DATA,__bss	undefined4	4	extern unsigned int DAT_001fbf50 asm("DAT_001fbf50");		data.s
DAT_001fbf54	0x1fbf54	__DATA,__bss	undefined4	4	extern unsigned int DAT_001fbf54 asm("DAT_001fbf54");		data.s
DAT_001fbf5c	0x1fbf5c	__DATA,__bss	undefined4	4	extern unsigned int DAT_001fbf5c asm("DAT_001fbf5c");		data.s
DAT_001fbf60	0x1fbf60	__DATA,__bss	undefined4	4	extern unsigned int DAT_001fbf60 asm("DAT_001fbf60");		data.s
DAT_001fbf64	0x1fbf64	__DATA,__bss	undefined4	4	extern unsigned int DAT_001fbf64 asm("DAT_001fbf64");		data.s
DAT_001fbf68	0x1fbf68	__DATA,__bss	undefined4	4	extern unsigned int DAT_001fbf68 asm("DAT_001fbf68");		data.s
DAT_001fbf70	0x1fbf70	__DATA,__bss	undefined4	4	extern unsigned int DAT_001fbf70 asm("DAT_001fbf70");		data.s
DAT_001fbf74	0x1fbf74	__DATA,__bss	undefined4	4	extern unsigned int DAT_001fbf74 asm("DAT_001fbf74");		data.s
DAT_001fbf78	0x1fbf78	__DATA,__bss	undefined4	4	extern unsigned int DAT_001fbf78 asm("DAT_001fbf78");		data.s
DAT_001fbf7c	0x1fbf7c	__DATA,__bss	undefined4	4	extern unsigned int DAT_001fbf7c asm("DAT_001fbf7c");		data.s
DAT_001fbf84	0x1fbf84	__DATA,__bss	undefined4	4	extern unsigned int DAT_001fbf84 asm("DAT_001fbf84");		data.s
DAT_001fbf88	0x1fbf88	__DATA,__bss	undefined4	4	extern unsigned int DAT_001fbf88 asm("DAT_001fbf88");		data.s
DAT_001fbf8c	0x1fbf8c	__DATA,__bss	undefined4	4	extern unsigned int DAT_001fbf8c asm("DAT_001fbf8c");		data.s
DAT_001fbf90	0x1fbf90	__DATA,__bss	undefined4	4	extern unsigned int DAT_001fbf90 asm("DAT_001fbf90");		data.s
DAT_001fbf98	0x1fbf98	__DATA,__bss	undefined4	4	extern unsigned int DAT_001fbf98 asm("DAT_001fbf98");		data.s
DAT_001fbf9c	0x1fbf9c	__DATA,__bss	undefined4	4	extern unsigned int DAT_001fbf9c asm("DAT_001fbf9c");		data.s
DAT_001fbfa0	0x1fbfa0	__DATA,__bss	undefined4	4	extern unsigned int DAT_001fbfa0 asm("DAT_001fbfa0");		data.s
DAT_001fbfa4	0x1fbfa4	__DATA,__bss	undefined4	4	extern unsigned int DAT_001fbfa4 asm("DAT_001fbfa4");		data.s
DAT_001fbfac	0x1fbfac	__DATA,__bss	undefined4	4	extern unsigned int DAT_001fbfac asm("DAT_001fbfac");		data.s
DAT_001fbfb0	0x1fbfb0	__DATA,__bss	undefined4	4	extern unsigned int DAT_001fbfb0 asm("DAT_001fbfb0");		data.s
DAT_001fbfb4	0x1fbfb4	__DATA,__bss	undefined4	4	extern unsigned int DAT_001fbfb4 asm("DAT_001fbfb4");		data.s
DAT_001fbfb8	0x1fbfb8	__DATA,__bss	undefined4	4	extern unsigned int DAT_001fbfb8 asm("DAT_001fbfb8");		data.s
DAT_001fbfc0	0x1fbfc0	__DATA,__bss	undefined4	4	extern unsigned int DAT_001fbfc0 asm("DAT_001fbfc0");		data.s
DAT_001fbfc4	0x1fbfc4	__DATA,__bss	undefined4	4	extern unsigned int DAT_001fbfc4 asm("DAT_001fbfc4");		data.s
DAT_001fbfc8	0x1fbfc8	__DATA,__bss	undefined4	4	extern unsigned int DAT_001fbfc8 asm("DAT_001fbfc8");		data.s
DAT_001fbfcc	0x1fbfcc	__DATA,__bss	undefined4	4	extern unsigned int DAT_001fbfcc asm("DAT_001fbfcc");		data.s
DAT_001fbfd4	0x1fbfd4	__DATA,__bss	undefined4	4	extern unsigned int DAT_001fbfd4 asm("DAT_001fbfd4");		data.s
DAT_001fbfd8	0x1fbfd8	__DATA,__bss	undefined4	4	extern unsigned int DAT_001fbfd8 asm("DAT_001fbfd8");		data.s
DAT_001fbfdc	0x1fbfdc	__DATA,__bss	undefined4	4	extern unsigned int DAT_001fbfdc asm("DAT_001fbfdc");		data.s
DAT_001fbfe0	0x1fbfe0	__DATA,__bss	undefined4	4	extern unsigned int DAT_001fbfe0 asm("DAT_001fbfe0");		data.s
DAT_001fbfe8	0x1fbfe8	__DATA,__bss	undefined4	4	extern unsigned int DAT_001fbfe8 asm("DAT_001fbfe8");		data.s
DAT_001fbfec	0x1fbfec	__DATA,__bss	undefined4	4	extern unsigned int DAT_001fbfec asm("DAT_001fbfec");		data.s
DAT_001fbff0	0x1fbff0	__DATA,__bss	undefined4	4	extern unsigned int DAT_001fbff0 asm("DAT_001fbff0");		data.s
DAT_001fbff4	0x1fbff4	__DATA,__bss	undefined4	4	extern unsigned int DAT_001fbff4 asm("DAT_001fbff4");		data.s
DAT_001fbffc	0x1fbffc	__DATA,__bss	undefined4	4	extern unsigned int DAT_001fbffc asm("DAT_001fbffc");		data.s
DAT_001fc000	0x1fc000	__DATA,__bss	undefined4	4	extern unsigned int DAT_001fc000 asm("DAT_001fc000");		data.s
DAT_001fc004	0x1fc004	__DATA,__bss	undefined4	4	extern unsigned int DAT_001fc004 asm("DAT_001fc004");		data.s
DAT_001fc008	0x1fc008	__DATA,__bss	undefined4	4	extern unsigned int DAT_001fc008 asm("DAT_001fc008");		data.s
DAT_001fc010	0x1fc010	__DATA,__bss	undefined4	4	extern unsigned int DAT_001fc010 asm("DAT_001fc010");		data.s
DAT_001fc014	0x1fc014	__DATA,__bss	undefined4	4	extern unsigned int DAT_001fc014 asm("DAT_001fc014");		data.s
DAT_001fc018	0x1fc018	__DATA,__bss	undefined4	4	extern unsigned int DAT_001fc018 asm("DAT_001fc018");		data.s
DAT_001fc01c	0x1fc01c	__DATA,__bss	undefined4	4	extern unsigned int DAT_001fc01c asm("DAT_001fc01c");		data.s
DAT_001fc024	0x1fc024	__DATA,__bss	undefined4	4	extern unsigned int DAT_001fc024 asm("DAT_001fc024");		data.s
DAT_001fc028	0x1fc028	__DATA,__bss	undefined4	4	extern unsigned int DAT_001fc028 asm("DAT_001fc028");		data.s
DAT_001fc02c	0x1fc02c	__DATA,__bss	undefined4	4	extern unsigned int DAT_001fc02c asm("DAT_001fc02c");		data.s
DAT_001fc030	0x1fc030	__DATA,__bss	undefined4	4	extern unsigned int DAT_001fc030 asm("DAT_001fc030");		data.s
DAT_001fc038	0x1fc038	__DATA,__bss	undefined4	4	extern unsigned int DAT_001fc038 asm("DAT_001fc038");		data.s
DAT_001fc03c	0x1fc03c	__DATA,__bss	undefined4	4	extern unsigned int DAT_001fc03c asm("DAT_001fc03c");		data.s
DAT_001fc040	0x1fc040	__DATA,__bss	undefined4	4	extern unsigned int DAT_001fc040 asm("DAT_001fc040");		data.s
DAT_001fc044	0x1fc044	__DATA,__bss	undefined4	4	extern unsigned int DAT_001fc044 asm("DAT_001fc044");		data.s
DAT_001fc04c	0x1fc04c	__DATA,__bss	undefined4	4	extern unsigned int DAT_001fc04c asm("DAT_001fc04c");		data.s
DAT_001fc050	0x1fc050	__DATA,__bss	undefined4	4	extern unsigned int DAT_001fc050 asm("DAT_001fc050");		data.s
DAT_001fc054	0x1fc054	__DATA,__bss	undefined4	4	extern unsigned int DAT_001fc054 asm("DAT_001fc054");		data.s
DAT_001fc058	0x1fc058	__DATA,__bss	undefined4	4	extern unsigned int DAT_001fc058 asm("DAT_001fc058");		data.s
DAT_001fc060	0x1fc060	__DATA,__bss	undefined4	4	extern unsigned int DAT_001fc060 asm("DAT_001fc060");		data.s
DAT_001fc064	0x1fc064	__DATA,__bss	undefined4	4	extern unsigned int DAT_001fc064 asm("DAT_001fc064");		data.s
DAT_001fc068	0x1fc068	__DATA,__bss	undefined4	4	extern unsigned int DAT_001fc068 asm("DAT_001fc068");		data.s
DAT_001fc06c	0x1fc06c	__DATA,__bss	undefined4	4	extern unsigned int DAT_001fc06c asm("DAT_001fc06c");		data.s
DAT_001fc074	0x1fc074	__DATA,__bss	undefined4	4	extern unsigned int DAT_001fc074 asm("DAT_001fc074");		data.s
DAT_001fc078	0x1fc078	__DATA,__bss	undefined4	4	extern unsigned int DAT_001fc078 asm("DAT_001fc078");		data.s
DAT_001fc07c	0x1fc07c	__DATA,__bss	undefined4	4	extern unsigned int DAT_001fc07c asm("DAT_001fc07c");		data.s
DAT_001fc080	0x1fc080	__DATA,__bss	undefined4	4	extern unsigned int DAT_001fc080 asm("DAT_001fc080");		data.s
DAT_001fc088	0x1fc088	__DATA,__bss	undefined4	4	extern unsigned int DAT_001fc088 asm("DAT_001fc088");		data.s
DAT_001fc08c	0x1fc08c	__DATA,__bss	undefined4	4	extern unsigned int DAT_001fc08c asm("DAT_001fc08c");		data.s
DAT_001fc090	0x1fc090	__DATA,__bss	undefined4	4	extern unsigned int DAT_001fc090 asm("DAT_001fc090");		data.s
DAT_001fc094	0x1fc094	__DATA,__bss	undefined4	4	extern unsigned int DAT_001fc094 asm("DAT_001fc094");		data.s
DAT_001fc09c	0x1fc09c	__DATA,__bss	undefined4	4	extern unsigned int DAT_001fc09c asm("DAT_001fc09c");		data.s
DAT_001fc0a0	0x1fc0a0	__DATA,__bss	undefined4	4	extern unsigned int DAT_001fc0a0 asm("DAT_001fc0a0");		data.s
DAT_001fc0a4	0x1fc0a4	__DATA,__bss	undefined4	4	extern unsigned int DAT_001fc0a4 asm("DAT_001fc0a4");		data.s
DAT_001fc0a8	0x1fc0a8	__DATA,__bss	undefined4	4	extern unsigned int DAT_001fc0a8 asm("DAT_001fc0a8");		data.s
DAT_001fc0b0	0x1fc0b0	__DATA,__bss	undefined4	4	extern unsigned int DAT_001fc0b0 asm("DAT_001fc0b0");		data.s
DAT_001fc0b4	0x1fc0b4	__DATA,__bss	undefined4	4	extern unsigned int DAT_001fc0b4 asm("DAT_001fc0b4");		data.s
DAT_001fc0b8	0x1fc0b8	__DATA,__bss	undefined4	4	extern unsigned int DAT_001fc0b8 asm("DAT_001fc0b8");		data.s
DAT_001fc0bc	0x1fc0bc	__DATA,__bss	undefined4	4	extern unsigned int DAT_001fc0bc asm("DAT_001fc0bc");		data.s
DAT_001fc0c4	0x1fc0c4	__DATA,__bss	undefined4	4	extern unsigned int DAT_001fc0c4 asm("DAT_001fc0c4");		data.s
DAT_001fc0c8	0x1fc0c8	__DATA,__bss	undefined4	4	extern unsigned int DAT_001fc0c8 asm("DAT_001fc0c8");		data.s
DAT_001fc0cc	0x1fc0cc	__DATA,__bss	undefined4	4	extern unsigned int DAT_001fc0cc asm("DAT_001fc0cc");		data.s
DAT_001fc0d0	0x1fc0d0	__DATA,__bss	undefined4	4	extern unsigned int DAT_001fc0d0 asm("DAT_001fc0d0");		data.s
DAT_001fc0d8	0x1fc0d8	__DATA,__bss	undefined4	4	extern unsigned int DAT_001fc0d8 asm("DAT_001fc0d8");		data.s
DAT_001fc0dc	0x1fc0dc	__DATA,__bss	undefined4	4	extern unsigned int DAT_001fc0dc asm("DAT_001fc0dc");		data.s
DAT_001fc0e0	0x1fc0e0	__DATA,__bss	undefined4	4	extern unsigned int DAT_001fc0e0 asm("DAT_001fc0e0");		data.s
DAT_001fc0e4	0x1fc0e4	__DATA,__bss	undefined4	4	extern unsigned int DAT_001fc0e4 asm("DAT_001fc0e4");		data.s
DAT_001fc0ec	0x1fc0ec	__DATA,__bss	undefined4	4	extern unsigned int DAT_001fc0ec asm("DAT_001fc0ec");		data.s
DAT_001fc0f0	0x1fc0f0	__DATA,__bss	undefined4	4	extern unsigned int DAT_001fc0f0 asm("DAT_001fc0f0");		data.s
DAT_001fc0f4	0x1fc0f4	__DATA,__bss	undefined4	4	extern unsigned int DAT_001fc0f4 asm("DAT_001fc0f4");		data.s
DAT_001fc0f8	0x1fc0f8	__DATA,__bss	undefined4	4	extern unsigned int DAT_001fc0f8 asm("DAT_001fc0f8");		data.s
DAT_001fc100	0x1fc100	__DATA,__bss	undefined4	4	extern unsigned int DAT_001fc100 asm("DAT_001fc100");		data.s
DAT_001fc104	0x1fc104	__DATA,__bss	undefined4	4	extern unsigned int DAT_001fc104 asm("DAT_001fc104");		data.s
DAT_001fc108	0x1fc108	__DATA,__bss	undefined4	4	extern unsigned int DAT_001fc108 asm("DAT_001fc108");		data.s
DAT_001fc10c	0x1fc10c	__DATA,__bss	undefined4	4	extern unsigned int DAT_001fc10c asm("DAT_001fc10c");		data.s
DAT_001fc114	0x1fc114	__DATA,__bss	undefined4	4	extern unsigned int DAT_001fc114 asm("DAT_001fc114");		data.s
DAT_001fc118	0x1fc118	__DATA,__bss	undefined4	4	extern unsigned int DAT_001fc118 asm("DAT_001fc118");		data.s
DAT_001fc11c	0x1fc11c	__DATA,__bss	undefined4	4	extern unsigned int DAT_001fc11c asm("DAT_001fc11c");		data.s
DAT_001fc120	0x1fc120	__DATA,__bss	undefined4	4	extern unsigned int DAT_001fc120 asm("DAT_001fc120");		data.s
DAT_001fc128	0x1fc128	__DATA,__bss	undefined4	4	extern unsigned int DAT_001fc128 asm("DAT_001fc128");		data.s
DAT_001fc12c	0x1fc12c	__DATA,__bss	undefined4	4	extern unsigned int DAT_001fc12c asm("DAT_001fc12c");		data.s
DAT_001fc130	0x1fc130	__DATA,__bss	undefined4	4	extern unsigned int DAT_001fc130 asm("DAT_001fc130");		data.s
DAT_001fc134	0x1fc134	__DATA,__bss	undefined4	4	extern unsigned int DAT_001fc134 asm("DAT_001fc134");		data.s
DAT_001fc13c	0x1fc13c	__DATA,__bss	undefined4	4	extern unsigned int DAT_001fc13c asm("DAT_001fc13c");		data.s
DAT_001fc140	0x1fc140	__DATA,__bss	undefined4	4	extern unsigned int DAT_001fc140 asm("DAT_001fc140");		data.s
DAT_001fc144	0x1fc144	__DATA,__bss	undefined4	4	extern unsigned int DAT_001fc144 asm("DAT_001fc144");		data.s
DAT_001fc148	0x1fc148	__DATA,__bss	undefined4	4	extern unsigned int DAT_001fc148 asm("DAT_001fc148");		data.s
DAT_001fc150	0x1fc150	__DATA,__bss	undefined4	4	extern unsigned int DAT_001fc150 asm("DAT_001fc150");		data.s
DAT_001fc154	0x1fc154	__DATA,__bss	undefined4	4	extern unsigned int DAT_001fc154 asm("DAT_001fc154");		data.s
DAT_001fc158	0x1fc158	__DATA,__bss	undefined4	4	extern unsigned int DAT_001fc158 asm("DAT_001fc158");		data.s
DAT_001fc15c	0x1fc15c	__DATA,__bss	undefined4	4	extern unsigned int DAT_001fc15c asm("DAT_001fc15c");		data.s
DAT_001fc164	0x1fc164	__DATA,__bss	undefined4	4	extern unsigned int DAT_001fc164 asm("DAT_001fc164");		data.s
DAT_001fc168	0x1fc168	__DATA,__bss	undefined4	4	extern unsigned int DAT_001fc168 asm("DAT_001fc168");		data.s
DAT_001fc16c	0x1fc16c	__DATA,__bss	undefined4	4	extern unsigned int DAT_001fc16c asm("DAT_001fc16c");		data.s
DAT_001fc170	0x1fc170	__DATA,__bss	undefined4	4	extern unsigned int DAT_001fc170 asm("DAT_001fc170");		data.s
DAT_001fc178	0x1fc178	__DATA,__bss	undefined4	4	extern unsigned int DAT_001fc178 asm("DAT_001fc178");		data.s
DAT_001fc17c	0x1fc17c	__DATA,__bss	undefined4	4	extern unsigned int DAT_001fc17c asm("DAT_001fc17c");		data.s
DAT_001fc180	0x1fc180	__DATA,__bss	undefined4	4	extern unsigned int DAT_001fc180 asm("DAT_001fc180");		data.s
DAT_001fc184	0x1fc184	__DATA,__bss	undefined4	4	extern unsigned int DAT_001fc184 asm("DAT_001fc184");		data.s
DAT_001fc18c	0x1fc18c	__DATA,__bss	undefined4	4	extern unsigned int DAT_001fc18c asm("DAT_001fc18c");		data.s
DAT_001fc190	0x1fc190	__DATA,__bss	undefined4	4	extern unsigned int DAT_001fc190 asm("DAT_001fc190");		data.s
DAT_001fc194	0x1fc194	__DATA,__bss	undefined4	4	extern unsigned int DAT_001fc194 asm("DAT_001fc194");		data.s
DAT_001fc198	0x1fc198	__DATA,__bss	undefined4	4	extern unsigned int DAT_001fc198 asm("DAT_001fc198");		data.s
DAT_001fc1a0	0x1fc1a0	__DATA,__bss	undefined4	4	extern unsigned int DAT_001fc1a0 asm("DAT_001fc1a0");		data.s
DAT_001fc1a4	0x1fc1a4	__DATA,__bss	undefined4	4	extern unsigned int DAT_001fc1a4 asm("DAT_001fc1a4");		data.s
DAT_001fc1a8	0x1fc1a8	__DATA,__bss	undefined4	4	extern unsigned int DAT_001fc1a8 asm("DAT_001fc1a8");		data.s
DAT_001fc1ac	0x1fc1ac	__DATA,__bss	undefined4	4	extern unsigned int DAT_001fc1ac asm("DAT_001fc1ac");		data.s
DAT_001fc1b4	0x1fc1b4	__DATA,__bss	undefined4	4	extern unsigned int DAT_001fc1b4 asm("DAT_001fc1b4");		data.s
DAT_001fc1b8	0x1fc1b8	__DATA,__bss	undefined4	4	extern unsigned int DAT_001fc1b8 asm("DAT_001fc1b8");		data.s
DAT_001fc1bc	0x1fc1bc	__DATA,__bss	undefined4	4	extern unsigned int DAT_001fc1bc asm("DAT_001fc1bc");		data.s
DAT_001fc1c0	0x1fc1c0	__DATA,__bss	undefined4	4	extern unsigned int DAT_001fc1c0 asm("DAT_001fc1c0");		data.s
DAT_001fc1c8	0x1fc1c8	__DATA,__bss	undefined4	4	extern unsigned int DAT_001fc1c8 asm("DAT_001fc1c8");		data.s
DAT_001fc1cc	0x1fc1cc	__DATA,__bss	undefined4	4	extern unsigned int DAT_001fc1cc asm("DAT_001fc1cc");		data.s
DAT_001fc1d0	0x1fc1d0	__DATA,__bss	undefined4	4	extern unsigned int DAT_001fc1d0 asm("DAT_001fc1d0");		data.s
DAT_001fc1d4	0x1fc1d4	__DATA,__bss	undefined4	4	extern int (*DAT_001fc1d4)() asm("DAT_001fc1d4");		data.s
DAT_001fc1d8	0x1fc1d8	__DATA,__bss	undefined4	4	extern int (*DAT_001fc1d8)() asm("DAT_001fc1d8");		data.s
DAT_001fc1dc	0x1fc1dc	__DATA,__bss	undefined4	4	extern int (*DAT_001fc1dc)() asm("DAT_001fc1dc");		data.s
DAT_001fc1e0	0x1fc1e0	__DATA,__bss	undefined4	4	extern int (*DAT_001fc1e0)() asm("DAT_001fc1e0");		data.s
DAT_001fc1f0	0x1fc1f0	__DATA,__common	undefined4	4	extern unsigned char DAT_001fc1f0 asm("DAT_001fc1f0");		data.s
DAT_001fc1f4	0x1fc1f4	__DATA,__common	undefined4	4	extern unsigned char DAT_001fc1f4 asm("DAT_001fc1f4");		data.s
DAT_001fc1f8	0x1fc1f8	__DATA,__common	undefined4	4	extern unsigned char DAT_001fc1f8[] asm("DAT_001fc1f8");		data.s
DAT_001fc1fc	0x1fc1fc	__DATA,__common	undefined4	4	extern unsigned char DAT_001fc1fc[] asm("DAT_001fc1fc");		data.s
DAT_001fc2b0	0x1fc2b0	__DATA,__common	-	-	extern unsigned char DAT_001fc2b0 asm("DAT_001fc2b0");		data.s
DAT_001fc2ec	0x1fc2ec	__DATA,__common	undefined4	4	extern unsigned int DAT_001fc2ec asm("DAT_001fc2ec");		data.s
DAT_001fc2f0	0x1fc2f0	__DATA,__common	undefined4	4	extern unsigned int DAT_001fc2f0 asm("DAT_001fc2f0");		data.s
DAT_001fc2f4	0x1fc2f4	__DATA,__common	undefined4	4	extern unsigned int DAT_001fc2f4 asm("DAT_001fc2f4");		data.s
DAT_001fc2f8	0x1fc2f8	__DATA,__common	undefined4	4	extern unsigned int DAT_001fc2f8 asm("DAT_001fc2f8");		data.s
DAT_001fc2fc	0x1fc2fc	__DATA,__common	undefined4	4	extern unsigned int DAT_001fc2fc asm("DAT_001fc2fc");		data.s
DAT_001fc300	0x1fc300	__DATA,__common	undefined4	4	extern unsigned int DAT_001fc300 asm("DAT_001fc300");		data.s
DAT_001fc304	0x1fc304	__DATA,__common	undefined4	4	extern unsigned int DAT_001fc304 asm("DAT_001fc304");		data.s
DAT_001fc308	0x1fc308	__DATA,__common	undefined4	4	extern unsigned int DAT_001fc308 asm("DAT_001fc308");		data.s
DAT_001fc30c	0x1fc30c	__DATA,__common	undefined4	4	extern unsigned int DAT_001fc30c asm("DAT_001fc30c");		data.s
DAT_001fc310	0x1fc310	__DATA,__common	undefined4	4	extern unsigned int DAT_001fc310 asm("DAT_001fc310");		data.s
DAT_001fc314	0x1fc314	__DATA,__common	undefined4	4	extern unsigned int DAT_001fc314 asm("DAT_001fc314");		data.s
DAT_001fc318	0x1fc318	__DATA,__common	undefined4	4	extern unsigned int DAT_001fc318 asm("DAT_001fc318");		data.s
DAT_001fc31c	0x1fc31c	__DATA,__common	undefined4	4	extern unsigned int DAT_001fc31c asm("DAT_001fc31c");		data.s
DAT_001fc320	0x1fc320	__DATA,__common	undefined4	4	extern unsigned int DAT_001fc320 asm("DAT_001fc320");		data.s
DAT_001fc324	0x1fc324	__DATA,__common	undefined4	4	extern unsigned int DAT_001fc324 asm("DAT_001fc324");		data.s
DAT_001fc328	0x1fc328	__DATA,__common	undefined4	4	extern unsigned int DAT_001fc328 asm("DAT_001fc328");		data.s
DAT_001fc32c	0x1fc32c	__DATA,__common	undefined4	4	extern unsigned int DAT_001fc32c asm("DAT_001fc32c");		data.s
DAT_001fc330	0x1fc330	__DATA,__common	undefined4	4	extern unsigned int DAT_001fc330 asm("DAT_001fc330");		data.s
DAT_001fc334	0x1fc334	__DATA,__common	undefined4	4	extern unsigned int DAT_001fc334 asm("DAT_001fc334");		data.s
DAT_001fc338	0x1fc338	__DATA,__common	undefined4	4	extern unsigned int DAT_001fc338 asm("DAT_001fc338");		data.s
DAT_001fc33c	0x1fc33c	__DATA,__common	undefined4	4	extern unsigned int DAT_001fc33c asm("DAT_001fc33c");		data.s
DAT_001fc340	0x1fc340	__DATA,__common	undefined4	4	extern unsigned int DAT_001fc340 asm("DAT_001fc340");		data.s
DAT_001fc344	0x1fc344	__DATA,__common	undefined4	4	extern unsigned int DAT_001fc344 asm("DAT_001fc344");		data.s
DAT_001fc348	0x1fc348	__DATA,__common	undefined4	4	extern unsigned int DAT_001fc348 asm("DAT_001fc348");		data.s
DAT_001fc34c	0x1fc34c	__DATA,__common	undefined4	4	extern unsigned int DAT_001fc34c asm("DAT_001fc34c");		data.s
DAT_001fc350	0x1fc350	__DATA,__common	undefined4	4	extern unsigned int DAT_001fc350 asm("DAT_001fc350");		data.s
DAT_001fc354	0x1fc354	__DATA,__common	undefined4	4	extern unsigned int DAT_001fc354 asm("DAT_001fc354");		data.s
DAT_001fc358	0x1fc358	__DATA,__common	undefined4	4	extern unsigned int DAT_001fc358 asm("DAT_001fc358");		data.s
DAT_001fc35c	0x1fc35c	__DATA,__common	undefined4	4	extern unsigned int DAT_001fc35c asm("DAT_001fc35c");		data.s
DAT_001fc360	0x1fc360	__DATA,__common	undefined4	4	extern unsigned int DAT_001fc360 asm("DAT_001fc360");		data.s
DAT_001fc364	0x1fc364	__DATA,__common	undefined4	4	extern unsigned int DAT_001fc364 asm("DAT_001fc364");		data.s
DAT_001fc368	0x1fc368	__DATA,__common	undefined4	4	extern unsigned int DAT_001fc368 asm("DAT_001fc368");		data.s
DAT_001fc36c	0x1fc36c	__DATA,__common	undefined4	4	extern unsigned int DAT_001fc36c asm("DAT_001fc36c");		data.s
DAT_001fc370	0x1fc370	__DATA,__common	undefined4	4	extern unsigned int DAT_001fc370 asm("DAT_001fc370");		data.s
DAT_001fc374	0x1fc374	__DATA,__common	undefined4	4	extern unsigned int DAT_001fc374 asm("DAT_001fc374");		data.s
DAT_001fc378	0x1fc378	__DATA,__common	undefined4	4	extern unsigned int DAT_001fc378 asm("DAT_001fc378");		data.s
DAT_001fc37c	0x1fc37c	__DATA,__common	undefined4	4	extern unsigned int DAT_001fc37c asm("DAT_001fc37c");		data.s
DAT_001fc380	0x1fc380	__DATA,__common	undefined4	4	extern unsigned int DAT_001fc380 asm("DAT_001fc380");		data.s
DAT_001fc384	0x1fc384	__DATA,__common	undefined4	4	extern unsigned int DAT_001fc384 asm("DAT_001fc384");		data.s
DAT_001fc388	0x1fc388	__DATA,__common	undefined4	4	extern unsigned int DAT_001fc388 asm("DAT_001fc388");		data.s
DAT_001fc38c	0x1fc38c	__DATA,__common	undefined4	4	extern unsigned int DAT_001fc38c asm("DAT_001fc38c");		data.s
DAT_001fc390	0x1fc390	__DATA,__common	undefined4	4	extern unsigned int DAT_001fc390 asm("DAT_001fc390");		data.s
DAT_001fc394	0x1fc394	__DATA,__common	undefined4	4	extern unsigned int DAT_001fc394 asm("DAT_001fc394");		data.s
DAT_001fc398	0x1fc398	__DATA,__common	undefined4	4	extern unsigned int DAT_001fc398 asm("DAT_001fc398");		data.s
DAT_001fc39c	0x1fc39c	__DATA,__common	undefined4	4	extern unsigned int DAT_001fc39c asm("DAT_001fc39c");		data.s
DAT_001fc3a0	0x1fc3a0	__DATA,__common	undefined4	4	extern unsigned int DAT_001fc3a0 asm("DAT_001fc3a0");		data.s
DAT_001fc3a4	0x1fc3a4	__DATA,__common	undefined4	4	extern unsigned int DAT_001fc3a4 asm("DAT_001fc3a4");		data.s
DAT_001fc3a8	0x1fc3a8	__DATA,__common	undefined4	4	extern unsigned int DAT_001fc3a8 asm("DAT_001fc3a8");		data.s
DAT_001fc3ac	0x1fc3ac	__DATA,__common	undefined4	4	extern unsigned int DAT_001fc3ac asm("DAT_001fc3ac");		data.s
DAT_001fc3b0	0x1fc3b0	__DATA,__common	undefined4	4	extern unsigned int DAT_001fc3b0 asm("DAT_001fc3b0");		data.s
DAT_001fc3b4	0x1fc3b4	__DATA,__common	undefined4	4	extern unsigned int DAT_001fc3b4 asm("DAT_001fc3b4");		data.s
DAT_001fc3b8	0x1fc3b8	__DATA,__common	undefined4	4	extern unsigned int DAT_001fc3b8 asm("DAT_001fc3b8");		data.s
DAT_001fc3bc	0x1fc3bc	__DATA,__common	undefined4	4	extern unsigned int DAT_001fc3bc asm("DAT_001fc3bc");		data.s
DAT_001fc3c0	0x1fc3c0	__DATA,__common	undefined4	4	extern unsigned int DAT_001fc3c0 asm("DAT_001fc3c0");		data.s
DAT_001fc3c4	0x1fc3c4	__DATA,__common	undefined4	4	extern unsigned int DAT_001fc3c4 asm("DAT_001fc3c4");		data.s
DAT_001fc3c8	0x1fc3c8	__DATA,__common	undefined4	4	extern unsigned int DAT_001fc3c8 asm("DAT_001fc3c8");		data.s
DAT_001fc3cc	0x1fc3cc	__DATA,__common	undefined4	4	extern unsigned int DAT_001fc3cc asm("DAT_001fc3cc");		data.s
DAT_001fc3d0	0x1fc3d0	__DATA,__common	undefined4	4	extern unsigned int DAT_001fc3d0 asm("DAT_001fc3d0");		data.s
DAT_001fc3d4	0x1fc3d4	__DATA,__common	undefined4	4	extern unsigned int DAT_001fc3d4 asm("DAT_001fc3d4");		data.s
DAT_001fc3d8	0x1fc3d8	__DATA,__common	undefined4	4	extern unsigned int DAT_001fc3d8 asm("DAT_001fc3d8");		data.s
DAT_001fc3dc	0x1fc3dc	__DATA,__common	undefined4	4	extern unsigned int DAT_001fc3dc asm("DAT_001fc3dc");		data.s
DAT_001fc3e0	0x1fc3e0	__DATA,__common	undefined4	4	extern unsigned int DAT_001fc3e0 asm("DAT_001fc3e0");		data.s
DAT_001fc3e4	0x1fc3e4	__DATA,__common	undefined4	4	extern unsigned int DAT_001fc3e4 asm("DAT_001fc3e4");		data.s
DAT_001fc3e8	0x1fc3e8	__DATA,__common	undefined4	4	extern unsigned int DAT_001fc3e8 asm("DAT_001fc3e8");		data.s
DAT_001fc3ec	0x1fc3ec	__DATA,__common	undefined4	4	extern unsigned int DAT_001fc3ec asm("DAT_001fc3ec");		data.s
DAT_001fc3f0	0x1fc3f0	__DATA,__common	undefined4	4	extern unsigned int DAT_001fc3f0 asm("DAT_001fc3f0");		data.s
DAT_001fc3f4	0x1fc3f4	__DATA,__common	undefined4	4	extern unsigned int DAT_001fc3f4 asm("DAT_001fc3f4");		data.s
DAT_001fc3f8	0x1fc3f8	__DATA,__common	undefined4	4	extern unsigned int DAT_001fc3f8 asm("DAT_001fc3f8");		data.s
DAT_001fc3fc	0x1fc3fc	__DATA,__common	undefined4	4	extern unsigned int DAT_001fc3fc asm("DAT_001fc3fc");		data.s
DAT_001fc400	0x1fc400	__DATA,__common	undefined4	4	extern unsigned int DAT_001fc400 asm("DAT_001fc400");		data.s
DAT_001fc404	0x1fc404	__DATA,__common	undefined4	4	extern unsigned int DAT_001fc404 asm("DAT_001fc404");		data.s
DAT_001fc408	0x1fc408	__DATA,__common	undefined4	4	extern unsigned int DAT_001fc408 asm("DAT_001fc408");		data.s
DAT_001fc40c	0x1fc40c	__DATA,__common	undefined4	4	extern unsigned int DAT_001fc40c asm("DAT_001fc40c");		data.s
DAT_001fc410	0x1fc410	__DATA,__common	undefined4	4	extern unsigned int DAT_001fc410 asm("DAT_001fc410");		data.s
DAT_001fc414	0x1fc414	__DATA,__common	undefined4	4	extern unsigned int DAT_001fc414 asm("DAT_001fc414");		data.s
DAT_001fc418	0x1fc418	__DATA,__common	undefined4	4	extern unsigned int DAT_001fc418 asm("DAT_001fc418");		data.s
DAT_001fc41c	0x1fc41c	__DATA,__common	undefined4	4	extern unsigned int DAT_001fc41c asm("DAT_001fc41c");		data.s
DAT_001fc420	0x1fc420	__DATA,__common	undefined4	4	extern unsigned int DAT_001fc420 asm("DAT_001fc420");		data.s
DAT_001fc424	0x1fc424	__DATA,__common	undefined4	4	extern unsigned int DAT_001fc424 asm("DAT_001fc424");		data.s
DAT_001fc428	0x1fc428	__DATA,__common	undefined4	4	extern unsigned int DAT_001fc428 asm("DAT_001fc428");		data.s
DAT_001fc42c	0x1fc42c	__DATA,__common	undefined4	4	extern unsigned int DAT_001fc42c asm("DAT_001fc42c");		data.s
DAT_001fc430	0x1fc430	__DATA,__common	undefined4	4	extern unsigned int DAT_001fc430 asm("DAT_001fc430");		data.s
DAT_001fc434	0x1fc434	__DATA,__common	undefined4	4	extern unsigned int DAT_001fc434 asm("DAT_001fc434");		data.s
DAT_001fc438	0x1fc438	__DATA,__common	undefined4	4	extern unsigned int DAT_001fc438 asm("DAT_001fc438");		data.s
DAT_001fc43c	0x1fc43c	__DATA,__common	undefined4	4	extern unsigned int DAT_001fc43c asm("DAT_001fc43c");		data.s
DAT_001fc440	0x1fc440	__DATA,__common	undefined4	4	extern unsigned int DAT_001fc440 asm("DAT_001fc440");		data.s
DAT_001fc444	0x1fc444	__DATA,__common	undefined4	4	extern unsigned int DAT_001fc444 asm("DAT_001fc444");		data.s
DAT_001fc448	0x1fc448	__DATA,__common	undefined4	4	extern unsigned int DAT_001fc448 asm("DAT_001fc448");		data.s
DAT_001fc44c	0x1fc44c	__DATA,__common	undefined4	4	extern unsigned int DAT_001fc44c asm("DAT_001fc44c");		data.s
DAT_001fc450	0x1fc450	__DATA,__common	undefined4	4	extern unsigned int DAT_001fc450 asm("DAT_001fc450");		data.s
DAT_001fc454	0x1fc454	__DATA,__common	undefined4	4	extern unsigned int DAT_001fc454 asm("DAT_001fc454");		data.s
DAT_001fc458	0x1fc458	__DATA,__common	undefined4	4	extern unsigned int DAT_001fc458 asm("DAT_001fc458");		data.s
DAT_001fc45c	0x1fc45c	__DATA,__common	undefined4	4	extern unsigned int DAT_001fc45c asm("DAT_001fc45c");		data.s
DAT_001fc460	0x1fc460	__DATA,__common	undefined4	4	extern unsigned int DAT_001fc460 asm("DAT_001fc460");		data.s
DAT_001fc464	0x1fc464	__DATA,__common	undefined4	4	extern unsigned int DAT_001fc464 asm("DAT_001fc464");		data.s
DAT_001fc468	0x1fc468	__DATA,__common	undefined4	4	extern unsigned int DAT_001fc468 asm("DAT_001fc468");		data.s
DAT_001fc46c	0x1fc46c	__DATA,__common	undefined4	4	extern unsigned int DAT_001fc46c asm("DAT_001fc46c");		data.s
DAT_001fc470	0x1fc470	__DATA,__common	undefined4	4	extern unsigned int DAT_001fc470 asm("DAT_001fc470");		data.s
DAT_001fc474	0x1fc474	__DATA,__common	undefined4	4	extern unsigned int DAT_001fc474 asm("DAT_001fc474");		data.s
DAT_001fc478	0x1fc478	__DATA,__common	undefined4	4	extern unsigned int DAT_001fc478 asm("DAT_001fc478");		data.s
DAT_001fc47c	0x1fc47c	__DATA,__common	undefined4	4	extern unsigned int DAT_001fc47c asm("DAT_001fc47c");		data.s
DAT_001fc480	0x1fc480	__DATA,__common	undefined4	4	extern unsigned int DAT_001fc480 asm("DAT_001fc480");		data.s
DAT_001fc484	0x1fc484	__DATA,__common	undefined4	4	extern unsigned int DAT_001fc484 asm("DAT_001fc484");		data.s
DAT_001fc488	0x1fc488	__DATA,__common	undefined4	4	extern unsigned int DAT_001fc488 asm("DAT_001fc488");		data.s
DAT_001fc48c	0x1fc48c	__DATA,__common	undefined4	4	extern unsigned int DAT_001fc48c asm("DAT_001fc48c");		data.s
DAT_001fc490	0x1fc490	__DATA,__common	undefined4	4	extern unsigned int DAT_001fc490 asm("DAT_001fc490");		data.s
DAT_001fc494	0x1fc494	__DATA,__common	undefined4	4	extern unsigned int DAT_001fc494 asm("DAT_001fc494");		data.s
DAT_001fc498	0x1fc498	__DATA,__common	undefined4	4	extern unsigned int DAT_001fc498 asm("DAT_001fc498");		data.s
DAT_001fc49c	0x1fc49c	__DATA,__common	undefined4	4	extern unsigned int DAT_001fc49c asm("DAT_001fc49c");		data.s
DAT_001fc4a0	0x1fc4a0	__DATA,__common	undefined4	4	extern unsigned int DAT_001fc4a0 asm("DAT_001fc4a0");		data.s
DAT_001fc4a4	0x1fc4a4	__DATA,__common	undefined4	4	extern unsigned int DAT_001fc4a4 asm("DAT_001fc4a4");		data.s
DAT_001fc4a8	0x1fc4a8	__DATA,__common	undefined4	4	extern unsigned int DAT_001fc4a8 asm("DAT_001fc4a8");		data.s
DAT_001fc4ac	0x1fc4ac	__DATA,__common	undefined4	4	extern unsigned int DAT_001fc4ac asm("DAT_001fc4ac");		data.s
DAT_001fc4b0	0x1fc4b0	__DATA,__common	undefined4	4	extern unsigned int DAT_001fc4b0 asm("DAT_001fc4b0");		data.s
DAT_001fc4b4	0x1fc4b4	__DATA,__common	undefined4	4	extern unsigned int DAT_001fc4b4 asm("DAT_001fc4b4");		data.s
DAT_001fc4b8	0x1fc4b8	__DATA,__common	undefined4	4	extern unsigned int DAT_001fc4b8 asm("DAT_001fc4b8");		data.s
DAT_001fc4bc	0x1fc4bc	__DATA,__common	undefined4	4	extern unsigned int DAT_001fc4bc asm("DAT_001fc4bc");		data.s
DAT_001fc4c0	0x1fc4c0	__DATA,__common	undefined4	4	extern unsigned int DAT_001fc4c0 asm("DAT_001fc4c0");		data.s
DAT_001fc4c4	0x1fc4c4	__DATA,__common	undefined4	4	extern unsigned int DAT_001fc4c4 asm("DAT_001fc4c4");		data.s
DAT_001fc4c8	0x1fc4c8	__DATA,__common	undefined4	4	extern unsigned int DAT_001fc4c8 asm("DAT_001fc4c8");		data.s
DAT_001fc4cc	0x1fc4cc	__DATA,__common	undefined4	4	extern unsigned int DAT_001fc4cc asm("DAT_001fc4cc");		data.s
DAT_001fc4d0	0x1fc4d0	__DATA,__common	undefined4	4	extern unsigned int DAT_001fc4d0 asm("DAT_001fc4d0");		data.s
DAT_001fc4d4	0x1fc4d4	__DATA,__common	undefined4	4	extern unsigned int DAT_001fc4d4 asm("DAT_001fc4d4");		data.s
DAT_001fc4d8	0x1fc4d8	__DATA,__common	undefined4	4	extern unsigned int DAT_001fc4d8 asm("DAT_001fc4d8");		data.s
DAT_001fc4dc	0x1fc4dc	__DATA,__common	undefined4	4	extern unsigned int DAT_001fc4dc asm("DAT_001fc4dc");		data.s
DAT_001fc4e0	0x1fc4e0	__DATA,__common	undefined4	4	extern unsigned int DAT_001fc4e0 asm("DAT_001fc4e0");		data.s
DAT_001fc4e4	0x1fc4e4	__DATA,__common	undefined4	4	extern unsigned int DAT_001fc4e4 asm("DAT_001fc4e4");		data.s
DAT_001fc4e8	0x1fc4e8	__DATA,__common	undefined4	4	extern unsigned int DAT_001fc4e8 asm("DAT_001fc4e8");		data.s
DAT_001fc4ec	0x1fc4ec	__DATA,__common	undefined4	4	extern unsigned int DAT_001fc4ec asm("DAT_001fc4ec");		data.s
DAT_001fc4f0	0x1fc4f0	__DATA,__common	undefined4	4	extern unsigned int DAT_001fc4f0 asm("DAT_001fc4f0");		data.s
DAT_001fc4f4	0x1fc4f4	__DATA,__common	undefined4	4	extern unsigned int DAT_001fc4f4 asm("DAT_001fc4f4");		data.s
DAT_001fc4f8	0x1fc4f8	__DATA,__common	undefined4	4	extern unsigned int DAT_001fc4f8 asm("DAT_001fc4f8");		data.s
DAT_001fc4fc	0x1fc4fc	__DATA,__common	undefined4	4	extern unsigned int DAT_001fc4fc asm("DAT_001fc4fc");		data.s
DAT_001fc500	0x1fc500	__DATA,__common	undefined4	4	extern unsigned int DAT_001fc500 asm("DAT_001fc500");		data.s
DAT_001fc504	0x1fc504	__DATA,__common	undefined4	4	extern unsigned int DAT_001fc504 asm("DAT_001fc504");		data.s
DAT_001fc508	0x1fc508	__DATA,__common	undefined4	4	extern unsigned int DAT_001fc508 asm("DAT_001fc508");		data.s
DAT_001fc50c	0x1fc50c	__DATA,__common	undefined4	4	extern unsigned int DAT_001fc50c asm("DAT_001fc50c");		data.s
DAT_001fc510	0x1fc510	__DATA,__common	undefined4	4	extern unsigned int DAT_001fc510 asm("DAT_001fc510");		data.s
DAT_001fc514	0x1fc514	__DATA,__common	undefined4	4	extern unsigned int DAT_001fc514 asm("DAT_001fc514");		data.s
DAT_001fc518	0x1fc518	__DATA,__common	undefined4	4	extern unsigned int DAT_001fc518 asm("DAT_001fc518");		data.s
DAT_001fc51c	0x1fc51c	__DATA,__common	undefined4	4	extern unsigned int DAT_001fc51c asm("DAT_001fc51c");		data.s
DAT_001fc520	0x1fc520	__DATA,__common	undefined4	4	extern unsigned int DAT_001fc520 asm("DAT_001fc520");		data.s
DAT_001fc524	0x1fc524	__DATA,__common	undefined4	4	extern unsigned int DAT_001fc524 asm("DAT_001fc524");		data.s
DAT_001fc528	0x1fc528	__DATA,__common	undefined4	4	extern unsigned int DAT_001fc528 asm("DAT_001fc528");		data.s
DAT_001fc52c	0x1fc52c	__DATA,__common	undefined4	4	extern unsigned int DAT_001fc52c asm("DAT_001fc52c");		data.s
DAT_001fc530	0x1fc530	__DATA,__common	undefined4	4	extern unsigned int DAT_001fc530 asm("DAT_001fc530");		data.s
DAT_001fc534	0x1fc534	__DATA,__common	undefined4	4	extern unsigned int DAT_001fc534 asm("DAT_001fc534");		data.s
DAT_001fc538	0x1fc538	__DATA,__common	undefined4	4	extern unsigned int DAT_001fc538 asm("DAT_001fc538");		data.s
DAT_001fc53c	0x1fc53c	__DATA,__common	undefined4	4	extern unsigned int DAT_001fc53c asm("DAT_001fc53c");		data.s
DAT_001fc540	0x1fc540	__DATA,__common	undefined4	4	extern unsigned int DAT_001fc540 asm("DAT_001fc540");		data.s
DAT_001fc544	0x1fc544	__DATA,__common	undefined4	4	extern unsigned int DAT_001fc544 asm("DAT_001fc544");		data.s
DAT_001fc548	0x1fc548	__DATA,__common	undefined4	4	extern unsigned int DAT_001fc548 asm("DAT_001fc548");		data.s
DAT_001fc54c	0x1fc54c	__DATA,__common	undefined4	4	extern unsigned int DAT_001fc54c asm("DAT_001fc54c");		data.s
DAT_001fc550	0x1fc550	__DATA,__common	undefined4	4	extern unsigned int DAT_001fc550 asm("DAT_001fc550");		data.s
DAT_001fc554	0x1fc554	__DATA,__common	undefined4	4	extern unsigned int DAT_001fc554 asm("DAT_001fc554");		data.s
DAT_001fc558	0x1fc558	__DATA,__common	undefined4	4	extern unsigned int DAT_001fc558 asm("DAT_001fc558");		data.s
DAT_001fc55c	0x1fc55c	__DATA,__common	undefined4	4	extern unsigned int DAT_001fc55c asm("DAT_001fc55c");		data.s
DAT_001fc560	0x1fc560	__DATA,__common	undefined4	4	extern unsigned int DAT_001fc560 asm("DAT_001fc560");		data.s
DAT_001fc564	0x1fc564	__DATA,__common	undefined4	4	extern unsigned int DAT_001fc564 asm("DAT_001fc564");		data.s
DAT_001fc568	0x1fc568	__DATA,__common	undefined4	4	extern unsigned int DAT_001fc568 asm("DAT_001fc568");		data.s
DAT_001fc56c	0x1fc56c	__DATA,__common	undefined4	4	extern unsigned int DAT_001fc56c asm("DAT_001fc56c");		data.s
DAT_001fc570	0x1fc570	__DATA,__common	undefined4	4	extern unsigned int DAT_001fc570 asm("DAT_001fc570");		data.s
DAT_001fc574	0x1fc574	__DATA,__common	undefined4	4	extern unsigned int DAT_001fc574 asm("DAT_001fc574");		data.s
DAT_001fc578	0x1fc578	__DATA,__common	undefined4	4	extern unsigned int DAT_001fc578 asm("DAT_001fc578");		data.s
DAT_001fc57c	0x1fc57c	__DATA,__common	undefined4	4	extern unsigned int DAT_001fc57c asm("DAT_001fc57c");		data.s
DAT_001fc580	0x1fc580	__DATA,__common	undefined4	4	extern unsigned int DAT_001fc580 asm("DAT_001fc580");		data.s
DAT_001fc584	0x1fc584	__DATA,__common	undefined4	4	extern unsigned int DAT_001fc584 asm("DAT_001fc584");		data.s
DAT_001fc588	0x1fc588	__DATA,__common	undefined4	4	extern unsigned int DAT_001fc588 asm("DAT_001fc588");		data.s
DAT_001fc58c	0x1fc58c	__DATA,__common	undefined4	4	extern unsigned int DAT_001fc58c asm("DAT_001fc58c");		data.s
DAT_001fc590	0x1fc590	__DATA,__common	undefined4	4	extern unsigned int DAT_001fc590 asm("DAT_001fc590");		data.s
DAT_001fc594	0x1fc594	__DATA,__common	undefined4	4	extern unsigned int DAT_001fc594 asm("DAT_001fc594");		data.s
DAT_001fc598	0x1fc598	__DATA,__common	undefined4	4	extern unsigned int DAT_001fc598 asm("DAT_001fc598");		data.s
DAT_001fc59c	0x1fc59c	__DATA,__common	undefined4	4	extern unsigned int DAT_001fc59c asm("DAT_001fc59c");		data.s
DAT_001fc5a0	0x1fc5a0	__DATA,__common	undefined4	4	extern unsigned int DAT_001fc5a0 asm("DAT_001fc5a0");		data.s
DAT_001fc5a4	0x1fc5a4	__DATA,__common	undefined4	4	extern unsigned int DAT_001fc5a4 asm("DAT_001fc5a4");		data.s
DAT_001fc5a8	0x1fc5a8	__DATA,__common	undefined4	4	extern unsigned int DAT_001fc5a8 asm("DAT_001fc5a8");		data.s
DAT_001fc5ac	0x1fc5ac	__DATA,__common	undefined4	4	extern unsigned int DAT_001fc5ac asm("DAT_001fc5ac");		data.s
DAT_001fc5b0	0x1fc5b0	__DATA,__common	undefined4	4	extern unsigned int DAT_001fc5b0 asm("DAT_001fc5b0");		data.s
DAT_001fc5b4	0x1fc5b4	__DATA,__common	undefined4	4	extern unsigned int DAT_001fc5b4 asm("DAT_001fc5b4");		data.s
DAT_001fc5b8	0x1fc5b8	__DATA,__common	undefined4	4	extern unsigned int DAT_001fc5b8 asm("DAT_001fc5b8");		data.s
DAT_001fc5bc	0x1fc5bc	__DATA,__common	undefined4	4	extern unsigned int DAT_001fc5bc asm("DAT_001fc5bc");		data.s
DAT_001fc5c0	0x1fc5c0	__DATA,__common	undefined4	4	extern unsigned int DAT_001fc5c0 asm("DAT_001fc5c0");		data.s
DAT_001fc5c4	0x1fc5c4	__DATA,__common	undefined4	4	extern unsigned int DAT_001fc5c4 asm("DAT_001fc5c4");		data.s
DAT_001fc5c8	0x1fc5c8	__DATA,__common	undefined4	4	extern unsigned int DAT_001fc5c8 asm("DAT_001fc5c8");		data.s
DAT_001fc5cc	0x1fc5cc	__DATA,__common	undefined4	4	extern unsigned int DAT_001fc5cc asm("DAT_001fc5cc");		data.s
DAT_001fc5d0	0x1fc5d0	__DATA,__common	undefined4	4	extern unsigned int DAT_001fc5d0 asm("DAT_001fc5d0");		data.s
DAT_001fc5d4	0x1fc5d4	__DATA,__common	undefined4	4	extern unsigned int DAT_001fc5d4 asm("DAT_001fc5d4");		data.s
DAT_001fc5d8	0x1fc5d8	__DATA,__common	undefined4	4	extern unsigned int DAT_001fc5d8 asm("DAT_001fc5d8");		data.s
DAT_001fc5dc	0x1fc5dc	__DATA,__common	undefined4	4	extern unsigned int DAT_001fc5dc asm("DAT_001fc5dc");		data.s
DAT_001fc5e0	0x1fc5e0	__DATA,__common	undefined4	4	extern unsigned int DAT_001fc5e0 asm("DAT_001fc5e0");		data.s
DAT_001fc5e4	0x1fc5e4	__DATA,__common	undefined4	4	extern unsigned int DAT_001fc5e4 asm("DAT_001fc5e4");		data.s
DAT_001fc5e8	0x1fc5e8	__DATA,__common	undefined4	4	extern unsigned int DAT_001fc5e8 asm("DAT_001fc5e8");		data.s
DAT_001fc5ec	0x1fc5ec	__DATA,__common	undefined4	4	extern unsigned int DAT_001fc5ec asm("DAT_001fc5ec");		data.s
DAT_001fc5f0	0x1fc5f0	__DATA,__common	undefined4	4	extern unsigned int DAT_001fc5f0 asm("DAT_001fc5f0");		data.s
DAT_001fc5f4	0x1fc5f4	__DATA,__common	undefined4	4	extern unsigned int DAT_001fc5f4 asm("DAT_001fc5f4");		data.s
DAT_001fc5f8	0x1fc5f8	__DATA,__common	undefined4	4	extern unsigned int DAT_001fc5f8 asm("DAT_001fc5f8");		data.s
DAT_001fc5fc	0x1fc5fc	__DATA,__common	undefined4	4	extern unsigned int DAT_001fc5fc asm("DAT_001fc5fc");		data.s
DAT_001fc600	0x1fc600	__DATA,__common	undefined4	4	extern unsigned int DAT_001fc600 asm("DAT_001fc600");		data.s
DAT_001fc604	0x1fc604	__DATA,__common	undefined4	4	extern unsigned int DAT_001fc604 asm("DAT_001fc604");		data.s
DAT_001fc608	0x1fc608	__DATA,__common	undefined4	4	extern unsigned int DAT_001fc608 asm("DAT_001fc608");		data.s
DAT_001fc60c	0x1fc60c	__DATA,__common	undefined4	4	extern unsigned int DAT_001fc60c asm("DAT_001fc60c");		data.s
DAT_001fc610	0x1fc610	__DATA,__common	undefined4	4	extern unsigned int DAT_001fc610 asm("DAT_001fc610");		data.s
DAT_001fc614	0x1fc614	__DATA,__common	undefined4	4	extern unsigned int DAT_001fc614 asm("DAT_001fc614");		data.s
DAT_001fc618	0x1fc618	__DATA,__common	undefined4	4	extern unsigned int DAT_001fc618 asm("DAT_001fc618");		data.s
DAT_001fc61c	0x1fc61c	__DATA,__common	undefined4	4	extern unsigned int DAT_001fc61c asm("DAT_001fc61c");		data.s
DAT_001fc620	0x1fc620	__DATA,__common	undefined4	4	extern unsigned int DAT_001fc620 asm("DAT_001fc620");		data.s
DAT_001fc624	0x1fc624	__DATA,__common	undefined4	4	extern unsigned int DAT_001fc624 asm("DAT_001fc624");		data.s
DAT_001fc628	0x1fc628	__DATA,__common	undefined4	4	extern unsigned int DAT_001fc628 asm("DAT_001fc628");		data.s
DAT_001fc62c	0x1fc62c	__DATA,__common	undefined4	4	extern unsigned int DAT_001fc62c asm("DAT_001fc62c");		data.s
DAT_001fc630	0x1fc630	__DATA,__common	undefined4	4	extern unsigned int DAT_001fc630 asm("DAT_001fc630");		data.s
DAT_001fc634	0x1fc634	__DATA,__common	undefined4	4	extern unsigned int DAT_001fc634 asm("DAT_001fc634");		data.s
DAT_001fc638	0x1fc638	__DATA,__common	undefined4	4	extern unsigned int DAT_001fc638 asm("DAT_001fc638");		data.s
DAT_001fc63c	0x1fc63c	__DATA,__common	undefined4	4	extern unsigned int DAT_001fc63c asm("DAT_001fc63c");		data.s
DAT_001fc640	0x1fc640	__DATA,__common	undefined4	4	extern unsigned int DAT_001fc640 asm("DAT_001fc640");		data.s
DAT_001fc644	0x1fc644	__DATA,__common	undefined4	4	extern unsigned int DAT_001fc644 asm("DAT_001fc644");		data.s
DAT_001fc648	0x1fc648	__DATA,__common	undefined4	4	extern unsigned int DAT_001fc648 asm("DAT_001fc648");		data.s
DAT_001fc64c	0x1fc64c	__DATA,__common	undefined4	4	extern unsigned int DAT_001fc64c asm("DAT_001fc64c");		data.s
DAT_001fc650	0x1fc650	__DATA,__common	undefined4	4	extern unsigned int DAT_001fc650 asm("DAT_001fc650");		data.s
DAT_001fc654	0x1fc654	__DATA,__common	undefined4	4	extern unsigned int DAT_001fc654 asm("DAT_001fc654");		data.s
DAT_001fc658	0x1fc658	__DATA,__common	undefined4	4	extern unsigned int DAT_001fc658 asm("DAT_001fc658");		data.s
DAT_001fc65c	0x1fc65c	__DATA,__common	undefined4	4	extern unsigned int DAT_001fc65c asm("DAT_001fc65c");		data.s
DAT_001fc660	0x1fc660	__DATA,__common	undefined4	4	extern unsigned int DAT_001fc660 asm("DAT_001fc660");		data.s
DAT_001fc664	0x1fc664	__DATA,__common	undefined4	4	extern unsigned int DAT_001fc664 asm("DAT_001fc664");		data.s
DAT_001fc668	0x1fc668	__DATA,__common	undefined4	4	extern unsigned int DAT_001fc668 asm("DAT_001fc668");		data.s
DAT_001fc66c	0x1fc66c	__DATA,__common	undefined4	4	extern unsigned int DAT_001fc66c asm("DAT_001fc66c");		data.s
DAT_001fc670	0x1fc670	__DATA,__common	undefined4	4	extern unsigned int DAT_001fc670 asm("DAT_001fc670");		data.s
DAT_001fc674	0x1fc674	__DATA,__common	undefined4	4	extern unsigned int DAT_001fc674 asm("DAT_001fc674");		data.s
DAT_001fc678	0x1fc678	__DATA,__common	undefined4	4	extern unsigned int DAT_001fc678 asm("DAT_001fc678");		data.s
DAT_001fc67c	0x1fc67c	__DATA,__common	undefined4	4	extern unsigned int DAT_001fc67c asm("DAT_001fc67c");		data.s
DAT_001fc680	0x1fc680	__DATA,__common	undefined4	4	extern unsigned int DAT_001fc680 asm("DAT_001fc680");		data.s
DAT_001fc684	0x1fc684	__DATA,__common	undefined4	4	extern unsigned int DAT_001fc684 asm("DAT_001fc684");		data.s
DAT_001fc688	0x1fc688	__DATA,__common	undefined4	4	extern unsigned int DAT_001fc688 asm("DAT_001fc688");		data.s
DAT_001fc68c	0x1fc68c	__DATA,__common	undefined4	4	extern unsigned int DAT_001fc68c asm("DAT_001fc68c");		data.s
DAT_001fc690	0x1fc690	__DATA,__common	undefined4	4	extern unsigned int DAT_001fc690 asm("DAT_001fc690");		data.s
DAT_001fc694	0x1fc694	__DATA,__common	undefined4	4	extern unsigned int DAT_001fc694 asm("DAT_001fc694");		data.s
DAT_001fc698	0x1fc698	__DATA,__common	undefined4	4	extern unsigned int DAT_001fc698 asm("DAT_001fc698");		data.s
DAT_001fc69c	0x1fc69c	__DATA,__common	undefined4	4	extern unsigned int DAT_001fc69c asm("DAT_001fc69c");		data.s
DAT_001fc6a0	0x1fc6a0	__DATA,__common	undefined4	4	extern unsigned int DAT_001fc6a0 asm("DAT_001fc6a0");		data.s
DAT_001fc6a4	0x1fc6a4	__DATA,__common	undefined4	4	extern unsigned int DAT_001fc6a4 asm("DAT_001fc6a4");		data.s
DAT_001fc6a8	0x1fc6a8	__DATA,__common	undefined4	4	extern unsigned int DAT_001fc6a8 asm("DAT_001fc6a8");		data.s
DAT_001fc6ac	0x1fc6ac	__DATA,__common	undefined4	4	extern unsigned int DAT_001fc6ac asm("DAT_001fc6ac");		data.s
DAT_001fc6b0	0x1fc6b0	__DATA,__common	undefined4	4	extern unsigned int DAT_001fc6b0 asm("DAT_001fc6b0");		data.s
DAT_001fc6b4	0x1fc6b4	__DATA,__common	undefined4	4	extern unsigned int DAT_001fc6b4 asm("DAT_001fc6b4");		data.s
DAT_001fc6b8	0x1fc6b8	__DATA,__common	undefined4	4	extern unsigned int DAT_001fc6b8 asm("DAT_001fc6b8");		data.s
DAT_001fc6bc	0x1fc6bc	__DATA,__common	undefined4	4	extern unsigned int DAT_001fc6bc asm("DAT_001fc6bc");		data.s
DAT_001fc6c0	0x1fc6c0	__DATA,__common	undefined4	4	extern unsigned int DAT_001fc6c0 asm("DAT_001fc6c0");		data.s
DAT_001fc6c4	0x1fc6c4	__DATA,__common	undefined4	4	extern unsigned int DAT_001fc6c4 asm("DAT_001fc6c4");		data.s
DAT_001fc6c8	0x1fc6c8	__DATA,__common	undefined4	4	extern unsigned int DAT_001fc6c8 asm("DAT_001fc6c8");		data.s
DAT_001fc6cc	0x1fc6cc	__DATA,__common	undefined4	4	extern unsigned int DAT_001fc6cc asm("DAT_001fc6cc");		data.s
DAT_001fc6d0	0x1fc6d0	__DATA,__common	undefined4	4	extern unsigned int DAT_001fc6d0 asm("DAT_001fc6d0");		data.s
DAT_001fc6d4	0x1fc6d4	__DATA,__common	undefined4	4	extern unsigned int DAT_001fc6d4 asm("DAT_001fc6d4");		data.s
DAT_001fc6d8	0x1fc6d8	__DATA,__common	undefined4	4	extern unsigned int DAT_001fc6d8 asm("DAT_001fc6d8");		data.s
DAT_001fc6dc	0x1fc6dc	__DATA,__common	undefined4	4	extern unsigned int DAT_001fc6dc asm("DAT_001fc6dc");		data.s
