0xa6e	17	FUN_00000a6e	part_000	converted
0xa7f	68	FUN_00000a7f	part_000	converted
0xac3	117	FUN_00000ac3	part_000	converted
0xb38	365	FUN_00000b38	part_000	converted
0xca5	153	FUN_00000ca5	part_000	converted
0xd3e	188	FUN_00000d3e	part_000	converted
0xdfa	209	FUN_00000dfa	part_000	converted
0xecb	406	FUN_00000ecb	part_000	converted
0x1061	45	FUN_00001061	part_000	converted
0x108e	54	FUN_0000108e	part_000	converted
0x10c4	680	FUN_000010c4	part_000	converted
0x136c	13520	FUN_0000136c	part_000	converted
0x4854	1379	_gldSetInteger	part_000	converted
0x4db7	421	_gldGetInteger	part_000	converted
0x5002	64	_gldCreateBuffer	part_000	converted
0x5042	224	FUN_00005042	part_000	converted
0x5122	125	FUN_00005122	part_000	converted
0x519f	96	_gldFlushBuffer	part_000	converted
0x51ff	50	_gldGetMemoryPluginData	part_000	converted
0x5231	57	_gldSetMemoryPluginData	part_000	converted
0x526a	190	_gldFinishMemoryPluginData	part_000	converted
0x5328	88	_gldTestMemoryPluginData	part_000	converted
0x5380	171	_gldDestroyMemoryPluginData	part_000	converted
0x542b	181	_gldReclaimBuffer	part_000	converted
0x54e0	41	_gldDestroyBuffer	part_000	converted
0x5509	287	FUN_00005509	part_000	converted
0x5628	302	FUN_00005628	part_000	converted
0x5756	1936	_gldCreateContext	part_000	converted
0x5ee6	158	_gldDestroyContext	part_000	converted
0x5f84	122	_gldCreateShared	part_000	converted
0x5ffe	57	_gldDestroyShared	part_000	converted
0x6037	142	_gldReclaimContext	part_000	converted
0x60c5	112	FUN_000060c5	part_000	converted
0x6135	2377	_gldAttachDrawable	part_000	converted
0x6a7e	27	FUN_00006a7e	part_000	converted
0x6a99	24	_gldGetError	part_000	converted
0x6ab1	423	_gldCreateFence	part_000	converted
0x6c58	57	_gldDestroyFence	part_000	converted
0x6c91	187	_gldTestObject	part_000	converted
0x6d4c	260	_gldFinishObject	part_000	converted
0x6e50	70	_gldCreateFramebuffer	part_000	converted
0x6e96	5	_gldReclaimFramebuffer	part_000	converted
0x6e9b	74	_gldDestroyFramebuffer	part_000	converted
0x6ee5	205	FUN_00006ee5	part_000	converted
0x6fb4	191	FUN_00006fb4	part_000	converted
0x7073	93	FUN_00007073	part_000	converted
0x70d0	98	FUN_000070d0	part_000	converted
0x7132	1975	_gldChoosePixelFormat	part_000	converted
0x7d36	31	_gldDestroyPixelFormat	part_000	converted
0x7d55	430	_gldGetRendererInfo	part_000	converted
0x7f03	112	_gldInitializeLibrary	part_000	converted
0x7f73	57	_gldTerminateLibrary	part_000	converted
0x7fac	19	_gldIsTextureResident	part_000	converted
0x7fbf	152	_gldCreateTexture	part_000	converted
0x8057	51	_gldCreateTextureLevel	part_000	converted
0x808a	20	_gldModifyTexture	part_000	converted
0x809e	116	_gldModifyTextureLevel	part_000	converted
0x8112	434	_gldGetTextureLevelInfo	part_000	converted
0x82c4	180	_gldDeleteTextureLevel	part_000	converted
0x8378	352	_gldReclaimTexture	part_000	converted
0x84d8	41	_gldDeleteTexture	part_001	converted
0x8504	47	_gldCreatePipelineProgram	part_001	converted
0x8533	34	_gldModifyPipelineProgram	part_001	converted
0x8555	71	_gldRelatePipelineProgram	part_001	converted
0x859c	42	_gldGetPipelineProgramInfo	part_001	converted
0x85c6	76	_gldDestroyPipelineProgram	part_001	converted
0x8612	132	FUN_00008612	part_001	converted
0x8696	1166	FUN_00008696	part_001	converted
0x8bbb	47	FUN_00008bbb	part_001	converted
0x8bea	129	FUN_00008bea	part_001	converted
0x8c6b	57	_gldDestroyQuery	part_001	converted
0x8ca4	128	FUN_00008ca4	part_001	converted
0x8d24	233	FUN_00008d24	part_001	converted
0x8e0d	621	_gldCreateQuery	part_001	converted
0x907a	78	FUN_0000907a	part_001	converted
0x90c8	55	FUN_000090c8	part_001	converted
0x90ff	102	FUN_000090ff	part_001	converted
0x9165	312	FUN_00009165	part_001	converted
0x92a0	153	FUN_000092a0	part_001	converted
0x9369	549	FUN_00009369	part_001	converted
0x958e	98	FUN_0000958e	part_001	converted
0x95f0	264	FUN_000095f0	part_001	converted
0x96f8	355	FUN_000096f8	part_001	converted
0x985b	232	FUN_0000985b	part_001	converted
0x9943	5	FUN_00009943	part_001	converted
0x9948	5	FUN_00009948	part_001	converted
0x994d	218	FUN_0000994d	part_001	converted
0x9a27	119	FUN_00009a27	part_001	converted
0x9a9e	517	FUN_00009a9e	part_001	converted
0x9ca3	535	FUN_00009ca3	part_001	converted
0x9eba	254	FUN_00009eba	part_001	converted
0x9fb8	266	FUN_00009fb8	part_001	converted
0xa0c2	288	FUN_0000a0c2	part_001	converted
0xa1e2	252	FUN_0000a1e2	part_001	converted
0xa2de	46	_gldCreateVertexArray	part_001	converted
0xa30c	48	_gldFlushVertexArray	part_001	converted
0xa33c	268	FUN_0000a33c	part_001	converted
0xa448	221	FUN_0000a448	part_001	converted
0xa525	122	FUN_0000a525	part_001	converted
0xa59f	218	_gldModifyVertexArray	part_001	converted
0xa679	189	_gldReclaimVertexArray	part_001	converted
0xa736	41	_gldDestroyVertexArray	part_001	converted
0xa75f	273	FUN_0000a75f	part_001	converted
0xa870	292	FUN_0000a870	part_001	converted
0xa994	150	FUN_0000a994	part_001	converted
0xaa2a	1258	FUN_0000aa2a	part_001	converted
0xaf14	664	FUN_0000af14	part_001	converted
0xb1ac	93	FUN_0000b1ac	part_001	converted
0xb209	172	FUN_0000b209	part_001	converted
0xb2b5	165	FUN_0000b2b5	part_001	converted
0xb35a	542	FUN_0000b35a	part_001	converted
0xb578	103	FUN_0000b578	part_001	converted
0xb5df	615	FUN_0000b5df	part_001	converted
0xb846	220	FUN_0000b846	part_001	converted
0xb922	2151	FUN_0000b922	part_001	converted
0xc1a9	424	FUN_0000c1a9	part_001	converted
0xc351	2970	FUN_0000c351	part_001	converted
0xcf2d	628	FUN_0000cf2d	part_001	converted
0xd1c2	11074	FUN_0000d1c2	part_001	converted
0x1405a	2871	FUN_0001405a	part_001	converted
0x14b91	215	FUN_00014b91	part_002	converted
0x14c68	90	FUN_00014c68	part_002	converted
0x14cc2	224	FUN_00014cc2	part_002	converted
0x14da2	143	FUN_00014da2	part_002	converted
0x14e31	1092	FUN_00014e31	part_002	converted
0x15275	22	FUN_00015275	part_002	converted
0x1528b	869	FUN_0001528b	part_002	converted
0x155f0	180	FUN_000155f0	part_002	converted
0x156a4	696	FUN_000156a4	part_002	converted
0x1595c	165	FUN_0001595c	part_002	converted
0x15a01	387	FUN_00015a01	part_002	converted
0x15b84	81	FUN_00015b84	part_002	converted
0x15bd5	2328	FUN_00015bd5	part_002	converted
0x164ed	4217	FUN_000164ed	part_002	converted
0x17566	152	FUN_00017566	part_002	converted
0x175fe	149	FUN_000175fe	part_002	converted
0x17693	176	FUN_00017693	part_002	converted
0x17743	304	FUN_00017743	part_002	converted
0x17873	339	FUN_00017873	part_002	converted
0x179c6	530	FUN_000179c6	part_002	converted
0x17bd8	131	FUN_00017bd8	part_002	converted
0x17c5b	28	FUN_00017c5b	part_002	converted
0x17c77	368	FUN_00017c77	part_002	converted
0x17de7	635	FUN_00017de7	part_002	converted
0x18062	229	FUN_00018062	part_002	converted
0x18147	46	_gldFlush	part_002	converted
0x18175	109	_gldFinish	part_002	converted
0x181e2	156	FUN_000181e2	part_002	converted
0x1827e	693	FUN_0001827e	part_002	converted
0x18533	635	FUN_00018533	part_002	converted
0x187ae	390	FUN_000187ae	part_002	converted
0x18934	919	FUN_00018934	part_002	converted
0x18ccb	59	FUN_00018ccb	part_002	converted
0x18d08	19	_gldFreeVertexBuffer	part_002	converted
0x18d1b	5	_gldCompleteVertexBuffer	part_002	converted
0x18d20	82	_gldAllocVertexBuffer	part_002	converted
0x19040	32	FUN_00019040	part_002	converted
0x19060	5	FUN_00019060	part_002	converted
0x19065	10	FUN_00019065	part_002	converted
0x1906f	1199	FUN_0001906f	part_002	converted
0x19607	786	FUN_00019607	part_002	converted
0x1991c	806	FUN_0001991c	part_002	converted
0x19c42	494	FUN_00019c42	part_002	converted
0x19e30	4722	FUN_00019e30	part_002	converted
0x1b0a2	1601	FUN_0001b0a2	part_002	converted
0x1b725	153	FUN_0001b725	part_002	converted
0x1b7c0	782	FUN_0001b7c0	part_002	converted
0x1bace	241	FUN_0001bace	part_002	converted
0x1bbbf	1059	FUN_0001bbbf	part_002	converted
0x1bfe2	100	FUN_0001bfe2	part_002	converted
0x1c046	501	_gldPageoffBuffer	part_002	converted
0x1c23b	7	FUN_0001c23b	part_002	converted
0x1c242	1155	FUN_0001c242	part_002	converted
0x1c6c5	335	FUN_0001c6c5	part_002	converted
0x1c814	3759	FUN_0001c814	part_002	converted
0x1d6e9	1315	FUN_0001d6e9	part_002	converted
0x1dc89	296	FUN_0001dc89	part_002	converted
0x1ddb1	155	FUN_0001ddb1	part_002	converted
0x1de4c	1838	FUN_0001de4c	part_002	converted
0x1e57a	67	FUN_0001e57a	part_002	converted
0x1e5bd	534	FUN_0001e5bd	part_003	converted
0x1e7d3	4176	FUN_0001e7d3	part_003	converted
0x1f823	1788	FUN_0001f823	part_003	converted
0x1ff24	2725	_gldUpdateDispatch	part_003	converted
0x209c9	356	_gldInitDispatch	part_003	converted
0x20b2d	482	FUN_00020b2d	part_003	converted
0x20d0f	1795	FUN_00020d0f	part_003	converted
0x21412	8	FUN_00021412	part_003	converted
0x2141a	349	FUN_0002141a	part_003	converted
0x21577	388	FUN_00021577	part_003	converted
0x216fb	1803	FUN_000216fb	part_003	converted
0x21e06	285	FUN_00021e06	part_003	converted
0x21f23	100	FUN_00021f23	part_003	converted
0x21f87	100	FUN_00021f87	part_003	converted
0x21feb	107	FUN_00021feb	part_003	converted
0x22056	100	FUN_00022056	part_003	converted
0x220ba	100	FUN_000220ba	part_003	converted
0x2211e	100	FUN_0002211e	part_003	converted
0x22182	95	FUN_00022182	part_003	converted
0x221e1	95	FUN_000221e1	part_003	converted
0x22240	92	FUN_00022240	part_003	converted
0x2229c	95	FUN_0002229c	part_003	converted
0x222fb	92	FUN_000222fb	part_003	converted
0x22357	96	FUN_00022357	part_003	converted
0x223b7	96	FUN_000223b7	part_003	converted
0x22417	1430	FUN_00022417	part_003	converted
0x229b0	17	FUN_000229b0	part_003	converted
0x229c1	5	FUN_000229c1	part_003	converted
0x229c6	5	FUN_000229c6	part_003	converted
0x229cb	3072	FUN_000229cb	part_003	converted
0x2366c	417	FUN_0002366c	part_003	converted
0x2380d	229	FUN_0002380d	part_003	converted
0x238f2	1443	FUN_000238f2	part_003	converted
0x23e95	462	FUN_00023e95	part_003	converted
0x24063	578	FUN_00024063	part_003	converted
0x242a5	354	FUN_000242a5	part_003	converted
0x24498	1021	FUN_00024498	part_003	converted
0x24895	476	FUN_00024895	part_003	converted
0x24a71	625	FUN_00024a71	part_003	converted
0x24ce2	1430	FUN_00024ce2	part_003	converted
0x25278	2678	FUN_00025278	part_003	converted
0x25ded	4340	FUN_00025ded	part_003	converted
0x26ee1	3037	FUN_00026ee1	part_003	converted
0x27abe	2035	FUN_00027abe	part_003	converted
0x282b1	354	FUN_000282b1	part_003	converted
0x28413	4760	FUN_00028413	part_003	converted
0x296ab	5	FUN_000296ab	part_003	converted
0x296b0	322	FUN_000296b0	part_003	converted
0x297f2	375	_gldGetQueryInfo	part_003	converted
0x29969	159	FUN_00029969	part_003	converted
0x29a08	828	FUN_00029a08	part_003	converted
0x29d44	480	FUN_00029d44	part_003	converted
0x29f24	63	FUN_00029f24	part_003	converted
0x29f63	20	FUN_00029f63	part_003	converted
0x29f77	14	FUN_00029f77	part_003	converted
0x29f85	5	FUN_00029f85	part_003	converted
0x29f8a	26	FUN_00029f8a	part_003	converted
0x29fa4	109	FUN_00029fa4	part_003	converted
0x2a011	130	FUN_0002a011	part_003	converted
0x2a0bb	103	FUN_0002a0bb	part_003	converted
0x2a122	157	FUN_0002a122	part_004	converted
0x2a1bf	146	FUN_0002a1bf	part_004	converted
0x2a251	1226	FUN_0002a251	part_004	converted
0x2a71b	161	FUN_0002a71b	part_004	converted
0x2a7bc	701	FUN_0002a7bc	part_004	converted
0x2aa79	207	FUN_0002aa79	part_004	converted
0x2ab48	46	FUN_0002ab48	part_004	converted
0x2ab76	241	FUN_0002ab76	part_004	converted
0x2ac68	210	FUN_0002ac68	part_004	converted
0x2ad3a	476	FUN_0002ad3a	part_004	converted
0x2af16	361	FUN_0002af16	part_004	converted
0x2b07f	112	FUN_0002b07f	part_004	converted
0x2b0ef	819	FUN_0002b0ef	part_004	converted
0x2bc75	183	FUN_0002bc75	part_004	converted
0x2bd2c	2471	FUN_0002bd2c	part_004	converted
0x2c8e0	733	FUN_0002c8e0	part_004	converted
0x2cbbd	1450	FUN_0002cbbd	part_004	converted
0x2d168	37	FUN_0002d168	part_004	converted
0x2d1fb	651	FUN_0002d1fb	part_004	converted
0x2d486	642	FUN_0002d486	part_004	converted
0x2d708	2046	FUN_0002d708	part_004	converted
0x2df06	54	FUN_0002df06	part_004	converted
0x2df3c	559	FUN_0002df3c	part_004	converted
0x2e16b	456	FUN_0002e16b	part_004	converted
0x2e333	120	FUN_0002e333	part_004	converted
0x2e3ab	106	FUN_0002e3ab	part_004	converted
0x2e415	134	FUN_0002e415	part_004	converted
0x2e49b	29	FUN_0002e49b	part_004	converted
0x2e4b8	129	FUN_0002e4b8	part_004	converted
0x2e539	29	FUN_0002e539	part_004	converted
0x2e556	142	FUN_0002e556	part_004	converted
0x2e5e4	183	FUN_0002e5e4	part_004	converted
0x2e69b	586	FUN_0002e69b	part_004	converted
0x2e8e5	69	FUN_0002e8e5	part_004	converted
0x2e92a	439	FUN_0002e92a	part_004	converted
0x2eae1	163	FUN_0002eae1	part_004	converted
0x2eb84	222	FUN_0002eb84	part_004	converted
0x2ec62	1569	FUN_0002ec62	part_004	converted
0x2f283	195	_gldGetTextureLevel	part_004	converted
0x2f346	2670	FUN_0002f346	part_004	converted
0x2fdb4	10558	FUN_0002fdb4	part_004	converted
0x326f2	66	FUN_000326f2	part_004	converted
0x32734	5401	FUN_00032734	part_004	converted
0x33c4d	6532	FUN_00033c4d	part_004	converted
0x355d1	11991	FUN_000355d1	part_004	converted
0x384a8	176	FUN_000384a8	part_004	converted
0x38558	16	FUN_00038558	part_004	converted
0x38568	67	_gldGetVersion	part_004	converted
0x385ab	36	_gldGetString	part_004	converted
0x38644	769	FUN_00038644	part_004	converted
0x38945	1161	FUN_00038945	part_004	converted
0x38dce	770	FUN_00038dce	part_004	converted
0x390d0	770	FUN_000390d0	part_004	converted
0x393d2	770	FUN_000393d2	part_004	converted
0x396d4	770	FUN_000396d4	part_004	converted
0x399d6	770	FUN_000399d6	part_004	converted
0x39cd8	770	FUN_00039cd8	part_004	converted
0x39fda	770	FUN_00039fda	part_004	converted
0x3a2dc	769	FUN_0003a2dc	part_004	converted
0x3a5dd	311	FUN_0003a5dd	part_004	converted
0x3a714	750	FUN_0003a714	part_005	converted
0x3aa02	68	FUN_0003aa02	part_005	converted
0x3aa46	706	FUN_0003aa46	part_005	converted
0x3ad08	824	FUN_0003ad08	part_005	converted
0x3b82e	133	FUN_0003b82e	part_005	converted
0x3b8b3	2832	FUN_0003b8b3	part_005	converted
0x3cca2	1155	FUN_0003cca2	part_005	converted
0x3d90a	148	FUN_0003d90a	part_005	converted
0x3d99e	159	FUN_0003d99e	part_005	converted
0x3da3d	115	FUN_0003da3d	part_005	converted
0x3dab0	82	FUN_0003dab0	part_005	converted
0x3db02	120	FUN_0003db02	part_005	converted
0x3db7a	17	FUN_0003db7a	part_005	converted
0x3db8b	305	FUN_0003db8b	part_005	converted
0x3dcbc	1685	FUN_0003dcbc	part_005	converted
0x3e351	344	FUN_0003e351	part_005	converted
0x3e4ac	101	FUN_0003e4ac	part_005	converted
0x3e511	47	FUN_0003e511	part_005	converted
0x3e540	188	FUN_0003e540	part_005	converted
0x3e5fc	89	FUN_0003e5fc	part_005	converted
0x3e655	198	FUN_0003e655	part_005	converted
0x3e71b	158	FUN_0003e71b	part_005	converted
0x3e7b9	277	FUN_0003e7b9	part_005	converted
0x3e8ce	811	FUN_0003e8ce	part_005	converted
0x3ec89	281	FUN_0003ec89	part_005	converted
0x3eda2	18	FUN_0003eda2	part_005	converted
0x3edb4	63	FUN_0003edb4	part_005	converted
0x3edf3	170	FUN_0003edf3	part_005	converted
0x3ee9d	179	FUN_0003ee9d	part_005	converted
0x3ef50	283	FUN_0003ef50	part_005	converted
0x3f06b	515	FUN_0003f06b	part_005	converted
0x3f26e	292	FUN_0003f26e	part_005	converted
0x3f392	379	FUN_0003f392	part_005	converted
0x3f50d	456	FUN_0003f50d	part_005	converted
0x3f6d5	360	FUN_0003f6d5	part_005	converted
0x3f83d	1912	FUN_0003f83d	part_005	converted
0x3ffb5	27	FUN_0003ffb5	part_005	converted
0x3ffd0	2182	FUN_0003ffd0	part_005	converted
0x40856	425	FUN_00040856	part_005	converted
0x409ff	439	FUN_000409ff	part_005	converted
0x40bb6	983	FUN_00040bb6	part_005	converted
0x40f8d	3721	FUN_00040f8d	part_005	converted
0x41e16	3386	FUN_00041e16	part_005	converted
0x42b50	265	FUN_00042b50	part_005	converted
0x42c59	911	FUN_00042c59	part_005	converted
0x42fe8	299	FUN_00042fe8	part_005	converted
0x43113	1233	FUN_00043113	part_005	converted
0x435e4	342	FUN_000435e4	part_005	converted
0x4373a	2981	FUN_0004373a	part_005	converted
0x442df	2438	FUN_000442df	part_005	converted
0x44c65	1386	FUN_00044c65	part_005	converted
0x451cf	448	FUN_000451cf	part_005	converted
0x4538f	1018	FUN_0004538f	part_005	converted
0x45789	9082	FUN_00045789	part_005	converted
0x47b03	6268	FUN_00047b03	part_005	converted
0x4951b	81	FUN_0004951b	part_005	converted
0x4956c	55	FUN_0004956c	part_005	converted
0x495a3	85	FUN_000495a3	part_005	converted
0x495f8	99	FUN_000495f8	part_005	converted
0x4965b	85	FUN_0004965b	part_005	converted
0x496b0	110	FUN_000496b0	part_006	converted
0x4971e	205	FUN_0004971e	part_006	converted
0x497eb	317	FUN_000497eb	part_006	converted
0x49928	1525	FUN_00049928	part_006	converted
0x49f1d	607	FUN_00049f1d	part_006	converted
0x4a17c	128	FUN_0004a17c	part_006	converted
0x4a1fc	118	FUN_0004a1fc	part_006	converted
0x4a272	229	FUN_0004a272	part_006	converted
0x4a357	192	FUN_0004a357	part_006	converted
0x4a417	328	FUN_0004a417	part_006	converted
0x4a55f	542	FUN_0004a55f	part_006	converted
0x4a77d	1343	FUN_0004a77d	part_006	converted
0x4acbc	395	FUN_0004acbc	part_006	converted
0x4ae47	5	FUN_0004ae47	part_006	converted
0x4ae4c	25	FUN_0004ae4c	part_006	converted
0x4ae65	38	FUN_0004ae65	part_006	converted
0x4ae8b	851	FUN_0004ae8b	part_006	converted
0x4b1de	421	FUN_0004b1de	part_006	converted
0x4b383	1923	FUN_0004b383	part_006	converted
0x4bb08	625	FUN_0004bb08	part_006	converted
0x4bd9c	1142	FUN_0004bd9c	part_006	converted
0x4c212	310	FUN_0004c212	part_006	converted
0x4c348	878	FUN_0004c348	part_006	converted
0x4c6b6	356	FUN_0004c6b6	part_006	converted
0x4c81a	43	FUN_0004c81a	part_006	converted
0x4c845	281	FUN_0004c845	part_006	converted
0x4c95e	38	FUN_0004c95e	part_006	converted
0x4c984	117	FUN_0004c984	part_006	converted
0x4c9f9	80	FUN_0004c9f9	part_006	converted
0x4ca49	149	FUN_0004ca49	part_006	converted
0x4cade	2646	FUN_0004cade	part_006	converted
0x4d534	216	FUN_0004d534	part_006	converted
0x4d60c	168	FUN_0004d60c	part_006	converted
0x4d6b4	236	FUN_0004d6b4	part_006	converted
0x4d7a0	376	FUN_0004d7a0	part_006	converted
0x4d918	691	FUN_0004d918	part_006	converted
0x4dbcb	198	FUN_0004dbcb	part_006	converted
0x4dc91	353	FUN_0004dc91	part_006	converted
0x4ddf2	603	FUN_0004ddf2	part_006	converted
0x4e04d	397	FUN_0004e04d	part_006	converted
0x4e1da	2093	FUN_0004e1da	part_006	converted
0x4ea07	356	FUN_0004ea07	part_006	converted
0x4eb6b	528	FUN_0004eb6b	part_006	converted
0x4ed7b	420	FUN_0004ed7b	part_006	converted
0x4ef3c	436	FUN_0004ef3c	part_006	converted
0x4f0f0	3112	FUN_0004f0f0	part_006	converted
0x4fd18	273	FUN_0004fd18	part_006	converted
0x4fe29	1145	FUN_0004fe29	part_006	converted
0x502a2	3258	FUN_000502a2	part_006	converted
0x50f9f	393	FUN_00050f9f	part_006	converted
0x51128	2692	FUN_00051128	part_006	converted
0x51bac	333	FUN_00051bac	part_006	converted
0x51cf9	9	FUN_00051cf9	part_006	converted
0x51d02	107	FUN_00051d02	part_006	converted
0x51d6d	102	FUN_00051d6d	part_006	converted
0x51dd3	108	FUN_00051dd3	part_006	converted
0x51e3f	37	FUN_00051e3f	part_006	converted
0x51e64	21	FUN_00051e64	part_006	converted
0x51e79	5	FUN_00051e79	part_006	converted
0x51e7e	39	FUN_00051e7e	part_006	converted
0x51ea5	22	FUN_00051ea5	part_007	converted
0x51ebb	199	FUN_00051ebb	part_007	converted
0x51f82	75	FUN_00051f82	part_007	converted
0x51fcd	247	FUN_00051fcd	part_007	converted
0x520c4	331	FUN_000520c4	part_007	converted
0x5220f	244	FUN_0005220f	part_007	converted
0x52303	29	FUN_00052303	part_007	converted
0x52320	47	FUN_00052320	part_007	converted
0x5234f	113	FUN_0005234f	part_007	converted
0x523c0	115	FUN_000523c0	part_007	converted
0x52433	103	FUN_00052433	part_007	converted
0x5249a	238	FUN_0005249a	part_007	converted
0x52588	136	FUN_00052588	part_007	converted
0x52610	155	FUN_00052610	part_007	converted
0x526ab	67	FUN_000526ab	part_007	converted
0x526ee	65	FUN_000526ee	part_007	converted
0x5272f	549	FUN_0005272f	part_007	converted
0x52954	9	FUN_00052954	part_007	converted
0x5295d	25	FUN_0005295d	part_007	converted
0x52976	280	FUN_00052976	part_007	converted
0x52a8e	18	FUN_00052a8e	part_007	converted
0x52aa0	113	FUN_00052aa0	part_007	converted
0x52b11	112	FUN_00052b11	part_007	converted
0x52b81	111	FUN_00052b81	part_007	converted
0x52bf0	241	FUN_00052bf0	part_007	converted
0x52ce1	164	FUN_00052ce1	part_007	converted
0x52d85	303	FUN_00052d85	part_007	converted
0x52eb4	160	FUN_00052eb4	part_007	converted
0x52f54	39	FUN_00052f54	part_007	converted
0x52f7b	191	FUN_00052f7b	part_007	converted
0x5303a	295	FUN_0005303a	part_007	converted
0x53161	189	FUN_00053161	part_007	converted
0x5321e	243	FUN_0005321e	part_007	converted
0x53311	56	FUN_00053311	part_007	converted
0x53349	201	FUN_00053349	part_007	converted
0x53412	58	FUN_00053412	part_007	converted
0x5344c	227	FUN_0005344c	part_007	converted
0x5352f	363	FUN_0005352f	part_007	converted
0x5369a	26	FUN_0005369a	part_007	converted
0x536b4	324	FUN_000536b4	part_007	converted
0x537f8	412	FUN_000537f8	part_007	converted
0x53994	171	FUN_00053994	part_007	converted
0x53a3f	164	FUN_00053a3f	part_007	converted
0x53ae3	120	FUN_00053ae3	part_007	converted
0x53b5b	497	FUN_00053b5b	part_007	converted
0x53d4c	903	FUN_00053d4c	part_007	converted
0x540d3	38	FUN_000540d3	part_007	converted
0x540f9	250	FUN_000540f9	part_007	converted
0x541f3	325	FUN_000541f3	part_007	converted
0x54338	118	FUN_00054338	part_007	converted
0x543b0	1456	FUN_000543b0	part_007	converted
0x54960	1334	FUN_00054960	part_007	converted
0x54e96	42	FUN_00054e96	part_007	converted
0x54ec0	679	FUN_00054ec0	part_007	converted
0x55167	1117	FUN_00055167	part_007	converted
0x555c4	1489	FUN_000555c4	part_007	converted
0x55c4a	112	FUN_00055c4a	part_007	converted
0x55cba	270	FUN_00055cba	part_007	converted
0x55dc8	1726	FUN_00055dc8	part_007	converted
0x56486	292	FUN_00056486	part_007	converted
0x565aa	847	FUN_000565aa	part_008	converted
0x568f9	789	FUN_000568f9	part_008	converted
0x56c0e	789	FUN_00056c0e	part_008	converted
0x56f23	789	FUN_00056f23	part_008	converted
0x57238	2616	FUN_00057238	part_008	converted
0x57c70	240	FUN_00057c70	part_008	converted
0x57d60	789	FUN_00057d60	part_008	converted
0x58075	789	FUN_00058075	part_008	converted
0x5838a	789	FUN_0005838a	part_008	converted
0x5869f	789	FUN_0005869f	part_008	converted
0x589b4	1112	FUN_000589b4	part_008	converted
0x58e0c	462	FUN_00058e0c	part_008	converted
0x58fda	982	FUN_00058fda	part_008	converted
0x593b0	240	FUN_000593b0	part_008	converted
0x594a0	240	FUN_000594a0	part_008	converted
0x59590	789	FUN_00059590	part_008	converted
0x598a5	240	FUN_000598a5	part_008	converted
0x59995	240	FUN_00059995	part_008	converted
0x59a85	981	FUN_00059a85	part_008	converted
0x59e5a	2195	FUN_00059e5a	part_008	converted
0x5a6ed	1527	FUN_0005a6ed	part_008	converted
0x5ace4	284	FUN_0005ace4	part_008	converted
0x5ae00	1176	FUN_0005ae00	part_008	converted
0x5b34f	355	FUN_0005b34f	part_008	converted
0x5b4b2	358	FUN_0005b4b2	part_008	converted
0x5b618	659	FUN_0005b618	part_008	converted
0x5b8ab	341	FUN_0005b8ab	part_008	converted
0x5ba00	789	FUN_0005ba00	part_008	converted
0x5bd15	293	FUN_0005bd15	part_008	converted
0x5be3a	293	FUN_0005be3a	part_008	converted
0x5bf5f	240	FUN_0005bf5f	part_008	converted
0x5c04f	1818	FUN_0005c04f	part_008	converted
0x5c769	80	FUN_0005c769	part_008	converted
0x5c7b9	3581	FUN_0005c7b9	part_008	converted
0x5d687	587	FUN_0005d687	part_008	converted
0x5d8d2	10051	FUN_0005d8d2	part_008	converted
0x60018	176	FUN_00060018	part_008	converted
0x600c8	604	FUN_000600c8	part_008	converted
0x60324	236	FUN_00060324	part_008	converted
0x60410	137	FUN_00060410	part_008	converted
0x60499	52	FUN_00060499	part_008	converted
0x604cd	82	FUN_000604cd	part_008	converted
0x6051f	48	FUN_0006051f	part_008	converted
0x6054f	94	FUN_0006054f	part_008	converted
0x605ad	66	FUN_000605ad	part_008	converted
0x605ef	55	FUN_000605ef	part_008	converted
0x60626	606	FUN_00060626	part_008	converted
0x60884	296	FUN_00060884	part_008	converted
0x609ac	239	FUN_000609ac	part_008	converted
0x60aa0	69	FUN_00060aa0	part_008	converted
0x60ae5	5398	FUN_00060ae5	part_008	converted
0x61ffb	209	FUN_00061ffb	part_008	converted
0x62125	1044	FUN_00062125	part_008	converted
0x62539	280	FUN_00062539	part_008	converted
0x62651	433	FUN_00062651	part_008	converted
0x62802	1400	FUN_00062802	part_008	converted
0x62d7a	529	FUN_00062d7a	part_008	converted
0x62f8b	363	FUN_00062f8b	part_008	converted
0x630f6	548	FUN_000630f6	part_008	converted
0x6331a	150	FUN_0006331a	part_008	converted
0x633b0	989	FUN_000633b0	part_009	converted
0x6378d	569	FUN_0006378d	part_009	converted
0x639c6	50	FUN_000639c6	part_009	converted
0x639f8	5	FUN_000639f8	part_009	converted
0x639fd	246	FUN_000639fd	part_009	converted
0x63af3	159	FUN_00063af3	part_009	converted
0x63b92	1616	FUN_00063b92	part_009	converted
0x641e2	1104	FUN_000641e2	part_009	converted
0x64632	1616	FUN_00064632	part_009	converted
0x64c82	1616	FUN_00064c82	part_009	converted
0x652d2	2129	FUN_000652d2	part_009	converted
0x65b23	3364	FUN_00065b23	part_009	converted
0x66847	4349	FUN_00066847	part_009	converted
0x67944	1616	FUN_00067944	part_009	converted
0x67f94	1616	FUN_00067f94	part_009	converted
0x685e4	1616	FUN_000685e4	part_009	converted
0x68c34	1616	FUN_00068c34	part_009	converted
0x69284	1104	FUN_00069284	part_009	converted
0x696d4	1104	FUN_000696d4	part_009	converted
0x69b24	1104	FUN_00069b24	part_009	converted
0x69f74	1104	FUN_00069f74	part_009	converted
0x6a3c4	1104	FUN_0006a3c4	part_009	converted
0x6a814	1616	FUN_0006a814	part_009	converted
0x6ae64	1619	FUN_0006ae64	part_009	converted
0x6b4b7	3893	FUN_0006b4b7	part_009	converted
0x6c3ec	130	FUN_0006c3ec	part_009	converted
0x6c46e	1534	FUN_0006c46e	part_009	converted
0x6ca6c	237	FUN_0006ca6c	part_009	converted
0x6cb59	1151	FUN_0006cb59	part_009	converted
0x6cfd8	42	FUN_0006cfd8	part_009	converted
0x6d002	5	FUN_0006d002	part_009	converted
0x6d007	5	FUN_0006d007	part_009	converted
0x6d00c	63	FUN_0006d00c	part_009	converted
0x6d04b	139	FUN_0006d04b	part_009	converted
0x6d0d6	2607	FUN_0006d0d6	part_009	converted
0x6db05	8130	FUN_0006db05	part_009	converted
0x6fb97	2728	FUN_0006fb97	part_009	converted
0x706e4	1157	FUN_000706e4	part_009	converted
0x70b69	163	FUN_00070b69	part_009	converted
0x70c0c	186	FUN_00070c0c	part_009	converted
0x70cc6	160	FUN_00070cc6	part_009	converted
0x70d66	133	FUN_00070d66	part_009	converted
0x70deb	182	FUN_00070deb	part_009	converted
0x70ea1	133	FUN_00070ea1	part_009	converted
0x70f26	396	FUN_00070f26	part_009	converted
0x710b2	604	FUN_000710b2	part_009	converted
0x7130e	133	FUN_0007130e	part_009	converted
0x71393	133	FUN_00071393	part_009	converted
0x71418	133	FUN_00071418	part_009	converted
0x7149d	182	FUN_0007149d	part_009	converted
0x71553	182	FUN_00071553	part_009	converted
0x71609	182	FUN_00071609	part_009	converted
0x716bf	133	FUN_000716bf	part_009	converted
0x71744	133	FUN_00071744	part_009	converted
0x717c9	182	FUN_000717c9	part_009	converted
0x7187f	133	FUN_0007187f	part_009	converted
0x71904	133	FUN_00071904	part_009	converted
0x71989	133	FUN_00071989	part_009	converted
0x71a0e	133	FUN_00071a0e	part_009	converted
0x71a93	228	FUN_00071a93	part_009	converted
0x71b77	182	FUN_00071b77	part_010	converted
0x71c2d	182	FUN_00071c2d	part_010	converted
0x71ce3	182	FUN_00071ce3	part_010	converted
0x71d99	182	FUN_00071d99	part_010	converted
0x71e4f	133	FUN_00071e4f	part_010	converted
0x71ed4	228	FUN_00071ed4	part_010	converted
0x71fb8	182	FUN_00071fb8	part_010	converted
0x7206e	182	FUN_0007206e	part_010	converted
0x72124	182	FUN_00072124	part_010	converted
0x721da	182	FUN_000721da	part_010	converted
0x72290	160	FUN_00072290	part_010	converted
0x72330	421	FUN_00072330	part_010	converted
0x724d5	334	FUN_000724d5	part_010	converted
0x72623	358	FUN_00072623	part_010	converted
0x72789	63	FUN_00072789	part_010	converted
0x727c8	232	FUN_000727c8	part_010	converted
0x728b0	80	FUN_000728b0	part_010	converted
0x72900	5	FUN_00072900	part_010	converted
0x72905	50	FUN_00072905	part_010	converted
0x72937	367	FUN_00072937	part_010	converted
0x72aa6	5	FUN_00072aa6	part_010	converted
0x72aab	207	FUN_00072aab	part_010	converted
0x72b7a	44	FUN_00072b7a	part_010	converted
0x72ba6	42	FUN_00072ba6	part_010	converted
0x72bd0	541	FUN_00072bd0	part_010	converted
0x72ded	274	FUN_00072ded	part_010	converted
0x72eff	130	FUN_00072eff	part_010	converted
0x72f84	127	FUN_00072f84	part_010	converted
0x73003	187	FUN_00073003	part_010	converted
0x730be	55	FUN_000730be	part_010	converted
0x730f5	157	FUN_000730f5	part_010	converted
0x73192	50	FUN_00073192	part_010	converted
0x731c4	43	FUN_000731c4	part_010	converted
0x731ef	49	FUN_000731ef	part_010	converted
0x73220	50	FUN_00073220	part_010	converted
0x73252	642	FUN_00073252	part_010	converted
0x734fb	137	FUN_000734fb	part_010	converted
0x73584	122	FUN_00073584	part_010	converted
0x735fe	18	FUN_000735fe	part_010	converted
0x73610	15	FUN_00073610	part_010	converted
0x7361f	51	FUN_0007361f	part_010	converted
0x73652	966	FUN_00073652	part_010	converted
0x73a18	91	FUN_00073a18	part_010	converted
0x73a73	14	FUN_00073a73	part_010	converted
0x73a81	137	FUN_00073a81	part_010	converted
0x73e0d	47	FUN_00073e0d	part_010	converted
0x73e3c	317	FUN_00073e3c	part_010	converted
0x73f79	46	FUN_00073f79	part_010	converted
0x73fa7	41	FUN_00073fa7	part_010	converted
0x73fd0	41	FUN_00073fd0	part_010	converted
0x73ff9	246	FUN_00073ff9	part_010	converted
0x740ef	487	FUN_000740ef	part_010	converted
0x742d6	52	FUN_000742d6	part_010	converted
0x7430a	153	FUN_0007430a	part_010	converted
0x743a3	18	FUN_000743a3	part_010	converted
0x743b5	72	FUN_000743b5	part_010	converted
0x743fd	2440	FUN_000743fd	part_010	converted
0x74d85	72	FUN_00074d85	part_010	converted
0x74dcd	165	FUN_00074dcd	part_010	converted
0x74e72	72	FUN_00074e72	part_010	converted
0x74eba	104	FUN_00074eba	part_011	converted
0x74f22	138	FUN_00074f22	part_011	converted
0x74fac	465	FUN_00074fac	part_011	converted
0x7517d	73	FUN_0007517d	part_011	converted
0x751c6	434	FUN_000751c6	part_011	converted
0x75378	25	FUN_00075378	part_011	converted
0x75391	129	FUN_00075391	part_011	converted
0x75412	55	FUN_00075412	part_011	converted
0x75449	18	FUN_00075449	part_011	converted
0x7545b	18	FUN_0007545b	part_011	converted
0x7546d	745	FUN_0007546d	part_011	converted
0x75756	1385	FUN_00075756	part_011	converted
0x75cbf	1452	FUN_00075cbf	part_011	converted
0x7626b	6872	FUN_0007626b	part_011	converted
0x77d43	5668	FUN_00077d43	part_011	converted
0x79570	46	FUN_00079570	part_011	converted
0x7959e	99	FUN_0007959e	part_011	converted
0x79601	12081	FUN_00079601	part_011	converted
0x7d998	880	FUN_0007d998	part_011	converted
0x7dd08	638	FUN_0007dd08	part_011	converted
0x7df86	386	FUN_0007df86	part_011	converted
0x7e108	5	FUN_0007e108	part_011	converted
0x7e10d	998	FUN_0007e10d	part_011	converted
0x7e4f3	1066	FUN_0007e4f3	part_011	converted
0x7e91d	162	FUN_0007e91d	part_011	converted
0x7e9bf	990	FUN_0007e9bf	part_011	converted
0x7ed9d	19	FUN_0007ed9d	part_011	converted
0x7edb0	373	FUN_0007edb0	part_011	converted
0x7ef25	927	FUN_0007ef25	part_011	converted
0x7f2c4	727	FUN_0007f2c4	part_011	converted
0x7f59b	578	FUN_0007f59b	part_011	converted
0x7f7dd	727	FUN_0007f7dd	part_011	converted
0x7fab4	727	FUN_0007fab4	part_011	converted
0x7fd8b	927	FUN_0007fd8b	part_011	converted
0x8012a	927	FUN_0008012a	part_011	converted
0x804c9	927	FUN_000804c9	part_011	converted
0x80868	727	FUN_00080868	part_011	converted
0x80b3f	727	FUN_00080b3f	part_011	converted
0x80e16	727	FUN_00080e16	part_011	converted
0x810ed	727	FUN_000810ed	part_011	converted
0x813c4	524	FUN_000813c4	part_011	converted
0x815d0	524	FUN_000815d0	part_011	converted
0x817dc	524	FUN_000817dc	part_011	converted
0x819e8	524	FUN_000819e8	part_011	converted
0x81bf4	524	FUN_00081bf4	part_011	converted
0x81e00	727	FUN_00081e00	part_011	converted
0x820d7	727	FUN_000820d7	part_011	converted
0x823ae	125	FUN_000823ae	part_011	converted
0x8242b	127	FUN_0008242b	part_011	converted
0x824aa	193	FUN_000824aa	part_011	converted
0x8256b	161	FUN_0008256b	part_011	converted
0x8260c	87	FUN_0008260c	part_011	converted
0x82663	329	FUN_00082663	part_011	converted
0x827ac	1735	FUN_000827ac	part_011	converted
0x82e73	1362	FUN_00082e73	part_011	converted
0x833c5	346	FUN_000833c5	part_011	converted
0x8351f	139	FUN_0008351f	part_011	converted
0x835aa	5	FUN_000835aa	part_011	converted
0x835af	883	FUN_000835af	part_011	converted
0x83922	173	FUN_00083922	part_011	converted
0x839cf	169	FUN_000839cf	part_012	converted
0x83a78	10	FUN_00083a78	part_012	converted
0x83a82	10	FUN_00083a82	part_012	converted
0x83a8c	762	FUN_00083a8c	part_012	converted
0x83d86	809	FUN_00083d86	part_012	converted
0x840b0	279	FUN_000840b0	part_012	converted
0x841c7	669	FUN_000841c7	part_012	converted
0x84464	168	FUN_00084464	part_012	converted
0x848a2	61	FUN_000848a2	part_012	converted
0x848df	20	FUN_000848df	part_012	converted
0x848f3	141	FUN_000848f3	part_012	converted
0x84980	247	FUN_00084980	part_012	converted
0x84a77	20	FUN_00084a77	part_012	converted
0x84a8b	31	FUN_00084a8b	part_012	converted
0x84aaa	57	FUN_00084aaa	part_012	converted
0x84b6e	178	FUN_00084b6e	part_012	converted
0x84c20	219	FUN_00084c20	part_012	converted
0x84cfb	297	FUN_00084cfb	part_012	converted
0x84e24	280	FUN_00084e24	part_012	converted
0x84f3c	50	FUN_00084f3c	part_012	converted
0x84f6e	113	FUN_00084f6e	part_012	converted
0x84fdf	332	FUN_00084fdf	part_012	converted
0x8512b	71	FUN_0008512b	part_012	converted
0x85172	71	FUN_00085172	part_012	converted
0x851b9	114	FUN_000851b9	part_012	converted
0x8522b	60	FUN_0008522b	part_012	converted
0x85267	74	FUN_00085267	part_012	converted
0x852b1	132	FUN_000852b1	part_012	converted
0x85de7	499	FUN_00085de7	part_012	converted
0x85fda	307	FUN_00085fda	part_012	converted
0x8610d	90	FUN_0008610d	part_012	converted
0x86167	260	FUN_00086167	part_012	converted
0x8626b	72	FUN_0008626b	part_012	converted
0x862b3	234	FUN_000862b3	part_012	converted
0x8639d	330	FUN_0008639d	part_012	converted
0x86501	382	FUN_00086501	part_012	converted
0x8667f	395	FUN_0008667f	part_012	converted
0x8680a	65	FUN_0008680a	part_012	converted
0x8684b	1665	FUN_0008684b	part_012	converted
0x87179	164	FUN_00087179	part_012	converted
0x8721d	4073	FUN_0008721d	part_012	converted
0x88206	1416	FUN_00088206	part_012	converted
0x887e9	75	FUN_000887e9	part_012	converted
0x88834	15	FUN_00088834	part_012	converted
0x88843	271	FUN_00088843	part_012	converted
0x88952	301	FUN_00088952	part_012	converted
0x88a7f	760	FUN_00088a7f	part_012	converted
0x88d77	170	FUN_00088d77	part_012	converted
0x89a08	5564	FUN_00089a08	part_012	converted
0x8a49a	384	FUN_0008a49a	part_012	converted
0x8a61a	101	FUN_0008a61a	part_012	converted
0x8a67f	130	FUN_0008a67f	part_012	converted
0x8a701	808	FUN_0008a701	part_012	converted
0x8aa29	232	FUN_0008aa29	part_012	converted
0x8ab11	1370	FUN_0008ab11	part_012	converted
0x8b06b	901	FUN_0008b06b	part_012	converted
0x8b3f0	900	FUN_0008b3f0	part_012	converted
0x8b774	244	FUN_0008b774	part_012	converted
0x8b868	49	FUN_0008b868	part_012	converted
0x8b899	640	FUN_0008b899	part_012	converted
0x8bb1c	1079	FUN_0008bb1c	part_013	converted
0x8bf53	176	FUN_0008bf53	part_013	converted
0x8c003	166	FUN_0008c003	part_013	converted
0x8c0a9	202	FUN_0008c0a9	part_013	converted
0x8c173	5	FUN_0008c173	part_013	converted
0x8c178	598	FUN_0008c178	part_013	converted
0x8c3ce	517	FUN_0008c3ce	part_013	converted
0x8c5d3	252	FUN_0008c5d3	part_013	converted
0x8c6cf	167	FUN_0008c6cf	part_013	converted
0x8c776	426	FUN_0008c776	part_013	converted
0x8c920	635	FUN_0008c920	part_013	converted
0x8cb9b	408	FUN_0008cb9b	part_013	converted
0x8cd33	657	FUN_0008cd33	part_013	converted
0x8cfc4	219	FUN_0008cfc4	part_013	converted
0x8d09f	304	FUN_0008d09f	part_013	converted
0x8d1cf	591	FUN_0008d1cf	part_013	converted
0x8d41e	1060	FUN_0008d41e	part_013	converted
0x8d842	888	FUN_0008d842	part_013	converted
0x8dbba	373	FUN_0008dbba	part_013	converted
0x8dd2f	341	FUN_0008dd2f	part_013	converted
0x8de84	417	FUN_0008de84	part_013	converted
0x8e025	347	FUN_0008e025	part_013	converted
0x8e180	146	FUN_0008e180	part_013	converted
0x8e212	348	FUN_0008e212	part_013	converted
0x8e36e	421	FUN_0008e36e	part_013	converted
0x8e513	23	FUN_0008e513	part_013	converted
0x8e52a	1748	FUN_0008e52a	part_013	converted
0x8ebfe	42	FUN_0008ebfe	part_013	converted
0x8ec28	25	FUN_0008ec28	part_013	converted
0x8ec41	5383	FUN_0008ec41	part_013	converted
0x90148	5120	FUN_00090148	part_013	converted
0x91548	23	FUN_00091548	part_013	converted
0x9155f	23	FUN_0009155f	part_013	converted
0x91576	43	FUN_00091576	part_013	converted
0x915a1	2563	FUN_000915a1	part_013	converted
0x91fa4	69	FUN_00091fa4	part_013	converted
0x91fe9	2577	FUN_00091fe9	part_013	converted
0x929fa	42	FUN_000929fa	part_013	converted
0x92a24	124	FUN_00092a24	part_013	converted
0x92aa0	2021	FUN_00092aa0	part_013	converted
0x93589	2278	FUN_00093589	part_013	converted
0x93e6f	6208	FUN_00093e6f	part_013	converted
0x956af	9475	FUN_000956af	part_013	converted
0x97bb2	78	FUN_00097bb2	part_013	converted
0x98504	896	FUN_00098504	part_013	converted
0x98884	78	FUN_00098884	part_013	converted
0x988d2	61	FUN_000988d2	part_013	converted
0x9890f	1556	FUN_0009890f	part_013	converted
0x98f23	124	FUN_00098f23	part_013	converted
0x98f9f	1356	FUN_00098f9f	part_013	converted
0x994eb	928	FUN_000994eb	part_013	converted
0x9988b	124	FUN_0009988b	part_013	converted
0x99907	968	FUN_00099907	part_013	converted
0x99cd0	35	FUN_00099cd0	part_013	converted
0x99cf3	298	FUN_00099cf3	part_013	converted
0x99e1d	53	FUN_00099e1d	part_013	converted
0x99e52	163	FUN_00099e52	part_013	converted
0x99ef5	2040	FUN_00099ef5	part_013	converted
0x9a6ed	172	FUN_0009a6ed	part_013	converted
0x9a799	668	FUN_0009a799	part_013	converted
0x9aa35	250	FUN_0009aa35	part_014	converted
0x9ab2f	778	FUN_0009ab2f	part_014	converted
0x9ae39	224	FUN_0009ae39	part_014	converted
0x9af19	182	FUN_0009af19	part_014	converted
0x9afcf	670	FUN_0009afcf	part_014	converted
0x9b26d	108	FUN_0009b26d	part_014	converted
0x9b2d9	64	FUN_0009b2d9	part_014	converted
0x9b319	6407	FUN_0009b319	part_014	converted
0x9cc20	479	FUN_0009cc20	part_014	converted
0x9cdff	639	FUN_0009cdff	part_014	converted
0x9d07e	195	FUN_0009d07e	part_014	converted
0x9f1b0	92	FUN_0009f1b0	part_014	converted
0x9f20c	102	FUN_0009f20c	part_014	converted
0x9f272	49	FUN_0009f272	part_014	converted
0x9f2a3	403	FUN_0009f2a3	part_014	converted
0x9f436	86	FUN_0009f436	part_014	converted
0x9f48c	230	FUN_0009f48c	part_014	converted
0x9fa14	114	FUN_0009fa14	part_014	converted
0x9fa86	203	FUN_0009fa86	part_014	converted
0x9fb51	378	FUN_0009fb51	part_014	converted
0x9fccb	116	FUN_0009fccb	part_014	converted
0x9fd3f	5	FUN_0009fd3f	part_014	converted
0x9fd44	121	FUN_0009fd44	part_014	converted
0x9fdbd	9	FUN_0009fdbd	part_014	converted
0x9fdc6	21	FUN_0009fdc6	part_014	converted
0x9fddb	43	FUN_0009fddb	part_014	converted
0x9fe06	204	FUN_0009fe06	part_014	converted
0x9fed2	36	FUN_0009fed2	part_014	converted
0x9fef6	44	FUN_0009fef6	part_014	converted
0x9ff22	135	FUN_0009ff22	part_014	converted
0x9ffa9	47	FUN_0009ffa9	part_014	converted
0x9ffd8	592	FUN_0009ffd8	part_014	converted
0xa0228	299	FUN_000a0228	part_014	converted
0xa0353	107	FUN_000a0353	part_014	converted
0xa03be	657	FUN_000a03be	part_014	converted
0xa064f	267	FUN_000a064f	part_014	converted
0xa075a	267	FUN_000a075a	part_014	converted
0xa0865	152	FUN_000a0865	part_014	converted
0xa08fd	149	FUN_000a08fd	part_014	converted
0xa0992	146	FUN_000a0992	part_014	converted
0xa0a24	145	FUN_000a0a24	part_014	converted
0xa0ab5	142	FUN_000a0ab5	part_014	converted
0xa0b43	139	FUN_000a0b43	part_014	converted
0xa0bce	143	FUN_000a0bce	part_014	converted
0xa0c5d	68	FUN_000a0c5d	part_014	converted
0xa0ca1	184	FUN_000a0ca1	part_014	converted
0xa0d59	57	FUN_000a0d59	part_014	converted
0xa0d92	362	FUN_000a0d92	part_014	converted
0xa0efc	250	FUN_000a0efc	part_014	converted
0xa0ff6	298	FUN_000a0ff6	part_014	converted
0xa1120	284	FUN_000a1120	part_014	converted
0xa123c	14	FUN_000a123c	part_014	converted
0xa124a	500	FUN_000a124a	part_014	converted
0xa143e	329	FUN_000a143e	part_014	converted
0xa1587	241	FUN_000a1587	part_014	converted
0xa1678	642	FUN_000a1678	part_014	converted
0xa18fa	742	FUN_000a18fa	part_014	converted
0xa1be0	183	FUN_000a1be0	part_014	converted
0xa1c97	68	FUN_000a1c97	part_014	converted
0xa1cdb	90	FUN_000a1cdb	part_014	converted
0xa1d35	38	FUN_000a1d35	part_015	converted
0xa1d5b	165	FUN_000a1d5b	part_015	converted
0xa1e00	407	FUN_000a1e00	part_015	converted
0xa1f97	175	FUN_000a1f97	part_015	converted
0xa2046	2337	FUN_000a2046	part_015	converted
0xa2967	113	FUN_000a2967	part_015	converted
0xa29d8	131	FUN_000a29d8	part_015	converted
0xa2a5b	313	FUN_000a2a5b	part_015	converted
0xa2b94	102	FUN_000a2b94	part_015	converted
0xa2bfa	19	FUN_000a2bfa	part_015	converted
0xa2c0d	344	FUN_000a2c0d	part_015	converted
0xa2d65	5373	FUN_000a2d65	part_015	converted
0xa4262	511	FUN_000a4262	part_015	converted
0xa4461	651	FUN_000a4461	part_015	converted
0xa46ec	845	FUN_000a46ec	part_015	converted
0xa4a39	32	FUN_000a4a39	part_015	converted
0xa4a59	905	FUN_000a4a59	part_015	converted
0xa4de2	693	FUN_000a4de2	part_015	converted
0xa5097	619	FUN_000a5097	part_015	converted
0xa5302	27	FUN_000a5302	part_015	converted
0xa531d	5	FUN_000a531d	part_015	converted
0xa5322	133	FUN_000a5322	part_015	converted
0xa53a7	2440	FUN_000a53a7	part_015	converted
0xa5d2f	194	FUN_000a5d2f	part_015	converted
0xa5df1	619	FUN_000a5df1	part_015	converted
0xa605c	137	FUN_000a605c	part_015	converted
0xa60e5	297	FUN_000a60e5	part_015	converted
0xa620e	13	FUN_000a620e	part_015	converted
0xa621b	27	FUN_000a621b	part_015	converted
0xa6236	5	FUN_000a6236	part_015	converted
0xa623b	968	FUN_000a623b	part_015	converted
0xa6603	90	FUN_000a6603	part_015	converted
0xa665d	22	FUN_000a665d	part_015	converted
0xa6673	727	FUN_000a6673	part_015	converted
0xa694a	1830	FUN_000a694a	part_015	converted
0xa7070	544	FUN_000a7070	part_015	converted
0xa7290	244	FUN_000a7290	part_015	converted
0xa7384	169	FUN_000a7384	part_015	converted
0xa742d	594	FUN_000a742d	part_015	converted
0xa767f	1928	FUN_000a767f	part_015	converted
0xa7e07	1006	FUN_000a7e07	part_015	converted
0xa81f5	9358	FUN_000a81f5	part_015	converted
0xaa683	48	FUN_000aa683	part_015	converted
0xaa6b4	94	FUN_000aa6b4	part_015	converted
0xaa712	151	FUN_000aa712	part_015	converted
0xaa7a9	141	FUN_000aa7a9	part_015	converted
0xaa836	69	FUN_000aa836	part_015	converted
0xaa87b	306	FUN_000aa87b	part_015	converted
0xaa9ad	1337	FUN_000aa9ad	part_015	converted
0xab0a5	358	FUN_000ab0a5	part_015	converted
0xab20b	8383	FUN_000ab20b	part_015	converted
0xad8d5	3814	FUN_000ad8d5	part_015	converted
0xaea8d	5877	FUN_000aea8d	part_015	converted
0xb01a8	130	FUN_000b01a8	part_015	converted
0xb022a	338	FUN_000b022a	part_015	converted
0xb037c	560	FUN_000b037c	part_015	converted
0xb05ac	563	FUN_000b05ac	part_015	converted
0xb07df	828	FUN_000b07df	part_015	converted
0xb0b1b	672	FUN_000b0b1b	part_015	converted
0xb0e42	1816	FUN_000b0e42	part_015	converted
0xb155a	438	FUN_000b155a	part_016	converted
0xb1710	989	FUN_000b1710	part_016	converted
0xb1aed	3146	FUN_000b1aed	part_016	converted
0xb27c8	5	FUN_000b27c8	part_016	converted
0xb27cd	2436	FUN_000b27cd	part_016	converted
0xb320d	581	FUN_000b320d	part_016	converted
0xb3452	177	FUN_000b3452	part_016	converted
0xb3503	120	FUN_000b3503	part_016	converted
0xb357b	217	FUN_000b357b	part_016	converted
0xb3654	5	FUN_000b3654	part_016	converted
0xb3659	327	FUN_000b3659	part_016	converted
0xb37a0	214	FUN_000b37a0	part_016	converted
0xb3876	5	FUN_000b3876	part_016	converted
0xb387b	783	FUN_000b387b	part_016	converted
0xb3b8a	641	FUN_000b3b8a	part_016	converted
0xb3e0b	221	FUN_000b3e0b	part_016	converted
0xb3ee8	35	FUN_000b3ee8	part_016	converted
0xb3f0b	21	FUN_000b3f0b	part_016	converted
0xb3f20	21	FUN_000b3f20	part_016	converted
0xb3f35	889	FUN_000b3f35	part_016	converted
0xb42ae	61	FUN_000b42ae	part_016	converted
0xb42eb	67	FUN_000b42eb	part_016	converted
0xb432e	987	FUN_000b432e	part_016	converted
0xb4709	2458	FUN_000b4709	part_016	converted
0xb50a3	978	FUN_000b50a3	part_016	converted
0xb5478	101	FUN_000b5478	part_016	converted
0xb7a8e	5682	FUN_000b7a8e	part_016	converted
0xbaf88	117	FUN_000baf88	part_016	converted
0xbaffd	1132	FUN_000baffd	part_016	converted
0xbb46c	1497	FUN_000bb46c	part_016	converted
0xbba45	3171	FUN_000bba45	part_016	converted
0xbc6a8	144	FUN_000bc6a8	part_016	converted
0xbc738	1243	FUN_000bc738	part_016	converted
0xbcc13	1241	FUN_000bcc13	part_016	converted
0xbd0ec	42	FUN_000bd0ec	part_016	converted
0xbd578	40	FUN_000bd578	part_016	converted
0xbd709	4011	FUN_000bd709	part_016	converted
0xbe6b4	1607	FUN_000be6b4	part_016	converted
0xbecfb	1769	FUN_000becfb	part_016	converted
0xbf3e4	1585	FUN_000bf3e4	part_016	converted
0xbfa15	300	FUN_000bfa15	part_016	converted
0xbfb41	223	FUN_000bfb41	part_016	converted
0xbfc20	2874	FUN_000bfc20	part_016	converted
0xc085e	1448	FUN_000c085e	part_016	converted
0xc0e06	41	FUN_000c0e06	part_016	converted
0xc0e2f	32	FUN_000c0e2f	part_016	converted
0xc0e4f	118	FUN_000c0e4f	part_016	converted
0xc0ec5	149	FUN_000c0ec5	part_016	converted
0xc0f5a	155	FUN_000c0f5a	part_016	converted
0xc0ff5	58	FUN_000c0ff5	part_016	converted
0xc102f	36	FUN_000c102f	part_016	converted
0xc1053	24	FUN_000c1053	part_016	converted
0xc106b	337	FUN_000c106b	part_016	converted
0xc11bc	865	FUN_000c11bc	part_016	converted
0xc151d	124	FUN_000c151d	part_016	converted
0xc1599	97	FUN_000c1599	part_016	converted
0xc15fa	53	FUN_000c15fa	part_016	converted
0xc162f	94	FUN_000c162f	part_016	converted
0xc168d	213	FUN_000c168d	part_016	converted
0xc1762	1583	FUN_000c1762	part_016	converted
0xc1d91	190	FUN_000c1d91	part_017	converted
0xc1e4f	412	FUN_000c1e4f	part_017	converted
0xc1feb	909	FUN_000c1feb	part_017	converted
0xc2378	1441	FUN_000c2378	part_017	converted
0xc2919	1430	FUN_000c2919	part_017	converted
0xc2fb4	423	FUN_000c2fb4	part_017	converted
0xc325f	259	FUN_000c325f	part_017	converted
0xc33e7	524	FUN_000c33e7	part_017	converted
0xc35f3	504	FUN_000c35f3	part_017	converted
0xc37eb	540	FUN_000c37eb	part_017	converted
0xc3d65	3301	FUN_000c3d65	part_017	converted
0xc4a74	22	FUN_000c4a74	part_017	converted
0xc4a8a	21	FUN_000c4a8a	part_017	converted
0xc4a9f	16	FUN_000c4a9f	part_017	converted
0xc4aaf	94	FUN_000c4aaf	part_017	converted
0xc4b0d	87	FUN_000c4b0d	part_017	converted
0xc4b64	27	FUN_000c4b64	part_017	converted
0xc4b7f	46	FUN_000c4b7f	part_017	converted
0xc4bad	46	FUN_000c4bad	part_017	converted
0xc4bdb	449	FUN_000c4bdb	part_017	converted
0xc4d9c	25	FUN_000c4d9c	part_017	converted
0xc4db8	44	FUN_000c4db8	part_017	converted
0xc4de4	43	FUN_000c4de4	part_017	converted
0xc4e0f	23	FUN_000c4e0f	part_017	converted
0xc4e26	133	FUN_000c4e26	part_017	converted
0xc4eab	133	FUN_000c4eab	part_017	converted
0xc4f30	52	FUN_000c4f30	part_017	converted
0xc4f64	16	FUN_000c4f64	part_017	converted
0xc4f74	100	FUN_000c4f74	part_017	converted
0xc4fd8	329	FUN_000c4fd8	part_017	converted
0xc5121	514	FUN_000c5121	part_017	converted
0xc5345	1329	FUN_000c5345	part_017	converted
0xc5876	1088	FUN_000c5876	part_017	converted
0xc5cb6	247	FUN_000c5cb6	part_017	converted
0xc5dad	71	FUN_000c5dad	part_017	converted
0xc5df4	249	FUN_000c5df4	part_017	converted
0xc5eed	400	FUN_000c5eed	part_017	converted
0xc607d	890	FUN_000c607d	part_017	converted
0xc63f7	92	FUN_000c63f7	part_017	converted
0xc6453	39	FUN_000c6453	part_017	converted
0xc647a	8556	FUN_000c647a	part_017	converted
0xc890f	4297	FUN_000c890f	part_017	converted
0xcafc8	166	FUN_000cafc8	part_017	converted
0xcb076	70	FUN_000cb076	part_017	converted
0xcb0bc	23	FUN_000cb0bc	part_017	converted
0xcb0d4	26	FUN_000cb0d4	part_017	converted
0xcb0ee	14	FUN_000cb0ee	part_017	converted
0xcb0fc	40	FUN_000cb0fc	part_017	converted
0xcb124	33	FUN_000cb124	part_017	converted
0xcb146	47	FUN_000cb146	part_017	converted
0xcb176	33	FUN_000cb176	part_017	converted
0xcb198	9	FUN_000cb198	part_017	converted
0xcb1a2	38	FUN_000cb1a2	part_017	converted
0xcb276	10	FUN_000cb276	part_017	converted
0xcb280	35	FUN_000cb280	part_017	converted
0xcb2a4	56	FUN_000cb2a4	part_017	converted
0xcb2dc	2685	FUN_000cb2dc	part_017	converted
0xcbd5a	107	FUN_000cbd5a	part_017	converted
0xcbdc6	93	FUN_000cbdc6	part_017	converted
0xcbe24	5	FUN_000cbe24	part_017	converted
0xcbe2a	23	FUN_000cbe2a	part_018	converted
0xcbe42	883	FUN_000cbe42	part_018	converted
0xcc1b8	35	FUN_000cc1b8	part_018	converted
0xcc1dc	35	FUN_000cc1dc	part_018	converted
0xcc200	179	FUN_000cc200	part_018	converted
0xcc2b4	1124	FUN_000cc2b4	part_018	converted
0xcc794	64	FUN_000cc794	part_018	converted
0xcc7d4	849	FUN_000cc7d4	part_018	converted
0xccb40	591	FUN_000ccb40	part_018	converted
0xccd90	879	FUN_000ccd90	part_018	converted
0xcd17a	2403	FUN_000cd17a	part_018	converted
0xcdb6a	2519	FUN_000cdb6a	part_018	converted
0xce74c	88	FUN_000ce74c	part_018	converted
0xce7a4	588	FUN_000ce7a4	part_018	converted
0xce9f0	238	FUN_000ce9f0	part_018	converted
0xceade	1227	FUN_000ceade	part_018	converted
0xcefaa	53	FUN_000cefaa	part_018	converted
0xcefe8	53	FUN_000cefe8	part_018	converted
0xcf028	105	FUN_000cf028	part_018	converted
0xcf092	5	FUN_000cf092	part_018	converted
0xcf098	78	FUN_000cf098	part_018	converted
0xcf0e6	813	FUN_000cf0e6	part_018	converted
0xcf516	582	FUN_000cf516	part_018	converted
0xcf7ec	1312	FUN_000cf7ec	part_018	converted
0xcfd0c	44	FUN_000cfd0c	part_018	converted
0xcfd38	793	FUN_000cfd38	part_018	converted
0xd0052	509	FUN_000d0052	part_018	converted
0xd0250	477	FUN_000d0250	part_018	converted
0xd042e	18194	FUN_000d042e	part_018	converted
0xd4d9a	21	FUN_000d4d9a	part_018	converted
0xd4db0	21	FUN_000d4db0	part_018	converted
0xd4dc6	77	FUN_000d4dc6	part_018	converted
0xd4e14	21	FUN_000d4e14	part_018	converted
0xd4e2a	53	FUN_000d4e2a	part_018	converted
0xd4e67	528	FUN_000d4e67	part_018	converted
0xd5077	384	FUN_000d5077	part_018	converted
0xd51f7	419	FUN_000d51f7	part_018	converted
0xd539a	661	FUN_000d539a	part_018	converted
0xd562f	2222	FUN_000d562f	part_018	converted
0xd5edd	4270	FUN_000d5edd	part_018	converted
0xd6f8b	3178	FUN_000d6f8b	part_018	converted
0xd7bf5	4641	FUN_000d7bf5	part_018	converted
0xd8e16	69	FUN_000d8e16	part_018	converted
0xd8e5c	249	FUN_000d8e5c	part_018	converted
0xd8f56	241	FUN_000d8f56	part_018	converted
0xd9048	253	FUN_000d9048	part_018	converted
0xd9146	63	FUN_000d9146	part_018	converted
0xd9186	122	FUN_000d9186	part_018	converted
0xd9200	10	FUN_000d9200	part_018	converted
0xd920a	48	FUN_000d920a	part_018	converted
0xd923a	10	FUN_000d923a	part_018	converted
0xd9244	28	FUN_000d9244	part_018	converted
0xd9260	28	FUN_000d9260	part_018	converted
0xd927c	28	FUN_000d927c	part_018	converted
0xd9298	93	FUN_000d9298	part_018	converted
0xd92f6	92	FUN_000d92f6	part_018	converted
0xd9352	50	FUN_000d9352	part_018	converted
0xd9384	36	FUN_000d9384	part_018	converted
0xd93a8	661	FUN_000d93a8	part_018	converted
0xd9646	88	FUN_000d9646	part_018	converted
0xd969e	102	FUN_000d969e	part_019	converted
0xd9704	22	FUN_000d9704	part_019	converted
0xd971a	33	FUN_000d971a	part_019	converted
0xd973c	57	FUN_000d973c	part_019	converted
0xd9776	661	FUN_000d9776	part_019	converted
0xd9a14	238	FUN_000d9a14	part_019	converted
0xd9b04	81	FUN_000d9b04	part_019	converted
0xd9b56	81	FUN_000d9b56	part_019	converted
0xd9ba8	12	FUN_000d9ba8	part_019	converted
0xd9bb4	24	FUN_000d9bb4	part_019	converted
0xd9bcc	7	FUN_000d9bcc	part_019	converted
0xd9bd4	7	FUN_000d9bd4	part_019	converted
0xd9bdc	106	FUN_000d9bdc	part_019	converted
0xd9c46	97	FUN_000d9c46	part_019	converted
0xd9ca8	156	FUN_000d9ca8	part_019	converted
0xd9d44	309	FUN_000d9d44	part_019	converted
0xd9e7a	133	FUN_000d9e7a	part_019	converted
0xd9f18	316	FUN_000d9f18	part_019	converted
0xda054	183	FUN_000da054	part_019	converted
0xda12a	195	FUN_000da12a	part_019	converted
0xda20e	249	FUN_000da20e	part_019	converted
0xda308	119	FUN_000da308	part_019	converted
0xda380	437	FUN_000da380	part_019	converted
0xda536	73	FUN_000da536	part_019	converted
0xda580	317	FUN_000da580	part_019	converted
0xda6d4	222	FUN_000da6d4	part_019	converted
0xda7cc	346	FUN_000da7cc	part_019	converted
0xda926	233	FUN_000da926	part_019	converted
0xdaa10	125	FUN_000daa10	part_019	converted
0xdaa8e	199	FUN_000daa8e	part_019	converted
0xdab56	90	FUN_000dab56	part_019	converted
0xdabb0	245	FUN_000dabb0	part_019	converted
0xdacc4	249	FUN_000dacc4	part_019	converted
0xdadbe	124	FUN_000dadbe	part_019	converted
0xdae3a	348	FUN_000dae3a	part_019	converted
0xdaf96	233	FUN_000daf96	part_019	converted
0xdb080	124	FUN_000db080	part_019	converted
0xdb0fc	359	FUN_000db0fc	part_019	converted
0xdb264	468	FUN_000db264	part_019	converted
0xdb438	334	FUN_000db438	part_019	converted
0xdb586	306	FUN_000db586	part_019	converted
0xdb6b8	231	FUN_000db6b8	part_019	converted
0xdb7ca	159	FUN_000db7ca	part_019	converted
0xdb86a	101	FUN_000db86a	part_019	converted
0xdb8d0	207	FUN_000db8d0	part_019	converted
0xdb9a0	257	FUN_000db9a0	part_019	converted
0xdbaa2	177	FUN_000dbaa2	part_019	converted
0xdbb54	254	FUN_000dbb54	part_019	converted
0xdbc6a	64	FUN_000dbc6a	part_019	converted
0xdbcaa	360	FUN_000dbcaa	part_019	converted
0xdbe12	31	FUN_000dbe12	part_019	converted
0xdbe32	31	FUN_000dbe32	part_019	converted
0xdbe52	31	FUN_000dbe52	part_019	converted
0xdbe72	31	FUN_000dbe72	part_019	converted
0xdbe92	191	FUN_000dbe92	part_019	converted
0xdbf52	124	FUN_000dbf52	part_019	converted
0xdbfce	317	FUN_000dbfce	part_019	converted
0xdc120	230	FUN_000dc120	part_019	converted
0xdc220	184	FUN_000dc220	part_019	converted
0xdc2d8	737	FUN_000dc2d8	part_019	converted
0xdc640	1786	FUN_000dc640	part_020	converted
0xdcd3a	1384	FUN_000dcd3a	part_020	converted
0xdd2a2	106	FUN_000dd2a2	part_020	converted
0xdd30c	86	FUN_000dd30c	part_020	converted
0xdd362	64	FUN_000dd362	part_020	converted
0xdd3a2	15336	FUN_000dd3a2	part_020	converted
0xe12a0	42	FUN_000e12a0	part_020	converted
0xe12ca	54	FUN_000e12ca	part_020	converted
0xe1300	106	FUN_000e1300	part_020	converted
0xe136a	72	FUN_000e136a	part_020	converted
0xe13b2	5	FUN_000e13b2	part_020	converted
0xe13b8	35	FUN_000e13b8	part_020	converted
0xe13dc	37	FUN_000e13dc	part_020	converted
0xe1402	75	FUN_000e1402	part_020	converted
0xe144e	35	FUN_000e144e	part_020	converted
0xe1472	1550	FUN_000e1472	part_020	converted
0xe1a80	39	FUN_000e1a80	part_020	converted
0xe1aa8	5	FUN_000e1aa8	part_020	converted
0xe1aae	12	FUN_000e1aae	part_020	converted
0xe1aba	376	FUN_000e1aba	part_020	converted
0xe1c32	5	FUN_000e1c32	part_020	converted
0xe1c38	5	FUN_000e1c38	part_020	converted
0xe1c3e	5	FUN_000e1c3e	part_020	converted
0xe1c44	147	FUN_000e1c44	part_020	converted
0xe1cd8	5	FUN_000e1cd8	part_020	converted
0xe1cde	10	FUN_000e1cde	part_020	converted
0xe1ce8	34	FUN_000e1ce8	part_020	converted
0xe1d0a	2295	FUN_000e1d0a	part_020	converted
0xe2602	5	FUN_000e2602	part_020	converted
0xe2608	5	FUN_000e2608	part_020	converted
0xe260e	12	FUN_000e260e	part_020	converted
0xe261a	219	FUN_000e261a	part_020	converted
0xe26f6	53	FUN_000e26f6	part_020	converted
0xe272c	16	FUN_000e272c	part_020	converted
0xe273c	5	FUN_000e273c	part_020	converted
0xe2742	55	FUN_000e2742	part_020	converted
0xe277a	21	FUN_000e277a	part_020	converted
0xe2790	57	FUN_000e2790	part_020	converted
0xe27ca	44	FUN_000e27ca	part_020	converted
0xe27f6	73	FUN_000e27f6	part_020	converted
0xe2840	47	FUN_000e2840	part_020	converted
0xe2870	53	FUN_000e2870	part_020	converted
0xe28a6	127	FUN_000e28a6	part_020	converted
0xe2926	66	FUN_000e2926	part_020	converted
0xe2968	114	FUN_000e2968	part_020	converted
0xe29da	114	FUN_000e29da	part_020	converted
0xe2a4c	114	FUN_000e2a4c	part_020	converted
0xe2abe	135	FUN_000e2abe	part_020	converted
0xe2b46	177	FUN_000e2b46	part_020	converted
0xe2bf8	345	FUN_000e2bf8	part_020	converted
0xe2d5a	345	FUN_000e2d5a	part_020	converted
0xe2ebc	190	FUN_000e2ebc	part_020	converted
0xe2f82	847	FUN_000e2f82	part_020	converted
0xe32d2	134	FUN_000e32d2	part_020	converted
0xe3358	27	FUN_000e3358	part_020	converted
0xe3374	27	FUN_000e3374	part_020	converted
0xe3390	1561	FUN_000e3390	part_020	converted
0xe39de	343	FUN_000e39de	part_020	converted
0xe3b36	312	FUN_000e3b36	part_020	converted
0xe3c6e	136	FUN_000e3c6e	part_020	converted
0xe3cf6	67	FUN_000e3cf6	part_021	converted
0xe3d3a	27	FUN_000e3d3a	part_021	converted
0xe3d56	25	FUN_000e3d56	part_021	converted
0xe3d70	51	FUN_000e3d70	part_021	converted
0xe3da4	54	FUN_000e3da4	part_021	converted
0xe3dda	54	FUN_000e3dda	part_021	converted
0xe3e10	54	FUN_000e3e10	part_021	converted
0xe3e46	78	FUN_000e3e46	part_021	converted
0xe3e94	54	FUN_000e3e94	part_021	converted
0xe3eca	54	FUN_000e3eca	part_021	converted
0xe3f00	54	FUN_000e3f00	part_021	converted
0xe3f36	57	FUN_000e3f36	part_021	converted
0xe3f70	57	FUN_000e3f70	part_021	converted
0xe3faa	56	FUN_000e3faa	part_021	converted
0xe3fe2	22	FUN_000e3fe2	part_021	converted
0xe3ff8	26	FUN_000e3ff8	part_021	converted
0xe4012	26	FUN_000e4012	part_021	converted
0xe402c	26	FUN_000e402c	part_021	converted
0xe4046	26	FUN_000e4046	part_021	converted
0xe4060	11	FUN_000e4060	part_021	converted
0xe406c	128	FUN_000e406c	part_021	converted
0xe40ec	119	FUN_000e40ec	part_021	converted
0xe4164	74	FUN_000e4164	part_021	converted
0xe41ae	745	FUN_000e41ae	part_021	converted
0xe4498	53	FUN_000e4498	part_021	converted
0xe44ce	133	FUN_000e44ce	part_021	converted
0xe4554	59	FUN_000e4554	part_021	converted
0xe4590	392	FUN_000e4590	part_021	converted
0xe4718	247	FUN_000e4718	part_021	converted
0xe4810	162	FUN_000e4810	part_021	converted
0xe48b2	162	FUN_000e48b2	part_021	converted
0xe4954	353	FUN_000e4954	part_021	converted
0xe4b10	353	FUN_000e4b10	part_021	converted
0xe4ccc	626	FUN_000e4ccc	part_021	converted
0xe4f54	375	FUN_000e4f54	part_021	converted
0xe50cc	125	FUN_000e50cc	part_021	converted
0xe514a	2382	FUN_000e514a	part_021	converted
0xe5aa0	18	FUN_000e5aa0	part_021	converted
0xe5ab2	14	FUN_000e5ab2	part_021	converted
0xe5ac0	15	FUN_000e5ac0	part_021	converted
0xe5ad0	44	FUN_000e5ad0	part_021	converted
0xe5afc	85	FUN_000e5afc	part_021	converted
0xe5b52	419	FUN_000e5b52	part_021	converted
0xe5cf6	104	FUN_000e5cf6	part_021	converted
0xe5d5e	24	FUN_000e5d5e	part_021	converted
0xe5d76	71	FUN_000e5d76	part_021	converted
0xe5dbe	85	FUN_000e5dbe	part_021	converted
0xe5e14	54	FUN_000e5e14	part_021	converted
0xe5e4a	299	FUN_000e5e4a	part_021	converted
0xe5f76	299	FUN_000e5f76	part_021	converted
0xe60a2	513	FUN_000e60a2	part_021	converted
0xe62a4	1746	FUN_000e62a4	part_021	converted
0xe6a88	287	FUN_000e6a88	part_021	converted
0xe6ba8	277	FUN_000e6ba8	part_021	converted
0xe6cbe	1284	FUN_000e6cbe	part_021	converted
0xe7220	1284	FUN_000e7220	part_021	converted
0xe7782	1048	FUN_000e7782	part_021	converted
0xe94ca	15	FUN_000e94ca	part_021	converted
0xe94da	56	FUN_000e94da	part_021	converted
0xe9512	45	FUN_000e9512	part_021	converted
0xe9540	45	FUN_000e9540	part_022	converted
0xe956e	40	FUN_000e956e	part_022	converted
0xe9596	40	FUN_000e9596	part_022	converted
0xe95be	74	FUN_000e95be	part_022	converted
0xe9608	36	FUN_000e9608	part_022	converted
0xe962c	24	FUN_000e962c	part_022	converted
0xe9644	97	FUN_000e9644	part_022	converted
0xe96a6	65	FUN_000e96a6	part_022	converted
0xe96e8	40	FUN_000e96e8	part_022	converted
0xe9710	80	FUN_000e9710	part_022	converted
0xe9760	25	FUN_000e9760	part_022	converted
0xe977a	24	FUN_000e977a	part_022	converted
0xe9792	24	FUN_000e9792	part_022	converted
0xe97aa	17	FUN_000e97aa	part_022	converted
0xe97bc	17	FUN_000e97bc	part_022	converted
0xe97ce	25	FUN_000e97ce	part_022	converted
0xe97e8	25	FUN_000e97e8	part_022	converted
0xe9802	25	FUN_000e9802	part_022	converted
0xe981c	78	FUN_000e981c	part_022	converted
0xe986a	146	FUN_000e986a	part_022	converted
0xe98fc	136	FUN_000e98fc	part_022	converted
0xe9984	44	FUN_000e9984	part_022	converted
0xe99b0	108	FUN_000e99b0	part_022	converted
0xe9a1c	102	FUN_000e9a1c	part_022	converted
0xe9a82	139	FUN_000e9a82	part_022	converted
0xe9b0e	110	FUN_000e9b0e	part_022	converted
0xe9b7c	110	FUN_000e9b7c	part_022	converted
0xe9bea	84	FUN_000e9bea	part_022	converted
0xe9c3e	84	FUN_000e9c3e	part_022	converted
0xe9c92	34	FUN_000e9c92	part_022	converted
0xe9cb4	80	FUN_000e9cb4	part_022	converted
0xe9d04	543	FUN_000e9d04	part_022	converted
0xe9f24	88	FUN_000e9f24	part_022	converted
0xe9f7c	145	FUN_000e9f7c	part_022	converted
0xea00e	380	FUN_000ea00e	part_022	converted
0xea18a	22	FUN_000ea18a	part_022	converted
0xea1a0	22	FUN_000ea1a0	part_022	converted
0xea1b6	22	FUN_000ea1b6	part_022	converted
0xea1cc	22	FUN_000ea1cc	part_022	converted
0xea1e2	22	FUN_000ea1e2	part_022	converted
0xea1f8	22	FUN_000ea1f8	part_022	converted
0xea20e	22	FUN_000ea20e	part_022	converted
0xea224	22	FUN_000ea224	part_022	converted
0xea23a	121	FUN_000ea23a	part_022	converted
0xea2b4	22	FUN_000ea2b4	part_022	converted
0xea2ca	22	FUN_000ea2ca	part_022	converted
0xea2e0	261	FUN_000ea2e0	part_022	converted
0xea3e6	204	FUN_000ea3e6	part_022	converted
0xea4e6	414	FUN_000ea4e6	part_022	converted
0xea6c4	88	FUN_000ea6c4	part_022	converted
0xea71c	88	FUN_000ea71c	part_022	converted
0xea774	88	FUN_000ea774	part_022	converted
0xea7cc	111	FUN_000ea7cc	part_022	converted
0xea83c	111	FUN_000ea83c	part_022	converted
0xea8ac	111	FUN_000ea8ac	part_022	converted
0xea91c	66	FUN_000ea91c	part_022	converted
0xea95e	574	FUN_000ea95e	part_022	converted
0xeab9c	111	FUN_000eab9c	part_022	converted
0xeac0c	112	FUN_000eac0c	part_022	converted
0xeac7c	112	FUN_000eac7c	part_022	converted
0xeacec	238	FUN_000eacec	part_023	converted
0xeadda	737	FUN_000eadda	part_023	converted
0xeb0bc	109	FUN_000eb0bc	part_023	converted
0xeb12a	326	FUN_000eb12a	part_023	converted
0xeb270	53	FUN_000eb270	part_023	converted
0xeb2a6	326	FUN_000eb2a6	part_023	converted
0xeb3ec	302	FUN_000eb3ec	part_023	converted
0xeb51a	223	FUN_000eb51a	part_023	converted
0xeb5fa	117	FUN_000eb5fa	part_023	converted
0xeb670	301	FUN_000eb670	part_023	converted
0xeb7d0	68	FUN_000eb7d0	part_023	converted
0xeb832	301	FUN_000eb832	part_023	converted
0xeb992	320	FUN_000eb992	part_023	converted
0xebb06	320	FUN_000ebb06	part_023	converted
0xebc7a	365	FUN_000ebc7a	part_023	converted
0xebe1a	126	FUN_000ebe1a	part_023	converted
0xebec6	126	FUN_000ebec6	part_023	converted
0xebf72	171	FUN_000ebf72	part_023	converted
0xec04c	171	FUN_000ec04c	part_023	converted
0xec126	307	FUN_000ec126	part_023	converted
0xec2a0	732	FUN_000ec2a0	part_023	converted
0xec5c2	46	FUN_000ec5c2	part_023	converted
0xec5f0	46	FUN_000ec5f0	part_023	converted
0xec61e	58	FUN_000ec61e	part_023	converted
0xec658	58	FUN_000ec658	part_023	converted
0xec692	75	FUN_000ec692	part_023	converted
0xec6de	75	FUN_000ec6de	part_023	converted
0xec72a	50	FUN_000ec72a	part_023	converted
0xec75c	68	FUN_000ec75c	part_023	converted
0xec7be	50	FUN_000ec7be	part_023	converted
0xec7f0	50	FUN_000ec7f0	part_023	converted
0xec822	68	FUN_000ec822	part_023	converted
0xec884	50	FUN_000ec884	part_023	converted
0xec8b6	128	FUN_000ec8b6	part_023	converted
0xec936	68	FUN_000ec936	part_023	converted
0xec998	128	FUN_000ec998	part_023	converted
0xeca18	46	FUN_000eca18	part_023	converted
0xeca46	68	FUN_000eca46	part_023	converted
0xecaa8	46	FUN_000ecaa8	part_023	converted
0xecad6	101	FUN_000ecad6	part_023	converted
0xecb3c	68	FUN_000ecb3c	part_023	converted
0xecb9e	101	FUN_000ecb9e	part_023	converted
0xecc04	60	FUN_000ecc04	part_023	converted
0xecc40	68	FUN_000ecc40	part_023	converted
0xecca2	60	FUN_000ecca2	part_023	converted
0xeccde	732	FUN_000eccde	part_023	converted
0xed000	307	FUN_000ed000	part_023	converted
0xed17a	46	FUN_000ed17a	part_023	converted
0xed1a8	46	FUN_000ed1a8	part_023	converted
0xed1d6	68	FUN_000ed1d6	part_023	converted
0xed238	46	FUN_000ed238	part_023	converted
0xed266	46	FUN_000ed266	part_023	converted
0xed294	68	FUN_000ed294	part_023	converted
0xed2f6	161	FUN_000ed2f6	part_023	converted
0xed3cc	161	FUN_000ed3cc	part_023	converted
0xed4a2	365	FUN_000ed4a2	part_023	converted
0xed642	397	FUN_000ed642	part_023	converted
0xed800	46	FUN_000ed800	part_023	converted
0xed82e	46	FUN_000ed82e	part_023	converted
0xed85c	68	FUN_000ed85c	part_023	converted
0xed8be	46	FUN_000ed8be	part_024	converted
0xed8ec	46	FUN_000ed8ec	part_024	converted
0xed91a	68	FUN_000ed91a	part_024	converted
0xed97c	64	FUN_000ed97c	part_024	converted
0xed9bc	64	FUN_000ed9bc	part_024	converted
0xed9fc	64	FUN_000ed9fc	part_024	converted
0xeda3c	64	FUN_000eda3c	part_024	converted
0xeda7c	49	FUN_000eda7c	part_024	converted
0xedaae	7	FUN_000edaae	part_024	converted
0xedab6	38	FUN_000edab6	part_024	converted
0xedadc	63	FUN_000edadc	part_024	converted
0xedb1c	22	FUN_000edb1c	part_024	converted
0xedb32	22	FUN_000edb32	part_024	converted
0xedb48	22	FUN_000edb48	part_024	converted
0xedb5e	22	FUN_000edb5e	part_024	converted
0xedb74	139	FUN_000edb74	part_024	converted
0xedc00	49	FUN_000edc00	part_024	converted
0xedc32	49	FUN_000edc32	part_024	converted
0xedc64	60	FUN_000edc64	part_024	converted
0xedca0	52	FUN_000edca0	part_024	converted
0xedcd4	127	FUN_000edcd4	part_024	converted
0xedd54	170	FUN_000edd54	part_024	converted
0xede1c	144	FUN_000ede1c	part_024	converted
0xedeac	72	FUN_000edeac	part_024	converted
0xedef4	78	FUN_000edef4	part_024	converted
0xedf42	524	FUN_000edf42	part_024	converted
0xee14e	34	FUN_000ee14e	part_024	converted
0xee170	188	FUN_000ee170	part_024	converted
0xee22c	93	FUN_000ee22c	part_024	converted
0xee28a	93	FUN_000ee28a	part_024	converted
0xee2e8	108	FUN_000ee2e8	part_024	converted
0xee354	213	FUN_000ee354	part_024	converted
0xee42a	381	FUN_000ee42a	part_024	converted
0xee5a8	180	FUN_000ee5a8	part_024	converted
0xee67a	462	FUN_000ee67a	part_024	converted
0xee86e	462	FUN_000ee86e	part_024	converted
0xeea62	2230	FUN_000eea62	part_024	converted
0xef382	2230	FUN_000ef382	part_024	converted
0xefca2	276	FUN_000efca2	part_024	converted
0xefdb6	909	FUN_000efdb6	part_024	converted
0xf0144	513	FUN_000f0144	part_024	converted
0xf0346	133	FUN_000f0346	part_024	converted
0xf03cc	1297	FUN_000f03cc	part_024	converted
0xf08fc	595	FUN_000f08fc	part_024	converted
0xf0b74	111	FUN_000f0b74	part_024	converted
0xf0be4	583	FUN_000f0be4	part_024	converted
0xf0e2c	414	FUN_000f0e2c	part_024	converted
0xf0fe8	1082	FUN_000f0fe8	part_024	converted
0xf1442	633	FUN_000f1442	part_024	converted
0xf16bc	1016	FUN_000f16bc	part_024	converted
0xf1af0	111	FUN_000f1af0	part_024	converted
0xf1b60	222	FUN_000f1b60	part_024	converted
0xf1c3e	1065	FUN_000f1c3e	part_024	converted
0xf20a2	970	FUN_000f20a2	part_024	converted
0xf24c4	877	FUN_000f24c4	part_024	converted
0xf2852	670	FUN_000f2852	part_024	converted
0xf2af0	4111	FUN_000f2af0	part_024	converted
0xf3b4c	2406	FUN_000f3b4c	part_024	converted
0xf44d0	3841	FUN_000f44d0	part_024	converted
0xf5430	478	FUN_000f5430	part_024	converted
0xf5610	97	FUN_000f5610	part_025	converted
0xf5672	59	FUN_000f5672	part_025	converted
0xf56ae	52	FUN_000f56ae	part_025	converted
0xf56e2	14	FUN_000f56e2	part_025	converted
0xf56f0	110	FUN_000f56f0	part_025	converted
0xf575e	85	FUN_000f575e	part_025	converted
0xf57b4	53	FUN_000f57b4	part_025	converted
0xf57ea	35	FUN_000f57ea	part_025	converted
0xf580e	83	FUN_000f580e	part_025	converted
0xf5862	47	FUN_000f5862	part_025	converted
0xf5892	45	FUN_000f5892	part_025	converted
0xf58c0	40	FUN_000f58c0	part_025	converted
0xf58e8	48	FUN_000f58e8	part_025	converted
0xf5918	56	FUN_000f5918	part_025	converted
0xf5950	31	FUN_000f5950	part_025	converted
0xf5970	31	FUN_000f5970	part_025	converted
0xf5990	25	FUN_000f5990	part_025	converted
0xf59aa	53	FUN_000f59aa	part_025	converted
0xf59e0	62	FUN_000f59e0	part_025	converted
0xf5a1e	37	FUN_000f5a1e	part_025	converted
0xf5a44	168	FUN_000f5a44	part_025	converted
0xf5aec	80	FUN_000f5aec	part_025	converted
0xf5b3c	90	FUN_000f5b3c	part_025	converted
0xf5b96	70	FUN_000f5b96	part_025	converted
0xf5bdc	83	FUN_000f5bdc	part_025	converted
0xf5c30	63	FUN_000f5c30	part_025	converted
0xf5c70	263	FUN_000f5c70	part_025	converted
0xf5d78	122	FUN_000f5d78	part_025	converted
0xf5df2	58	FUN_000f5df2	part_025	converted
0xf5e2c	58	FUN_000f5e2c	part_025	converted
0xf5e66	57	FUN_000f5e66	part_025	converted
0xf5ea0	62	FUN_000f5ea0	part_025	converted
0xf5ede	74	FUN_000f5ede	part_025	converted
0xf5f28	54	FUN_000f5f28	part_025	converted
0xf5f5e	28	FUN_000f5f5e	part_025	converted
0xf5f7a	111	FUN_000f5f7a	part_025	converted
0xf5fea	72	FUN_000f5fea	part_025	converted
0xf6032	124	FUN_000f6032	part_025	converted
0xf60ae	69	FUN_000f60ae	part_025	converted
0xf60f4	59	FUN_000f60f4	part_025	converted
0xf6130	59	FUN_000f6130	part_025	converted
0xf616c	37	FUN_000f616c	part_025	converted
0xf6192	64	FUN_000f6192	part_025	converted
0xf61d2	64	FUN_000f61d2	part_025	converted
0xf6212	92	FUN_000f6212	part_025	converted
0xf626e	186	FUN_000f626e	part_025	converted
0xf65d0	123	FUN_000f65d0	part_025	converted
0xf6a7e	114	FUN_000f6a7e	part_025	converted
0xf6af0	135	FUN_000f6af0	part_025	converted
0xf6b78	72	FUN_000f6b78	part_025	converted
0xf6bc0	134	FUN_000f6bc0	part_025	converted
0xf6c46	123	FUN_000f6c46	part_025	converted
0xf6cc2	127	FUN_000f6cc2	part_025	converted
0xf6d42	157	FUN_000f6d42	part_025	converted
0xf6de0	61	FUN_000f6de0	part_025	converted
0xf6e1e	17	FUN_000f6e1e	part_025	converted
0xf6e30	15	FUN_000f6e30	part_025	converted
0xf6e40	282	FUN_000f6e40	part_025	converted
0xf6f5a	19	FUN_000f6f5a	part_025	converted
0xf6f6e	71	FUN_000f6f6e	part_025	converted
0xf6fb6	5	FUN_000f6fb6	part_026	converted
0xf6fbc	224	FUN_000f6fbc	part_026	converted
0xf709c	35	FUN_000f709c	part_026	converted
0xf70c0	84	FUN_000f70c0	part_026	converted
0xf7114	512	FUN_000f7114	part_026	converted
0xf7314	470	FUN_000f7314	part_026	converted
0xf7508	340	FUN_000f7508	part_026	converted
0xf765c	346	FUN_000f765c	part_026	converted
0xf77b6	326	FUN_000f77b6	part_026	converted
0xf78fc	306	FUN_000f78fc	part_026	converted
0xf7a2e	474	FUN_000f7a2e	part_026	converted
0xf7c08	465	FUN_000f7c08	part_026	converted
0xf7dda	164	FUN_000f7dda	part_026	converted
0xf7e7e	370	FUN_000f7e7e	part_026	converted
0xf7ff0	189	FUN_000f7ff0	part_026	converted
0xf80ae	263	FUN_000f80ae	part_026	converted
0xf81b6	485	FUN_000f81b6	part_026	converted
0xf839c	484	FUN_000f839c	part_026	converted
0xf8580	340	FUN_000f8580	part_026	converted
0xf86d4	346	FUN_000f86d4	part_026	converted
0xf882e	326	FUN_000f882e	part_026	converted
0xf8974	306	FUN_000f8974	part_026	converted
0xf8aa6	811	FUN_000f8aa6	part_026	converted
0xf8df6	3871	FUN_000f8df6	part_026	converted
0xf9d16	478	FUN_000f9d16	part_026	converted
0xf9ef4	478	FUN_000f9ef4	part_026	converted
0xfa0d2	502	FUN_000fa0d2	part_026	converted
0xfa2c8	161	FUN_000fa2c8	part_026	converted
0xfa36a	242	FUN_000fa36a	part_026	converted
0xfa45c	242	FUN_000fa45c	part_026	converted
0xfa54e	392	FUN_000fa54e	part_026	converted
0xfa6d6	332	FUN_000fa6d6	part_026	converted
0xfa822	332	FUN_000fa822	part_026	converted
0xfa96e	639	FUN_000fa96e	part_026	converted
0xfac0e	495	FUN_000fac0e	part_026	converted
0xfae1e	56	FUN_000fae1e	part_026	converted
0xfae56	746	FUN_000fae56	part_026	converted
0xfb140	106	FUN_000fb140	part_026	converted
0xfb1c8	18	FUN_000fb1c8	part_026	converted
0xfb1da	18	FUN_000fb1da	part_026	converted
0xfb1ec	24	FUN_000fb1ec	part_026	converted
0xfb204	18	FUN_000fb204	part_026	converted
0xfb216	18	FUN_000fb216	part_026	converted
0xfb228	34	FUN_000fb228	part_026	converted
0xfb24a	29	FUN_000fb24a	part_026	converted
0xfb268	30	FUN_000fb268	part_026	converted
0xfb286	77	FUN_000fb286	part_026	converted
0xfb2d4	471	FUN_000fb2d4	part_026	converted
0xfb4ac	57	FUN_000fb4ac	part_026	converted
0xfb4e6	5	FUN_000fb4e6	part_026	converted
0xfb4ec	90	FUN_000fb4ec	part_026	converted
0xfb546	597	FUN_000fb546	part_026	converted
0xfb79c	113	FUN_000fb79c	part_026	converted
0xfb80e	289	FUN_000fb80e	part_026	converted
0xfb930	247	FUN_000fb930	part_026	converted
0xfbaca	568	FUN_000fbaca	part_026	converted
0xfbd02	1637	FUN_000fbd02	part_026	converted
0xfc3f6	4675	FUN_000fc3f6	part_026	converted
0xfd68a	1322	FUN_000fd68a	part_026	converted
0xfdbb4	444	FUN_000fdbb4	part_026	converted
0xfdd90	649	FUN_000fdd90	part_027	converted
0xfe01a	619	FUN_000fe01a	part_027	converted
0xfe286	11842	FUN_000fe286	part_027	converted
0x101182	193	FUN_00101182	part_027	converted
0x101244	1571	FUN_00101244	part_027	converted
0x109c0e	27	FUN_00109c0e	part_027	converted
0x109c2a	102	FUN_00109c2a	part_027	converted
0x109c90	7	FUN_00109c90	part_027	converted
0x109c98	14	FUN_00109c98	part_027	converted
0x109ca6	5	FUN_00109ca6	part_027	converted
0x109cac	40	FUN_00109cac	part_027	converted
0x109cd4	71	FUN_00109cd4	part_027	converted
0x109d1c	43	FUN_00109d1c	part_027	converted
0x109d48	61	FUN_00109d48	part_027	converted
0x109d86	97	FUN_00109d86	part_027	converted
0x109de8	61	FUN_00109de8	part_027	converted
0x109e26	28	FUN_00109e26	part_027	converted
0x109e42	31	FUN_00109e42	part_027	converted
0x109e62	54	FUN_00109e62	part_027	converted
0x109e98	62	FUN_00109e98	part_027	converted
0x109ed6	125	FUN_00109ed6	part_027	converted
0x109f54	79	FUN_00109f54	part_027	converted
0x109fa4	148	FUN_00109fa4	part_027	converted
0x10a038	79	FUN_0010a038	part_027	converted
0x10a088	73	FUN_0010a088	part_027	converted
0x10a0d2	55	FUN_0010a0d2	part_027	converted
0x10a10a	32	FUN_0010a10a	part_027	converted
0x10a12a	35	FUN_0010a12a	part_027	converted
0x10a14e	43	FUN_0010a14e	part_027	converted
0x10a17a	72	FUN_0010a17a	part_027	converted
0x10a1c2	131	FUN_0010a1c2	part_027	converted
0x10a246	52	FUN_0010a246	part_027	converted
0x10a27a	45	FUN_0010a27a	part_027	converted
0x10a2a8	119	FUN_0010a2a8	part_027	converted
0x10a320	57	FUN_0010a320	part_027	converted
0x10a35a	50	FUN_0010a35a	part_027	converted
0x10a38c	53	FUN_0010a38c	part_027	converted
0x10a3c2	72	FUN_0010a3c2	part_027	converted
0x10a40a	106	FUN_0010a40a	part_027	converted
0x10a474	84	FUN_0010a474	part_027	converted
0x10a4c8	91	FUN_0010a4c8	part_027	converted
0x10a524	104	FUN_0010a524	part_027	converted
0x10a58c	53	FUN_0010a58c	part_027	converted
0x10a5c2	53	FUN_0010a5c2	part_027	converted
0x10a5f8	53	FUN_0010a5f8	part_027	converted
0x10a62e	40	FUN_0010a62e	part_027	converted
0x10a656	40	FUN_0010a656	part_027	converted
0x10a67e	39	FUN_0010a67e	part_027	converted
0x10a6a6	136	FUN_0010a6a6	part_027	converted
0x10a72e	79	FUN_0010a72e	part_027	converted
0x10a77e	72	FUN_0010a77e	part_027	converted
0x10a7c6	79	FUN_0010a7c6	part_027	converted
0x10a816	39	FUN_0010a816	part_027	converted
0x10a83e	31	FUN_0010a83e	part_027	converted
0x10a85e	289	FUN_0010a85e	part_027	converted
0x10a980	49	FUN_0010a980	part_027	converted
0x10a9b2	143	FUN_0010a9b2	part_027	converted
0x10aa42	174	FUN_0010aa42	part_027	converted
0x10aaf0	79	FUN_0010aaf0	part_027	converted
0x10ab40	149	FUN_0010ab40	part_027	converted
0x10abd6	89	FUN_0010abd6	part_028	converted
0x10ac30	316	FUN_0010ac30	part_028	converted
0x10ad9e	316	FUN_0010ad9e	part_028	converted
0x10af0c	457	FUN_0010af0c	part_028	converted
0x10b0f4	139	FUN_0010b0f4	part_028	converted
0x10b180	41	FUN_0010b180	part_028	converted
0x10b1aa	83	FUN_0010b1aa	part_028	converted
0x10b1fe	511	FUN_0010b1fe	part_028	converted
0x10b3fe	44	FUN_0010b3fe	part_028	converted
0x10b42a	95	FUN_0010b42a	part_028	converted
0x10b48a	238	FUN_0010b48a	part_028	converted
0x10b578	154	FUN_0010b578	part_028	converted
0x10b612	56	FUN_0010b612	part_028	converted
0x10b64a	154	FUN_0010b64a	part_028	converted
0x10b6e4	114	FUN_0010b6e4	part_028	converted
0x10b756	113	FUN_0010b756	part_028	converted
0x10b7c8	149	FUN_0010b7c8	part_028	converted
0x10b85e	59	FUN_0010b85e	part_028	converted
0x10b89a	110	FUN_0010b89a	part_028	converted
0x10b908	250	FUN_0010b908	part_028	converted
0x10ba02	426	FUN_0010ba02	part_028	converted
0x10bbac	114	FUN_0010bbac	part_028	converted
0x10bc1e	125	FUN_0010bc1e	part_028	converted
0x10bc9c	485	FUN_0010bc9c	part_028	converted
0x10be9e	499	FUN_0010be9e	part_028	converted
0x10c092	73	FUN_0010c092	part_028	converted
0x10c0dc	42	FUN_0010c0dc	part_028	converted
0x10c106	106	FUN_0010c106	part_028	converted
0x10c170	29	FUN_0010c170	part_028	converted
0x10c18e	506	FUN_0010c18e	part_028	converted
0x10c388	479	FUN_0010c388	part_028	converted
0x10c568	92	FUN_0010c568	part_028	converted
0x10c5c4	255	FUN_0010c5c4	part_028	converted
0x10c6c4	42	FUN_0010c6c4	part_028	converted
0x10c6ee	631	FUN_0010c6ee	part_028	converted
0x10c966	76	FUN_0010c966	part_028	converted
0x10c9b2	76	FUN_0010c9b2	part_028	converted
0x10c9fe	73	FUN_0010c9fe	part_028	converted
0x10ca48	73	FUN_0010ca48	part_028	converted
0x10ca92	73	FUN_0010ca92	part_028	converted
0x10cadc	73	FUN_0010cadc	part_028	converted
0x10cb26	76	FUN_0010cb26	part_028	converted
0x10cb72	146	FUN_0010cb72	part_028	converted
0x10cc04	146	FUN_0010cc04	part_028	converted
0x10cc96	83	FUN_0010cc96	part_028	converted
0x10cd08	56	FUN_0010cd08	part_028	converted
0x10cd40	56	FUN_0010cd40	part_028	converted
0x10cd78	69	FUN_0010cd78	part_028	converted
0x10cddc	281	FUN_0010cddc	part_028	converted
0x10cf10	66	FUN_0010cf10	part_028	converted
0x10cf52	281	FUN_0010cf52	part_028	converted
0x10d086	69	FUN_0010d086	part_028	converted
0x10d0ea	69	FUN_0010d0ea	part_028	converted
0x10d14e	66	FUN_0010d14e	part_028	converted
0x10d190	69	FUN_0010d190	part_028	converted
0x10d1f4	76	FUN_0010d1f4	part_028	converted
0x10d240	76	FUN_0010d240	part_028	converted
0x10d28c	76	FUN_0010d28c	part_028	converted
0x10d2d8	66	FUN_0010d2d8	part_028	converted
0x10d31a	88	FUN_0010d31a	part_028	converted
0x10d372	69	FUN_0010d372	part_029	converted
0x10d3d6	88	FUN_0010d3d6	part_029	converted
0x10d42e	66	FUN_0010d42e	part_029	converted
0x10d470	69	FUN_0010d470	part_029	converted
0x10d4d4	69	FUN_0010d4d4	part_029	converted
0x10d538	66	FUN_0010d538	part_029	converted
0x10d57a	101	FUN_0010d57a	part_029	converted
0x10d5e0	66	FUN_0010d5e0	part_029	converted
0x10d622	69	FUN_0010d622	part_029	converted
0x10d686	69	FUN_0010d686	part_029	converted
0x10d6ea	66	FUN_0010d6ea	part_029	converted
0x10d72c	100	FUN_0010d72c	part_029	converted
0x10d7ac	91	FUN_0010d7ac	part_029	converted
0x10d822	69	FUN_0010d822	part_029	converted
0x10d886	91	FUN_0010d886	part_029	converted
0x10d8fc	66	FUN_0010d8fc	part_029	converted
0x10d93e	69	FUN_0010d93e	part_029	converted
0x10d9a2	69	FUN_0010d9a2	part_029	converted
0x10da06	66	FUN_0010da06	part_029	converted
0x10da48	66	FUN_0010da48	part_029	converted
0x10da8a	69	FUN_0010da8a	part_029	converted
0x10daee	69	FUN_0010daee	part_029	converted
0x10db52	101	FUN_0010db52	part_029	converted
0x10dbb8	69	FUN_0010dbb8	part_029	converted
0x10dc1c	69	FUN_0010dc1c	part_029	converted
0x10dc80	303	FUN_0010dc80	part_029	converted
0x10ddca	86	FUN_0010ddca	part_029	converted
0x10de3c	87	FUN_0010de3c	part_029	converted
0x10deae	87	FUN_0010deae	part_029	converted
0x10df20	69	FUN_0010df20	part_029	converted
0x10df66	69	FUN_0010df66	part_029	converted
0x10dfac	303	FUN_0010dfac	part_029	converted
0x10e0f6	86	FUN_0010e0f6	part_029	converted
0x10e168	69	FUN_0010e168	part_029	converted
0x10e1cc	100	FUN_0010e1cc	part_029	converted
0x10e24c	69	FUN_0010e24c	part_029	converted
0x10e2b0	67	FUN_0010e2b0	part_029	converted
0x10e2f4	67	FUN_0010e2f4	part_029	converted
0x10e338	57	FUN_0010e338	part_029	converted
0x10e372	57	FUN_0010e372	part_029	converted
0x10e3ac	57	FUN_0010e3ac	part_029	converted
0x10e3e6	57	FUN_0010e3e6	part_029	converted
0x10e420	66	FUN_0010e420	part_029	converted
0x10e462	76	FUN_0010e462	part_029	converted
0x10e4ae	69	FUN_0010e4ae	part_029	converted
0x10e512	76	FUN_0010e512	part_029	converted
0x10e55e	77	FUN_0010e55e	part_029	converted
0x10e5ac	77	FUN_0010e5ac	part_029	converted
0x10e5fa	57	FUN_0010e5fa	part_029	converted
0x10e634	57	FUN_0010e634	part_029	converted
0x10e66e	57	FUN_0010e66e	part_029	converted
0x10e6a8	57	FUN_0010e6a8	part_029	converted
0x10e6e2	281	FUN_0010e6e2	part_029	converted
0x10e7fc	281	FUN_0010e7fc	part_029	converted
0x10e916	106	FUN_0010e916	part_029	converted
0x10e980	106	FUN_0010e980	part_029	converted
0x10e9ea	86	FUN_0010e9ea	part_029	converted
0x10ea40	69	FUN_0010ea40	part_029	converted
0x10eaa4	86	FUN_0010eaa4	part_029	converted
0x10eafa	87	FUN_0010eafa	part_029	converted
0x10eb52	87	FUN_0010eb52	part_030	converted
0x10ebaa	124	FUN_0010ebaa	part_030	converted
0x10ec42	124	FUN_0010ec42	part_030	converted
0x10ecda	122	FUN_0010ecda	part_030	converted
0x10ed70	69	FUN_0010ed70	part_030	converted
0x10edd4	122	FUN_0010edd4	part_030	converted
0x10ee6a	114	FUN_0010ee6a	part_030	converted
0x10eef8	114	FUN_0010eef8	part_030	converted
0x10ef86	66	FUN_0010ef86	part_030	converted
0x10efc8	76	FUN_0010efc8	part_030	converted
0x10f014	76	FUN_0010f014	part_030	converted
0x10f060	69	FUN_0010f060	part_030	converted
0x10f0c4	77	FUN_0010f0c4	part_030	converted
0x10f112	77	FUN_0010f112	part_030	converted
0x10f160	76	FUN_0010f160	part_030	converted
0x10f1ac	76	FUN_0010f1ac	part_030	converted
0x10f1f8	69	FUN_0010f1f8	part_030	converted
0x10f25c	87	FUN_0010f25c	part_030	converted
0x10f2b4	87	FUN_0010f2b4	part_030	converted
0x10f30c	69	FUN_0010f30c	part_030	converted
0x10f370	73	FUN_0010f370	part_030	converted
0x10f3ba	73	FUN_0010f3ba	part_030	converted
0x10f404	69	FUN_0010f404	part_030	converted
0x10f468	73	FUN_0010f468	part_030	converted
0x10f4b2	73	FUN_0010f4b2	part_030	converted
0x10f4fc	69	FUN_0010f4fc	part_030	converted
0x10f560	122	FUN_0010f560	part_030	converted
0x10f5da	122	FUN_0010f5da	part_030	converted
0x10f654	69	FUN_0010f654	part_030	converted
0x10f6b8	185	FUN_0010f6b8	part_030	converted
0x10f790	185	FUN_0010f790	part_030	converted
0x10f868	101	FUN_0010f868	part_030	converted
0x10f8e8	101	FUN_0010f8e8	part_030	converted
0x10f968	69	FUN_0010f968	part_030	converted
0x10f9cc	101	FUN_0010f9cc	part_030	converted
0x10fa4c	101	FUN_0010fa4c	part_030	converted
0x10facc	69	FUN_0010facc	part_030	converted
0x10fb30	82	FUN_0010fb30	part_030	converted
0x10fb82	82	FUN_0010fb82	part_030	converted
0x10fbd4	82	FUN_0010fbd4	part_030	converted
0x10fc26	82	FUN_0010fc26	part_030	converted
0x10fc78	64	FUN_0010fc78	part_030	converted
0x10fcb8	64	FUN_0010fcb8	part_030	converted
0x10fcf8	64	FUN_0010fcf8	part_030	converted
0x10fd38	64	FUN_0010fd38	part_030	converted
0x10fd78	20	FUN_0010fd78	part_030	converted
0x10fd8c	47	FUN_0010fd8c	part_030	converted
0x10fdbc	48	FUN_0010fdbc	part_030	converted
0x10fdec	150	FUN_0010fdec	part_030	converted
0x10fe82	210	FUN_0010fe82	part_030	converted
0x10ff54	141	FUN_0010ff54	part_030	converted
0x110000	226	FUN_00110000	part_030	converted
0x1100e2	46	FUN_001100e2	part_030	converted
0x110110	460	FUN_00110110	part_030	converted
0x1102fa	103	FUN_001102fa	part_030	converted
0x110362	204	FUN_00110362	part_030	converted
0x11042e	95	FUN_0011042e	part_030	converted
0x11048e	87	FUN_0011048e	part_030	converted
0x1104e6	303	FUN_001104e6	part_030	converted
0x11062e	286	FUN_0011062e	part_030	converted
0x11074c	50	FUN_0011074c	part_031	converted
0x110958	77	FUN_00110958	part_031	converted
0x110a08	49	FUN_00110a08	part_031	converted
0x110a3a	86	FUN_00110a3a	part_031	converted
0x110b92	122	FUN_00110b92	part_031	converted
0x110c0c	198	FUN_00110c0c	part_031	converted
0x110cd2	196	FUN_00110cd2	part_031	converted
0x110d96	399	FUN_00110d96	part_031	converted
0x110f42	381	FUN_00110f42	part_031	converted
0x1110c0	1231	FUN_001110c0	part_031	converted
0x111598	262	FUN_00111598	part_031	converted
0x11169e	419	FUN_0011169e	part_031	converted
0x111842	1415	FUN_00111842	part_031	converted
0x111dca	1284	FUN_00111dca	part_031	converted
0x1122ce	385	FUN_001122ce	part_031	converted
0x112450	633	FUN_00112450	part_031	converted
0x1126d2	412	FUN_001126d2	part_031	converted
0x11286e	811	FUN_0011286e	part_031	converted
0x112ba2	1198	FUN_00112ba2	part_031	converted
0x113058	103	FUN_00113058	part_031	converted
0x1130c0	168	FUN_001130c0	part_031	converted
0x113168	168	FUN_00113168	part_031	converted
0x113210	35	FUN_00113210	part_031	converted
0x113234	37	FUN_00113234	part_031	converted
0x11325a	90	FUN_0011325a	part_031	converted
0x1132b4	32	FUN_001132b4	part_031	converted
0x1132d4	14	FUN_001132d4	part_031	converted
0x1132e2	39	FUN_001132e2	part_031	converted
0x11330a	25	FUN_0011330a	part_031	converted
0x113324	43	FUN_00113324	part_031	converted
0x113350	21	FUN_00113350	part_031	converted
0x113366	127	FUN_00113366	part_031	converted
0x1133e6	14	FUN_001133e6	part_031	converted
0x1133f4	14	FUN_001133f4	part_031	converted
0x113402	10	FUN_00113402	part_031	converted
0x11340c	10	FUN_0011340c	part_031	converted
0x113416	10	FUN_00113416	part_031	converted
0x113420	39	FUN_00113420	part_031	converted
0x113448	39	FUN_00113448	part_031	converted
0x113470	171	FUN_00113470	part_031	converted
0x11351c	16	FUN_0011351c	part_031	converted
0x11352c	240	FUN_0011352c	part_031	converted
0x11361c	163	FUN_0011361c	part_031	converted
0x1136d6	163	FUN_001136d6	part_031	converted
0x113790	174	FUN_00113790	part_031	converted
0x113860	174	FUN_00113860	part_031	converted
0x113930	54	FUN_00113930	part_031	converted
0x113966	66	FUN_00113966	part_031	converted
0x1139a8	63	FUN_001139a8	part_031	converted
0x1139e8	106	FUN_001139e8	part_031	converted
0x113a52	45	FUN_00113a52	part_031	converted
0x113a80	34	FUN_00113a80	part_031	converted
0x113aa2	16	FUN_00113aa2	part_031	converted
0x113ab2	163	FUN_00113ab2	part_031	converted
0x113b56	55	FUN_00113b56	part_031	converted
0x113b8e	50	FUN_00113b8e	part_031	converted
0x113bc0	55	FUN_00113bc0	part_031	converted
0x113bf8	70	FUN_00113bf8	part_031	converted
0x113c3e	74	FUN_00113c3e	part_031	converted
0x113c88	74	FUN_00113c88	part_031	converted
0x113cd2	83	FUN_00113cd2	part_032	converted
0x113d26	33	FUN_00113d26	part_032	converted
0x113d48	75	FUN_00113d48	part_032	converted
0x113d94	82	FUN_00113d94	part_032	converted
0x113de6	65	FUN_00113de6	part_032	converted
0x113e28	96	FUN_00113e28	part_032	converted
0x113e88	519	FUN_00113e88	part_032	converted
0x114090	105	FUN_00114090	part_032	converted
0x1140fa	548	FUN_001140fa	part_032	converted
0x11431e	1162	FUN_0011431e	part_032	converted
0x1147a8	9	FUN_001147a8	part_032	converted
0x1147b2	9	FUN_001147b2	part_032	converted
0x1147bc	309	FUN_001147bc	part_032	converted
0x1148f2	521	FUN_001148f2	part_032	converted
0x114afc	325	FUN_00114afc	part_032	converted
0x114c42	484	FUN_00114c42	part_032	converted
0x114e26	250	FUN_00114e26	part_032	converted
0x114f20	352	FUN_00114f20	part_032	converted
0x115080	296	FUN_00115080	part_032	converted
0x1151a8	413	FUN_001151a8	part_032	converted
0x115346	224	FUN_00115346	part_032	converted
0x115426	903	FUN_00115426	part_032	converted
0x1157ce	9800	FUN_001157ce	part_032	converted
0x117f44	2103	FUN_00117f44	part_032	converted
0x1187c0	1907	FUN_001187c0	part_032	converted
0x118f34	49	FUN_00118f34	part_032	converted
0x118f66	20	FUN_00118f66	part_032	converted
0x118f7a	54	FUN_00118f7a	part_032	converted
0x118fb0	14	FUN_00118fb0	part_032	converted
0x118fbe	14	FUN_00118fbe	part_032	converted
0x118fcc	95	FUN_00118fcc	part_032	converted
0x11902c	54	FUN_0011902c	part_032	converted
0x119062	54	FUN_00119062	part_032	converted
0x119098	54	FUN_00119098	part_032	converted
0x1190ce	54	FUN_001190ce	part_032	converted
0x119104	54	FUN_00119104	part_032	converted
0x11913a	54	FUN_0011913a	part_032	converted
0x119170	54	FUN_00119170	part_032	converted
0x1191a6	54	FUN_001191a6	part_032	converted
0x1191dc	54	FUN_001191dc	part_032	converted
0x119212	49	FUN_00119212	part_032	converted
0x119244	49	FUN_00119244	part_032	converted
0x119276	49	FUN_00119276	part_032	converted
0x1192a8	49	FUN_001192a8	part_032	converted
0x1192da	58	FUN_001192da	part_032	converted
0x119314	125	FUN_00119314	part_032	converted
0x119392	37	FUN_00119392	part_032	converted
0x1193b8	38	FUN_001193b8	part_032	converted
0x1193de	38	FUN_001193de	part_032	converted
0x119404	55	FUN_00119404	part_032	converted
0x11943c	66	FUN_0011943c	part_032	converted
0x11947e	66	FUN_0011947e	part_032	converted
0x1194c0	69	FUN_001194c0	part_032	converted
0x119506	45	FUN_00119506	part_032	converted
0x119534	45	FUN_00119534	part_032	converted
0x119562	68	FUN_00119562	part_032	converted
0x1195a6	98	FUN_001195a6	part_032	converted
0x119608	25	FUN_00119608	part_032	converted
0x119622	25	FUN_00119622	part_032	converted
0x11963c	25	FUN_0011963c	part_032	converted
0x119656	25	FUN_00119656	part_033	converted
0x119670	25	FUN_00119670	part_033	converted
0x11968a	25	FUN_0011968a	part_033	converted
0x1196a4	25	FUN_001196a4	part_033	converted
0x1196be	25	FUN_001196be	part_033	converted
0x1196d8	25	FUN_001196d8	part_033	converted
0x1196f2	25	FUN_001196f2	part_033	converted
0x11970c	25	FUN_0011970c	part_033	converted
0x119726	25	FUN_00119726	part_033	converted
0x119740	25	FUN_00119740	part_033	converted
0x11975a	25	FUN_0011975a	part_033	converted
0x119774	25	FUN_00119774	part_033	converted
0x11978e	25	FUN_0011978e	part_033	converted
0x1197a8	25	FUN_001197a8	part_033	converted
0x1197c2	25	FUN_001197c2	part_033	converted
0x1197dc	25	FUN_001197dc	part_033	converted
0x1197f6	25	FUN_001197f6	part_033	converted
0x119810	25	FUN_00119810	part_033	converted
0x11982a	25	FUN_0011982a	part_033	converted
0x119844	25	FUN_00119844	part_033	converted
0x11985e	25	FUN_0011985e	part_033	converted
0x119878	25	FUN_00119878	part_033	converted
0x119892	25	FUN_00119892	part_033	converted
0x1198ac	25	FUN_001198ac	part_033	converted
0x1198c6	25	FUN_001198c6	part_033	converted
0x1198e0	25	FUN_001198e0	part_033	converted
0x1198fa	25	FUN_001198fa	part_033	converted
0x119914	25	FUN_00119914	part_033	converted
0x11992e	25	FUN_0011992e	part_033	converted
0x119948	25	FUN_00119948	part_033	converted
0x119962	25	FUN_00119962	part_033	converted
0x11997c	25	FUN_0011997c	part_033	converted
0x119996	25	FUN_00119996	part_033	converted
0x1199b0	25	FUN_001199b0	part_033	converted
0x1199ca	25	FUN_001199ca	part_033	converted
0x1199e4	25	FUN_001199e4	part_033	converted
0x1199fe	25	FUN_001199fe	part_033	converted
0x119a18	25	FUN_00119a18	part_033	converted
0x119a32	25	FUN_00119a32	part_033	converted
0x119a4c	25	FUN_00119a4c	part_033	converted
0x119a66	25	FUN_00119a66	part_033	converted
0x119a80	25	FUN_00119a80	part_033	converted
0x119a9a	25	FUN_00119a9a	part_033	converted
0x119ab4	25	FUN_00119ab4	part_033	converted
0x119ace	25	FUN_00119ace	part_033	converted
0x119ae8	25	FUN_00119ae8	part_033	converted
0x119b02	25	FUN_00119b02	part_033	converted
0x119b1c	25	FUN_00119b1c	part_033	converted
0x119b36	25	FUN_00119b36	part_033	converted
0x119b50	25	FUN_00119b50	part_033	converted
0x119b6a	25	FUN_00119b6a	part_033	converted
0x119b84	25	FUN_00119b84	part_033	converted
0x119b9e	25	FUN_00119b9e	part_033	converted
0x119bb8	25	FUN_00119bb8	part_033	converted
0x119bd2	25	FUN_00119bd2	part_033	converted
0x119bec	25	FUN_00119bec	part_033	converted
0x119c06	25	FUN_00119c06	part_033	converted
0x119c20	25	FUN_00119c20	part_033	converted
0x119c3a	25	FUN_00119c3a	part_033	converted
0x119c54	25	FUN_00119c54	part_033	converted
0x119c6e	25	FUN_00119c6e	part_034	converted
0x119c88	25	FUN_00119c88	part_034	converted
0x119ca2	25	FUN_00119ca2	part_034	converted
0x119cbc	25	FUN_00119cbc	part_034	converted
0x119cd6	25	FUN_00119cd6	part_034	converted
0x119cf0	25	FUN_00119cf0	part_034	converted
0x119d0a	25	FUN_00119d0a	part_034	converted
0x119d24	25	FUN_00119d24	part_034	converted
0x119d3e	25	FUN_00119d3e	part_034	converted
0x119d58	25	FUN_00119d58	part_034	converted
0x119d72	25	FUN_00119d72	part_034	converted
0x119d8c	25	FUN_00119d8c	part_034	converted
0x119da6	25	FUN_00119da6	part_034	converted
0x119dc0	25	FUN_00119dc0	part_034	converted
0x119dda	25	FUN_00119dda	part_034	converted
0x119df4	25	FUN_00119df4	part_034	converted
0x119e0e	25	FUN_00119e0e	part_034	converted
0x119e28	25	FUN_00119e28	part_034	converted
0x119e42	25	FUN_00119e42	part_034	converted
0x119e5c	25	FUN_00119e5c	part_034	converted
0x119e76	25	FUN_00119e76	part_034	converted
0x119e90	25	FUN_00119e90	part_034	converted
0x119eaa	25	FUN_00119eaa	part_034	converted
0x119ec4	25	FUN_00119ec4	part_034	converted
0x119ede	25	FUN_00119ede	part_034	converted
0x119ef8	25	FUN_00119ef8	part_034	converted
0x119f12	25	FUN_00119f12	part_034	converted
0x119f2c	25	FUN_00119f2c	part_034	converted
0x119f46	25	FUN_00119f46	part_034	converted
0x119f60	25	FUN_00119f60	part_034	converted
0x119f7a	25	FUN_00119f7a	part_034	converted
0x119f94	25	FUN_00119f94	part_034	converted
0x119fae	25	FUN_00119fae	part_034	converted
0x119fc8	25	FUN_00119fc8	part_034	converted
0x119fe2	25	FUN_00119fe2	part_034	converted
0x119ffc	25	FUN_00119ffc	part_034	converted
0x11a016	25	FUN_0011a016	part_034	converted
0x11a030	25	FUN_0011a030	part_034	converted
0x11a04a	25	FUN_0011a04a	part_034	converted
0x11a064	25	FUN_0011a064	part_034	converted
0x11a07e	25	FUN_0011a07e	part_034	converted
0x11a098	25	FUN_0011a098	part_034	converted
0x11a0b2	25	FUN_0011a0b2	part_034	converted
0x11a0cc	25	FUN_0011a0cc	part_034	converted
0x11a0e6	25	FUN_0011a0e6	part_034	converted
0x11a100	25	FUN_0011a100	part_034	converted
0x11a11a	25	FUN_0011a11a	part_034	converted
0x11a134	25	FUN_0011a134	part_034	converted
0x11a14e	25	FUN_0011a14e	part_034	converted
0x11a168	25	FUN_0011a168	part_034	converted
0x11a182	25	FUN_0011a182	part_034	converted
0x11a19c	25	FUN_0011a19c	part_034	converted
0x11a1b6	25	FUN_0011a1b6	part_034	converted
0x11a1d0	25	FUN_0011a1d0	part_034	converted
0x11a1ea	25	FUN_0011a1ea	part_034	converted
0x11a204	25	FUN_0011a204	part_034	converted
0x11a21e	25	FUN_0011a21e	part_034	converted
0x11a238	25	FUN_0011a238	part_034	converted
0x11a252	25	FUN_0011a252	part_034	converted
0x11a26c	25	FUN_0011a26c	part_034	converted
0x11a286	25	FUN_0011a286	part_035	converted
0x11a2a0	25	FUN_0011a2a0	part_035	converted
0x11a2ba	25	FUN_0011a2ba	part_035	converted
0x11a2d4	25	FUN_0011a2d4	part_035	converted
0x11a2ee	25	FUN_0011a2ee	part_035	converted
0x11a308	25	FUN_0011a308	part_035	converted
0x11a322	25	FUN_0011a322	part_035	converted
0x11a33c	25	FUN_0011a33c	part_035	converted
0x11a356	25	FUN_0011a356	part_035	converted
0x11a370	25	FUN_0011a370	part_035	converted
0x11a38a	25	FUN_0011a38a	part_035	converted
0x11a3a4	25	FUN_0011a3a4	part_035	converted
0x11a3be	25	FUN_0011a3be	part_035	converted
0x11a3d8	25	FUN_0011a3d8	part_035	converted
0x11a3f2	25	FUN_0011a3f2	part_035	converted
0x11a40c	25	FUN_0011a40c	part_035	converted
0x11a426	25	FUN_0011a426	part_035	converted
0x11a440	25	FUN_0011a440	part_035	converted
0x11a45a	25	FUN_0011a45a	part_035	converted
0x11a474	25	FUN_0011a474	part_035	converted
0x11a48e	25	FUN_0011a48e	part_035	converted
0x11a4a8	25	FUN_0011a4a8	part_035	converted
0x11a4c2	25	FUN_0011a4c2	part_035	converted
0x11a4dc	25	FUN_0011a4dc	part_035	converted
0x11a4f6	25	FUN_0011a4f6	part_035	converted
0x11a510	25	FUN_0011a510	part_035	converted
0x11a52a	25	FUN_0011a52a	part_035	converted
0x11a544	25	FUN_0011a544	part_035	converted
0x11a55e	25	FUN_0011a55e	part_035	converted
0x11a578	25	FUN_0011a578	part_035	converted
0x11a592	25	FUN_0011a592	part_035	converted
0x11a5ac	25	FUN_0011a5ac	part_035	converted
0x11a5c6	25	FUN_0011a5c6	part_035	converted
0x11a5e0	25	FUN_0011a5e0	part_035	converted
0x11a5fa	25	FUN_0011a5fa	part_035	converted
0x11a614	25	FUN_0011a614	part_035	converted
0x11a62e	25	FUN_0011a62e	part_035	converted
0x11a648	25	FUN_0011a648	part_035	converted
0x11a662	25	FUN_0011a662	part_035	converted
0x11a67c	25	FUN_0011a67c	part_035	converted
0x11a696	25	FUN_0011a696	part_035	converted
0x11a6b0	25	FUN_0011a6b0	part_035	converted
0x11a6ca	25	FUN_0011a6ca	part_035	converted
0x11a6e4	25	FUN_0011a6e4	part_035	converted
0x11a6fe	25	FUN_0011a6fe	part_035	converted
0x11a718	25	FUN_0011a718	part_035	converted
0x11a732	25	FUN_0011a732	part_035	converted
0x11a74c	25	FUN_0011a74c	part_035	converted
0x11a766	25	FUN_0011a766	part_035	converted
0x11a780	25	FUN_0011a780	part_035	converted
0x11a79a	25	FUN_0011a79a	part_035	converted
0x11a7b4	25	FUN_0011a7b4	part_035	converted
0x11a7ce	25	FUN_0011a7ce	part_035	converted
0x11a7e8	25	FUN_0011a7e8	part_035	converted
0x11a802	25	FUN_0011a802	part_035	converted
0x11a81c	25	FUN_0011a81c	part_035	converted
0x11a836	25	FUN_0011a836	part_035	converted
0x11a850	25	FUN_0011a850	part_035	converted
0x11a86a	25	FUN_0011a86a	part_035	converted
0x11a884	25	FUN_0011a884	part_035	converted
0x11a89e	25	FUN_0011a89e	part_036	converted
0x11a8b8	25	FUN_0011a8b8	part_036	converted
0x11a8d2	25	FUN_0011a8d2	part_036	converted
0x11a8ec	25	FUN_0011a8ec	part_036	converted
0x11a906	25	FUN_0011a906	part_036	converted
0x11a920	25	FUN_0011a920	part_036	converted
0x11a93a	25	FUN_0011a93a	part_036	converted
0x11a954	25	FUN_0011a954	part_036	converted
0x11a96e	25	FUN_0011a96e	part_036	converted
0x11a988	25	FUN_0011a988	part_036	converted
0x11a9a2	25	FUN_0011a9a2	part_036	converted
0x11a9bc	25	FUN_0011a9bc	part_036	converted
0x11a9d6	25	FUN_0011a9d6	part_036	converted
0x11a9f0	25	FUN_0011a9f0	part_036	converted
0x11aa0a	25	FUN_0011aa0a	part_036	converted
0x11aa24	25	FUN_0011aa24	part_036	converted
0x11aa3e	25	FUN_0011aa3e	part_036	converted
0x11aa58	25	FUN_0011aa58	part_036	converted
0x11aa72	25	FUN_0011aa72	part_036	converted
0x11aa8c	25	FUN_0011aa8c	part_036	converted
0x11aaa6	25	FUN_0011aaa6	part_036	converted
0x11aac0	25	FUN_0011aac0	part_036	converted
0x11aada	25	FUN_0011aada	part_036	converted
0x11aaf4	25	FUN_0011aaf4	part_036	converted
0x11ab0e	25	FUN_0011ab0e	part_036	converted
0x11ab28	25	FUN_0011ab28	part_036	converted
0x11ab42	25	FUN_0011ab42	part_036	converted
0x11ab5c	25	FUN_0011ab5c	part_036	converted
0x11ab76	25	FUN_0011ab76	part_036	converted
0x11ab90	25	FUN_0011ab90	part_036	converted
0x11abaa	25	FUN_0011abaa	part_036	converted
0x11abc4	25	FUN_0011abc4	part_036	converted
0x11abde	25	FUN_0011abde	part_036	converted
0x11abf8	25	FUN_0011abf8	part_036	converted
0x11ac12	25	FUN_0011ac12	part_036	converted
0x11ac2c	25	FUN_0011ac2c	part_036	converted
0x11ac46	25	FUN_0011ac46	part_036	converted
0x11ac60	25	FUN_0011ac60	part_036	converted
0x11ac7a	25	FUN_0011ac7a	part_036	converted
0x11ac94	25	FUN_0011ac94	part_036	converted
0x11acae	25	FUN_0011acae	part_036	converted
0x11acc8	25	FUN_0011acc8	part_036	converted
0x11ace2	25	FUN_0011ace2	part_036	converted
0x11acfc	25	FUN_0011acfc	part_036	converted
0x11ad16	25	FUN_0011ad16	part_036	converted
0x11ad30	25	FUN_0011ad30	part_036	converted
0x11ad4a	25	FUN_0011ad4a	part_036	converted
0x11ad64	25	FUN_0011ad64	part_036	converted
0x11ad7e	25	FUN_0011ad7e	part_036	converted
0x11ad98	25	FUN_0011ad98	part_036	converted
0x11adb2	25	FUN_0011adb2	part_036	converted
0x11adcc	25	FUN_0011adcc	part_036	converted
0x11ade6	25	FUN_0011ade6	part_036	converted
0x11ae00	25	FUN_0011ae00	part_036	converted
0x11ae1a	25	FUN_0011ae1a	part_036	converted
0x11ae34	25	FUN_0011ae34	part_036	converted
0x11ae4e	25	FUN_0011ae4e	part_036	converted
0x11ae68	25	FUN_0011ae68	part_036	converted
0x11ae82	25	FUN_0011ae82	part_036	converted
0x11ae9c	25	FUN_0011ae9c	part_036	converted
0x11aeb6	25	FUN_0011aeb6	part_037	converted
0x11aed0	25	FUN_0011aed0	part_037	converted
0x11aeea	25	FUN_0011aeea	part_037	converted
0x11af04	25	FUN_0011af04	part_037	converted
0x11af1e	25	FUN_0011af1e	part_037	converted
0x11af38	25	FUN_0011af38	part_037	converted
0x11af52	25	FUN_0011af52	part_037	converted
0x11af6c	25	FUN_0011af6c	part_037	converted
0x11af86	25	FUN_0011af86	part_037	converted
0x11afa0	25	FUN_0011afa0	part_037	converted
0x11afba	41537	FUN_0011afba	part_037	DECOMPILE-FAILED
0x1251fc	10	FUN_001251fc	part_037	converted
0x125206	100	FUN_00125206	part_037	converted
0x12526a	71	FUN_0012526a	part_037	converted
0x1252b2	154	FUN_001252b2	part_037	converted
0x12534c	138	FUN_0012534c	part_037	converted
0x1253d6	51	FUN_001253d6	part_037	converted
0x12540a	310	FUN_0012540a	part_037	converted
0x125540	1002	FUN_00125540	part_037	converted
0x125948	1312	FUN_00125948	part_037	converted
0x125e68	609	FUN_00125e68	part_037	converted
0x1260ca	593	FUN_001260ca	part_037	converted
0x126338	153	FUN_00126338	part_037	converted
0x1263d2	784	FUN_001263d2	part_037	converted
0x1266e2	971	FUN_001266e2	part_037	converted
0x126aca	4091	FUN_00126aca	part_037	converted
0x127ac6	824	FUN_00127ac6	part_037	converted
0x127e92	1209	FUN_00127e92	part_037	converted
0x12837e	7573	FUN_0012837e	part_037	converted
0x12a21c	137	FUN_0012a21c	part_037	converted
0x12a2a6	30	FUN_0012a2a6	part_037	converted
0x12a2c4	39	FUN_0012a2c4	part_037	converted
0x12a2ec	57	FUN_0012a2ec	part_037	converted
0x12a326	87	FUN_0012a326	part_037	converted
0x12a37e	175	FUN_0012a37e	part_037	converted
0x12a42e	108	FUN_0012a42e	part_037	converted
0x12a49a	332	FUN_0012a49a	part_037	converted
0x12a628	235	FUN_0012a628	part_037	converted
0x12a734	126	FUN_0012a734	part_037	converted
0x12a7b2	144	FUN_0012a7b2	part_037	converted
0x12a842	178	FUN_0012a842	part_037	converted
0x12a8f4	241	FUN_0012a8f4	part_037	converted
0x12a9e6	154	FUN_0012a9e6	part_037	converted
0x12aa80	325	FUN_0012aa80	part_037	converted
0x12ac02	325	FUN_0012ac02	part_037	converted
0x12ad84	471	FUN_0012ad84	part_037	converted
0x12af7a	1423	FUN_0012af7a	part_037	converted
0x12b572	290	FUN_0012b572	part_037	converted
0x12b6b8	265	FUN_0012b6b8	part_037	converted
0x12b804	235	FUN_0012b804	part_037	converted
0x12b932	231	FUN_0012b932	part_037	converted
0x12ba5c	334	FUN_0012ba5c	part_037	converted
0x12bbdc	334	FUN_0012bbdc	part_037	converted
0x12bd5c	72	FUN_0012bd5c	part_037	converted
0x12bda4	72	FUN_0012bda4	part_037	converted
0x12bdec	88	FUN_0012bdec	part_037	converted
0x12be44	400	FUN_0012be44	part_037	converted
0x12c00e	371	FUN_0012c00e	part_037	converted
0x12c1be	371	FUN_0012c1be	part_037	converted
0x12c36e	88	FUN_0012c36e	part_037	converted
0x12c3c6	674	FUN_0012c3c6	part_038	converted
0x12c69a	674	FUN_0012c69a	part_038	converted
0x12c96e	1325	FUN_0012c96e	part_038	converted
0x12cefa	1325	FUN_0012cefa	part_038	converted
0x12d486	103	FUN_0012d486	part_038	converted
0x12d500	103	FUN_0012d500	part_038	converted
0x12d57a	80	FUN_0012d57a	part_038	converted
0x12d5ca	80	FUN_0012d5ca	part_038	converted
0x12d61a	400	FUN_0012d61a	part_038	converted
0x12d7e4	82	FUN_0012d7e4	part_038	converted
0x12d836	82	FUN_0012d836	part_038	converted
0x12d888	75	FUN_0012d888	part_038	converted
0x12d8d4	75	FUN_0012d8d4	part_038	converted
0x12d920	106	FUN_0012d920	part_038	converted
0x12d98a	81	FUN_0012d98a	part_038	converted
0x12d9dc	81	FUN_0012d9dc	part_038	converted
0x12da2e	67	FUN_0012da2e	part_038	converted
0x12da72	67	FUN_0012da72	part_038	converted
0x12dab6	313	FUN_0012dab6	part_038	converted
0x12dc20	313	FUN_0012dc20	part_038	converted
0x12dd8a	106	FUN_0012dd8a	part_038	converted
0x12ddf4	106	FUN_0012ddf4	part_038	converted
0x12de5e	106	FUN_0012de5e	part_038	converted
0x12dec8	106	FUN_0012dec8	part_038	converted
0x12df32	106	FUN_0012df32	part_038	converted
0x12df9c	29	FUN_0012df9c	part_038	converted
0x12dfba	29	FUN_0012dfba	part_038	converted
0x12dfd8	29	FUN_0012dfd8	part_038	converted
0x12dff6	29	FUN_0012dff6	part_038	converted
0x12e014	30	FUN_0012e014	part_038	converted
0x12e032	83	FUN_0012e032	part_038	converted
0x12e0a4	28	FUN_0012e0a4	part_038	converted
0x12e0c0	29	FUN_0012e0c0	part_038	converted
0x12e0de	24	FUN_0012e0de	part_038	converted
0x12e0f6	83	FUN_0012e0f6	part_038	converted
0x12e168	83	FUN_0012e168	part_038	converted
0x12e1da	83	FUN_0012e1da	part_038	converted
0x12e24c	83	FUN_0012e24c	part_038	converted
0x12e2be	83	FUN_0012e2be	part_038	converted
0x12e330	83	FUN_0012e330	part_038	converted
0x12e3a2	83	FUN_0012e3a2	part_038	converted
0x12e414	83	FUN_0012e414	part_038	converted
0x12e486	83	FUN_0012e486	part_038	converted
0x12e4f8	108	FUN_0012e4f8	part_038	converted
0x12e582	83	FUN_0012e582	part_038	converted
0x12e5f4	83	FUN_0012e5f4	part_038	converted
0x12e666	83	FUN_0012e666	part_038	converted
0x12e6d8	83	FUN_0012e6d8	part_038	converted
0x12e74a	83	FUN_0012e74a	part_038	converted
0x12e7bc	83	FUN_0012e7bc	part_038	converted
0x12e82e	83	FUN_0012e82e	part_038	converted
0x12e8a0	11	FUN_0012e8a0	part_038	converted
0x12e8ac	14	FUN_0012e8ac	part_038	converted
0x12e8ba	17	FUN_0012e8ba	part_038	converted
0x12e8cc	20	FUN_0012e8cc	part_038	converted
0x12e8e0	14	FUN_0012e8e0	part_038	converted
0x12e8ee	13	FUN_0012e8ee	part_038	converted
0x12e8fc	13	FUN_0012e8fc	part_038	converted
0x12e90a	68	FUN_0012e90a	part_038	converted
0x12e94e	203	FUN_0012e94e	part_038	converted
0x12ea1a	70	FUN_0012ea1a	part_039	converted
0x12ea60	118	FUN_0012ea60	part_039	converted
0x12ead6	83	FUN_0012ead6	part_039	converted
0x12eb2a	90	FUN_0012eb2a	part_039	converted
0x12eb84	89	FUN_0012eb84	part_039	converted
0x12ebde	55	FUN_0012ebde	part_039	converted
0x12ec16	89	FUN_0012ec16	part_039	converted
0x12ec70	120	FUN_0012ec70	part_039	converted
0x12ece8	151	FUN_0012ece8	part_039	converted
0x12ed80	44	FUN_0012ed80	part_039	converted
0x12edac	92	FUN_0012edac	part_039	converted
0x12ee08	118	FUN_0012ee08	part_039	converted
0x12ee7e	1164	FUN_0012ee7e	part_039	converted
0x12f36c	143	FUN_0012f36c	part_039	converted
0x12f3fc	28	FUN_0012f3fc	part_039	converted
0x12f418	35	FUN_0012f418	part_039	converted
0x12f43c	154	FUN_0012f43c	part_039	converted
0x12f4ea	18	FUN_0012f4ea	part_039	converted
0x12f4fc	22	FUN_0012f4fc	part_039	converted
0x12f512	21	FUN_0012f512	part_039	converted
0x12f528	16	FUN_0012f528	part_039	converted
0x12f538	470	FUN_0012f538	part_039	converted
0x12f70e	39	FUN_0012f70e	part_039	converted
0x12f736	5	FUN_0012f736	part_039	converted
0x12f73c	5	FUN_0012f73c	part_039	converted
0x12f742	282	FUN_0012f742	part_039	converted
0x12f85c	55	FUN_0012f85c	part_039	converted
0x12f894	95	FUN_0012f894	part_039	converted
0x12f8f4	40	FUN_0012f8f4	part_039	converted
0x12f91c	944	FUN_0012f91c	part_039	converted
0x12fccc	505	FUN_0012fccc	part_039	converted
0x12fec6	458	FUN_0012fec6	part_039	converted
0x130090	746	FUN_00130090	part_039	converted
0x13037a	470	FUN_0013037a	part_039	converted
0x130550	334	FUN_00130550	part_039	converted
0x1306b2	334	FUN_001306b2	part_039	converted
0x130814	151	FUN_00130814	part_039	converted
0x1308be	64	FUN_001308be	part_039	converted
0x1308fe	47	FUN_001308fe	part_039	converted
0x13092e	10	FUN_0013092e	part_039	converted
0x130938	10	FUN_00130938	part_039	converted
0x130942	46	FUN_00130942	part_039	converted
0x130970	5	FUN_00130970	part_039	converted
0x130976	50	FUN_00130976	part_039	converted
0x1309a8	607	FUN_001309a8	part_039	converted
0x130c08	5	FUN_00130c08	part_039	converted
0x130c0e	5	FUN_00130c0e	part_039	converted
0x130c14	16	FUN_00130c14	part_039	converted
0x130c24	39	FUN_00130c24	part_039	converted
0x130c4c	143	FUN_00130c4c	part_039	converted
0x130cdc	188	FUN_00130cdc	part_039	converted
0x130d98	106	FUN_00130d98	part_039	converted
0x130e02	232	FUN_00130e02	part_039	converted
0x130eea	95	FUN_00130eea	part_039	converted
0x130f4a	290	FUN_00130f4a	part_039	converted
0x13106c	610	FUN_0013106c	part_039	converted
0x1313b0	40	FUN_001313b0	part_039	converted
0x1313d8	293	FUN_001313d8	part_039	converted
0x1314fe	529	FUN_001314fe	part_039	converted
0x131746	321	FUN_00131746	part_039	converted
0x131888	153	FUN_00131888	part_040	converted
0x131922	151	FUN_00131922	part_040	converted
0x1319cc	303	FUN_001319cc	part_040	converted
0x131b0e	303	FUN_00131b0e	part_040	converted
0x131c50	118	FUN_00131c50	part_040	converted
0x131ce2	118	FUN_00131ce2	part_040	converted
0x131d74	122	FUN_00131d74	part_040	converted
0x131dee	130	FUN_00131dee	part_040	converted
0x131e70	22	FUN_00131e70	part_040	converted
0x131e88	90	FUN_00131e88	part_040	converted
0x131ee2	36	FUN_00131ee2	part_040	converted
0x131f06	56	FUN_00131f06	part_040	converted
0x131f3e	22	FUN_00131f3e	part_040	converted
0x131f54	22	FUN_00131f54	part_040	converted
0x131f6a	59	FUN_00131f6a	part_040	converted
0x131fa6	116	FUN_00131fa6	part_040	converted
0x13201a	350	FUN_0013201a	part_040	converted
0x132178	41	FUN_00132178	part_040	converted
0x1321a2	68	FUN_001321a2	part_040	converted
0x1321e6	205	FUN_001321e6	part_040	converted
0x1322b4	201	FUN_001322b4	part_040	converted
0x13237e	154	FUN_0013237e	part_040	converted
0x132418	144	FUN_00132418	part_040	converted
0x1324a8	126	FUN_001324a8	part_040	converted
0x132526	130	FUN_00132526	part_040	converted
0x1325a8	257	FUN_001325a8	part_040	converted
0x1326c6	90	FUN_001326c6	part_040	converted
0x132720	1032	FUN_00132720	part_040	converted
0x132b46	172	FUN_00132b46	part_040	converted
0x132bf2	1324	FUN_00132bf2	part_040	converted
0x13313c	58	FUN_0013313c	part_040	converted
0x133176	340	FUN_00133176	part_040	converted
0x1332ca	335	FUN_001332ca	part_040	converted
0x133434	223	FUN_00133434	part_040	converted
0x133514	752	FUN_00133514	part_040	converted
0x133820	524	FUN_00133820	part_040	converted
0x133a48	1578	FUN_00133a48	part_040	converted
0x13408e	193	FUN_0013408e	part_040	converted
0x13416c	830	FUN_0013416c	part_040	converted
0x13455c	438	FUN_0013455c	part_040	converted
0x134746	451	FUN_00134746	part_040	converted
0x13490a	3209	FUN_0013490a	part_040	converted
0x13559c	60	FUN_0013559c	part_040	converted
0x1355d8	15	FUN_001355d8	part_040	converted
0x1355e8	15	FUN_001355e8	part_040	converted
0x1355f8	437	FUN_001355f8	part_040	converted
0x1357ae	305	FUN_001357ae	part_040	converted
0x1358e0	959	FUN_001358e0	part_040	converted
0x135ca0	692	FUN_00135ca0	part_040	converted
0x135f54	1877	FUN_00135f54	part_040	converted
0x136740	3630	FUN_00136740	part_040	converted
0x1375b6	459	FUN_001375b6	part_040	converted
0x13779e	922	FUN_0013779e	part_040	converted
0x137b38	39	FUN_00137b38	part_040	converted
0x137b60	29	FUN_00137b60	part_040	converted
0x137b7e	47	FUN_00137b7e	part_040	converted
0x137bae	34	FUN_00137bae	part_040	converted
0x137bd0	145	FUN_00137bd0	part_040	converted
0x137c62	38	FUN_00137c62	part_040	converted
0x137c88	129	FUN_00137c88	part_040	converted
0x137d0a	97	FUN_00137d0a	part_041	converted
0x137d6c	140	FUN_00137d6c	part_041	converted
0x137df8	87	FUN_00137df8	part_041	converted
0x137e50	29	FUN_00137e50	part_041	converted
0x137e6e	104	FUN_00137e6e	part_041	converted
0x137ed6	9	FUN_00137ed6	part_041	converted
0x137ee0	22	FUN_00137ee0	part_041	converted
0x137ef6	45	FUN_00137ef6	part_041	converted
0x137f24	21	FUN_00137f24	part_041	converted
0x137f3a	34	FUN_00137f3a	part_041	converted
0x137f5c	59	FUN_00137f5c	part_041	converted
0x137f98	31	FUN_00137f98	part_041	converted
0x137fb8	34	FUN_00137fb8	part_041	converted
0x137fda	67	FUN_00137fda	part_041	converted
0x13801e	65	FUN_0013801e	part_041	converted
0x138060	230	FUN_00138060	part_041	converted
0x138146	38	FUN_00138146	part_041	converted
0x13816c	108	FUN_0013816c	part_041	converted
0x1381d8	258	FUN_001381d8	part_041	converted
0x1382da	179	FUN_001382da	part_041	converted
0x13838e	56	FUN_0013838e	part_041	converted
0x1383c6	131	FUN_001383c6	part_041	converted
0x138468	131	FUN_00138468	part_041	converted
0x13850a	329	FUN_0013850a	part_041	converted
0x138654	266	FUN_00138654	part_041	converted
0x13877c	508	FUN_0013877c	part_041	converted
0x138996	286	FUN_00138996	part_041	converted
0x138ab4	664	FUN_00138ab4	part_041	converted
0x138d4c	321	FUN_00138d4c	part_041	converted
0x138e8e	163	FUN_00138e8e	part_041	converted
0x138f32	331	FUN_00138f32	part_041	converted
0x13909a	94	FUN_0013909a	part_041	converted
0x1390f8	133	FUN_001390f8	part_041	converted
0x13917e	1624	FUN_0013917e	part_041	converted
0x1397d6	3666	FUN_001397d6	part_041	converted
0x13a664	300	FUN_0013a664	part_041	converted
0x13a790	3680	FUN_0013a790	part_041	converted
0x13b622	1158	FUN_0013b622	part_041	converted
0x13bac8	562	FUN_0013bac8	part_041	converted
0x13bcfa	1039	FUN_0013bcfa	part_041	converted
0x13c128	14	FUN_0013c128	part_041	converted
0x13c136	11	FUN_0013c136	part_041	converted
0x13c142	133	FUN_0013c142	part_041	converted
0x13c1c8	38	FUN_0013c1c8	part_041	converted
0x13c1ee	61	FUN_0013c1ee	part_041	converted
0x13c22c	57	FUN_0013c22c	part_041	converted
0x13c266	38	FUN_0013c266	part_041	converted
0x13c28c	136	FUN_0013c28c	part_041	converted
0x13c314	30	FUN_0013c314	part_041	converted
0x13c332	201	FUN_0013c332	part_041	converted
0x13c3fc	37	FUN_0013c3fc	part_041	converted
0x13c422	189	FUN_0013c422	part_041	converted
0x13c4e0	9	FUN_0013c4e0	part_041	converted
0x13c4ea	182	FUN_0013c4ea	part_041	converted
0x13c5a0	57	FUN_0013c5a0	part_041	converted
0x13c5da	92	FUN_0013c5da	part_041	converted
0x13c636	92	FUN_0013c636	part_041	converted
0x13c692	149	FUN_0013c692	part_041	converted
0x13c746	149	FUN_0013c746	part_041	converted
0x13c7fa	153	FUN_0013c7fa	part_041	converted
0x13c894	622	FUN_0013c894	part_042	converted
0x13cb02	303	FUN_0013cb02	part_042	converted
0x13cc32	349	FUN_0013cc32	part_042	converted
0x13cd90	330	FUN_0013cd90	part_042	converted
0x13ceda	330	FUN_0013ceda	part_042	converted
0x13d024	558	FUN_0013d024	part_042	converted
0x13d252	212	FUN_0013d252	part_042	converted
0x13d326	658	FUN_0013d326	part_042	converted
0x13d5b8	4713	FUN_0013d5b8	part_042	converted
0x13e86a	732	FUN_0013e86a	part_042	converted
0x13eb88	732	FUN_0013eb88	part_042	converted
0x13eea6	529	FUN_0013eea6	part_042	converted
0x13f0d8	544	FUN_0013f0d8	part_042	converted
0x13f318	1357	FUN_0013f318	part_042	converted
0x13f866	34	FUN_0013f866	part_042	converted
0x13f888	78	FUN_0013f888	part_042	converted
0x13f8d6	306	FUN_0013f8d6	part_042	converted
0x13fa08	187	FUN_0013fa08	part_042	converted
0x13fac4	212	FUN_0013fac4	part_042	converted
0x13fb98	88	FUN_0013fb98	part_042	converted
0x13fbf0	157	FUN_0013fbf0	part_042	converted
0x13fc8e	715	FUN_0013fc8e	part_042	converted
0x13ff5a	2179	FUN_0013ff5a	part_042	converted
0x1407e0	53	FUN_001407e0	part_042	converted
0x140816	33	FUN_00140816	part_042	converted
0x140838	50	FUN_00140838	part_042	converted
0x14086a	189	FUN_0014086a	part_042	converted
0x140928	136	FUN_00140928	part_042	converted
0x1409b0	71	FUN_001409b0	part_042	converted
0x1409f8	125	FUN_001409f8	part_042	converted
0x140a76	44	FUN_00140a76	part_042	converted
0x140aa2	47	FUN_00140aa2	part_042	converted
0x140bf8	382	FUN_00140bf8	part_042	converted
0x140d76	293	FUN_00140d76	part_042	converted
0x140e9c	97	FUN_00140e9c	part_042	converted
0x140efe	1168	FUN_00140efe	part_042	converted
0x14138e	179	FUN_0014138e	part_042	converted
0x141442	547	FUN_00141442	part_042	converted
0x141682	702	FUN_00141682	part_042	converted
0x141940	344	FUN_00141940	part_042	converted
0x141a98	808	FUN_00141a98	part_042	converted
0x141dc0	290	FUN_00141dc0	part_042	converted
0x141ee2	277	FUN_00141ee2	part_042	converted
0x141ff8	2587	FUN_00141ff8	part_042	converted
0x142a14	563	FUN_00142a14	part_042	converted
0x142c48	2401	FUN_00142c48	part_042	converted
0x143642	1198	FUN_00143642	part_042	converted
0x143b0c	1109	FUN_00143b0c	part_042	converted
0x143f94	1232	FUN_00143f94	part_042	converted
0x144496	70	FUN_00144496	part_042	converted
0x1444dc	1705	FUN_001444dc	part_042	converted
0x144b86	653	FUN_00144b86	part_042	converted
0x144e30	1306	FUN_00144e30	part_042	converted
0x14534a	506	FUN_0014534a	part_042	converted
0x145544	7692	FUN_00145544	part_042	converted
0x147412	2317	FUN_00147412	part_042	converted
0x147d20	5452	FUN_00147d20	part_042	converted
0x149328	28	FUN_00149328	part_042	converted
0x149344	11	FUN_00149344	part_042	converted
0x149350	383	FUN_00149350	part_042	converted
0x1494d0	310	FUN_001494d0	part_043	converted
0x149606	526	FUN_00149606	part_043	converted
0x149814	116	FUN_00149814	part_043	converted
0x149888	38	FUN_00149888	part_043	converted
0x1498ae	56	FUN_001498ae	part_043	converted
0x1498e6	194	FUN_001498e6	part_043	converted
0x1499a8	4561	FUN_001499a8	part_043	converted
0x14ab7a	608	FUN_0014ab7a	part_043	converted
0x14adda	382	FUN_0014adda	part_043	converted
0x14af58	353	FUN_0014af58	part_043	converted
0x14b0ba	1709	FUN_0014b0ba	part_043	converted
0x14b784	1654	FUN_0014b784	part_043	converted
0x14bdfa	76	FUN_0014bdfa	part_043	converted
0x14be46	167	FUN_0014be46	part_043	converted
0x14beee	2076	FUN_0014beee	part_043	converted
0x14c73c	621	FUN_0014c73c	part_043	converted
0x14c9aa	5477	FUN_0014c9aa	part_043	converted
0x14df10	946	FUN_0014df10	part_043	converted
0x14e2c2	6068	FUN_0014e2c2	part_043	converted
0x14fa92	105	FUN_0014fa92	part_043	converted
0x14fb18	21	FUN_0014fb18	part_043	converted
0x14fb2e	43	FUN_0014fb2e	part_043	converted
0x14fb5a	98	FUN_0014fb5a	part_043	converted
0x14fbbc	67	FUN_0014fbbc	part_043	converted
0x14fc00	49	FUN_0014fc00	part_043	converted
0x14fc32	73	FUN_0014fc32	part_043	converted
0x14fc7c	85	FUN_0014fc7c	part_043	converted
0x14fcd2	139	FUN_0014fcd2	part_043	converted
0x14fd5e	52	FUN_0014fd5e	part_043	converted
0x14fd92	358	FUN_0014fd92	part_043	converted
0x14fef8	311	FUN_0014fef8	part_043	converted
0x150030	81	FUN_00150030	part_043	converted
0x15013c	345	FUN_0015013c	part_043	converted
0x150296	214	FUN_00150296	part_043	converted
0x15036c	43	FUN_0015036c	part_043	converted
0x150398	85	FUN_00150398	part_043	converted
0x1503ee	171	FUN_001503ee	part_043	converted
0x15049a	304	FUN_0015049a	part_043	converted
0x1505ca	490	FUN_001505ca	part_043	converted
0x1507b4	484	FUN_001507b4	part_043	converted
0x150998	649	FUN_00150998	part_043	converted
0x150c22	345	FUN_00150c22	part_043	converted
0x150d7c	978	FUN_00150d7c	part_043	converted
0x15114e	2852	FUN_0015114e	part_043	converted
0x151c7c	4447	FUN_00151c7c	part_043	converted
0x152de4	1713	FUN_00152de4	part_043	converted
0x15349e	581	FUN_0015349e	part_043	converted
0x1536e4	624	FUN_001536e4	part_043	converted
0x153954	1173	FUN_00153954	part_043	converted
0x153dea	2220	FUN_00153dea	part_043	converted
0x154696	2236	FUN_00154696	part_043	converted
0x154f52	120	FUN_00154f52	part_043	converted
0x154fca	3112	FUN_00154fca	part_043	converted
0x155bf2	2893	FUN_00155bf2	part_043	converted
0x156740	99	FUN_00156740	part_043	converted
0x1567a4	643	FUN_001567a4	part_043	converted
0x156a28	175	FUN_00156a28	part_043	converted
0x156ad8	1415	FUN_00156ad8	part_043	converted
0x157068	2646	FUN_00157068	part_043	converted
0x157ac6	2066	FUN_00157ac6	part_043	converted
0x1582e0	2537	FUN_001582e0	part_044	converted
0x158cca	158	FUN_00158cca	part_044	converted
0x158d68	1320	FUN_00158d68	part_044	converted
0x159290	261	FUN_00159290	part_044	converted
0x159396	1133	FUN_00159396	part_044	converted
0x159804	1134	FUN_00159804	part_044	converted
0x159c72	1994	FUN_00159c72	part_044	converted
0x15a444	2904	FUN_0015a444	part_044	converted
0x15afa4	1208	FUN_0015afa4	part_044	converted
0x15b45c	783	FUN_0015b45c	part_044	converted
0x15b788	3193	FUN_0015b788	part_044	converted
0x15c402	6027	FUN_0015c402	part_044	converted
0x15db8e	315	FUN_0015db8e	part_044	converted
0x15dcca	1186	FUN_0015dcca	part_044	converted
0x15e16c	461	FUN_0015e16c	part_044	converted
0x15e33a	2007	FUN_0015e33a	part_044	converted
0x15eb12	81	FUN_0015eb12	part_044	converted
0x15eb64	3348	FUN_0015eb64	part_044	converted
0x15f878	2206	FUN_0015f878	part_044	converted
0x16011e	3095	FUN_0016011e	part_044	converted
0x160d3e	3057	FUN_00160d3e	part_044	converted
0x161938	6378	FUN_00161938	part_044	converted
0x16322a	3793	FUN_0016322a	part_044	converted
0x164104	3602	FUN_00164104	part_044	converted
0x164f1e	272	FUN_00164f1e	part_044	converted
0x16502e	2012	FUN_0016502e	part_044	converted
0x165812	522	FUN_00165812	part_044	converted
0x165a1c	1146	FUN_00165a1c	part_044	converted
0x165e96	6789	FUN_00165e96	part_044	converted
0x167924	125	FUN_00167924	part_044	converted
0x1679a2	1532	FUN_001679a2	part_044	converted
0x167f9e	114	FUN_00167f9e	part_044	converted
0x168010	4855	FUN_00168010	part_044	converted
0x16932c	1315	FUN_0016932c	part_044	converted
0x169850	500	FUN_00169850	part_044	converted
0x169a44	2410	FUN_00169a44	part_044	converted
0x16a3b6	367	FUN_0016a3b6	part_044	converted
0x16a526	154	FUN_0016a526	part_044	converted
0x16a5c0	3025	FUN_0016a5c0	part_044	converted
0x16b1ae	428	FUN_0016b1ae	part_044	converted
0x16b35a	1183	FUN_0016b35a	part_044	converted
0x16b7fa	3991	FUN_0016b7fa	part_044	converted
0x16c7ac	4232	FUN_0016c7ac	part_044	converted
0x16d834	1043	FUN_0016d834	part_044	converted
0x16dc48	1563	FUN_0016dc48	part_044	converted
0x16e264	139	FUN_0016e264	part_044	converted
0x16e2f0	1032	FUN_0016e2f0	part_044	converted
0x16e6f8	2577	FUN_0016e6f8	part_044	converted
0x16f114	3237	FUN_0016f114	part_044	converted
0x16fdba	4724	FUN_0016fdba	part_044	converted
0x17102e	2220	FUN_0017102e	part_044	converted
0x1718da	5810	FUN_001718da	part_044	converted
0x172f94	1165	FUN_00172f94	part_044	converted
0x17342a	438	FUN_0017342a	part_044	converted
0x1735e0	1699	FUN_001735e0	part_044	converted
0x173c8c	342	FUN_00173c8c	part_044	converted
0x173de2	252	FUN_00173de2	part_044	converted
0x173ede	48	FUN_00173ede	part_044	converted
0x173f0e	23	FUN_00173f0e	part_044	converted
0x173f26	515	FUN_00173f26	part_044	converted
0x17412a	191	FUN_0017412a	part_045	converted
0x1741ea	65	FUN_001741ea	part_045	converted
0x17422c	82	FUN_0017422c	part_045	converted
0x17427e	1425	FUN_0017427e	part_045	converted
0x174810	299	FUN_00174810	part_045	converted
0x17493c	366	FUN_0017493c	part_045	converted
0x174aaa	533	FUN_00174aaa	part_045	converted
0x174cc0	468	FUN_00174cc0	part_045	converted
0x174e94	645	FUN_00174e94	part_045	converted
0x17514e	1519	FUN_0017514e	part_045	converted
0x17573e	412	FUN_0017573e	part_045	converted
0x1758da	370	FUN_001758da	part_045	converted
0x175a4c	260	FUN_00175a4c	part_045	converted
0x175b50	180	FUN_00175b50	part_045	converted
0x175c04	648	FUN_00175c04	part_045	converted
0x175e8c	1073	FUN_00175e8c	part_045	converted
0x1762be	2371	FUN_001762be	part_045	converted
0x176c02	763	FUN_00176c02	part_045	converted
0x176f3a	215	FUN_00176f3a	part_045	converted
0x177012	1602	FUN_00177012	part_045	converted
0x177654	3040	FUN_00177654	part_045	converted
0x178234	5181	FUN_00178234	part_045	converted
0x179680	671	FUN_00179680	part_045	converted
0x179928	1788	FUN_00179928	part_045	converted
0x17a024	8044	FUN_0017a024	part_045	converted
0x17bfe0	1180	FUN_0017bfe0	part_045	converted
0x17c498	1225	FUN_0017c498	part_045	converted
0x17c962	803	FUN_0017c962	part_045	converted
0x17cc86	1042	FUN_0017cc86	part_045	converted
0x17d098	1593	FUN_0017d098	part_045	converted
0x17d6d2	269	FUN_0017d6d2	part_045	converted
0x17d7e0	2287	FUN_0017d7e0	part_045	converted
0x17e0d0	769	FUN_0017e0d0	part_045	converted
0x17e3f2	448	FUN_0017e3f2	part_045	converted
0x17e5b2	1938	FUN_0017e5b2	part_045	converted
0x17ed44	1537	FUN_0017ed44	part_045	converted
0x17f346	221	FUN_0017f346	part_045	converted
0x1804f8	6900	FUN_001804f8	part_045	converted
0x180f62	500	FUN_00180f62	part_045	converted
0x181156	518	FUN_00181156	part_045	converted
0x18135c	140	FUN_0018135c	part_045	converted
0x1813e8	2049	FUN_001813e8	part_045	converted
0x181bf2	1984	FUN_00181bf2	part_045	converted
0x18240c	288	FUN_0018240c	part_045	converted
0x1825e0	29	FUN_001825e0	part_045	converted
0x1825fe	66	FUN_001825fe	part_045	converted
0x182640	101	FUN_00182640	part_045	converted
0x1826a6	122	FUN_001826a6	part_045	converted
0x182720	110	FUN_00182720	part_045	converted
0x18278e	67	FUN_0018278e	part_045	converted
0x1827d2	165	FUN_001827d2	part_045	converted
0x182878	59	FUN_00182878	part_045	converted
0x1828b4	69	FUN_001828b4	part_045	converted
0x1828fa	123	FUN_001828fa	part_045	converted
0x182992	114	FUN_00182992	part_045	converted
0x182a04	672	FUN_00182a04	part_045	converted
0x182ca4	363	FUN_00182ca4	part_045	converted
0x182e10	104	FUN_00182e10	part_045	converted
0x182e78	745	FUN_00182e78	part_045	converted
0x182eca	57	FUN_00182eca	part_045	converted
0x182f04	45	FUN_00182f04	part_046	converted
0x182f32	26	FUN_00182f32	part_046	converted
0x182f4c	50	FUN_00182f4c	part_046	converted
0x182f7e	24	FUN_00182f7e	part_046	converted
0x182f96	44	FUN_00182f96	part_046	converted
0x182fc2	34	FUN_00182fc2	part_046	converted
0x182fe4	54	FUN_00182fe4	part_046	converted
0x18301a	337	FUN_0018301a	part_046	converted
0x18316c	139	FUN_0018316c	part_046	converted
0x1831f8	75	FUN_001831f8	part_046	converted
0x183244	7	FUN_00183244	part_046	converted
0x18324c	98	FUN_0018324c	part_046	converted
0x1832ae	81	FUN_001832ae	part_046	converted
0x183300	23	FUN_00183300	part_046	converted
0x183318	23	FUN_00183318	part_046	converted
0x183330	14	FUN_00183330	part_046	converted
0x18333e	14	FUN_0018333e	part_046	converted
0x18334c	28	FUN_0018334c	part_046	converted
0x183368	5	FUN_00183368	part_046	converted
0x18336e	7	FUN_0018336e	part_046	converted
0x183376	5	FUN_00183376	part_046	converted
0x18337c	5	FUN_0018337c	part_046	converted
0x183382	88	FUN_00183382	part_046	converted
0x1833da	5	FUN_001833da	part_046	converted
0x1833e0	5	FUN_001833e0	part_046	converted
0x1833e6	62	FUN_001833e6	part_046	converted
0x183424	341	FUN_00183424	part_046	converted
0x18357a	130	FUN_0018357a	part_046	converted
0x1835fc	51	FUN_001835fc	part_046	converted
0x183630	144	FUN_00183630	part_046	converted
0x1836c0	46	FUN_001836c0	part_046	converted
0x1836ee	59	FUN_001836ee	part_046	converted
0x18372a	149	FUN_0018372a	part_046	converted
0x1837c0	131	FUN_001837c0	part_046	converted
0x183844	29	FUN_00183844	part_046	converted
0x183862	266	FUN_00183862	part_046	converted
0x18396c	291	FUN_0018396c	part_046	converted
0x183a90	270	FUN_00183a90	part_046	converted
0x183b9e	179	FUN_00183b9e	part_046	converted
0x183c52	171	FUN_00183c52	part_046	converted
0x183cfe	171	FUN_00183cfe	part_046	converted
0x183daa	121	FUN_00183daa	part_046	converted
0x183e24	142	FUN_00183e24	part_046	converted
0x183eb2	270	FUN_00183eb2	part_046	converted
0x183fc0	317	FUN_00183fc0	part_046	converted
0x1840fe	294	FUN_001840fe	part_046	converted
0x184224	2102	FUN_00184224	part_046	converted
0x184a5a	61	FUN_00184a5a	part_046	converted
0x184a98	178	FUN_00184a98	part_046	converted
0x184b4a	306	FUN_00184b4a	part_046	converted
0x184c7c	186	FUN_00184c7c	part_046	converted
0x184d36	186	FUN_00184d36	part_046	converted
0x184df0	466	FUN_00184df0	part_046	converted
0x184fc2	526	FUN_00184fc2	part_046	converted
0x1851d0	371	FUN_001851d0	part_046	converted
0x185344	3265	FUN_00185344	part_046	converted
0x186006	343	FUN_00186006	part_046	converted
0x18615e	287	FUN_0018615e	part_046	converted
0x18627e	728	FUN_0018627e	part_046	converted
0x186556	1318	FUN_00186556	part_046	converted
0x186a7c	26	FUN_00186a7c	part_047	converted
0x186a96	30	FUN_00186a96	part_047	converted
0x186ab4	36	FUN_00186ab4	part_047	converted
0x186ad8	5	FUN_00186ad8	part_047	converted
0x186ade	43	FUN_00186ade	part_047	converted
0x186b0a	34	FUN_00186b0a	part_047	converted
0x186b2c	29	FUN_00186b2c	part_047	converted
0x186b4a	113	FUN_00186b4a	part_047	converted
0x186bbc	111	FUN_00186bbc	part_047	converted
0x186c2c	85	FUN_00186c2c	part_047	converted
0x186c82	22	FUN_00186c82	part_047	converted
0x186c98	22	FUN_00186c98	part_047	converted
0x186cae	25	FUN_00186cae	part_047	converted
0x186cc8	25	FUN_00186cc8	part_047	converted
0x186ce2	51	FUN_00186ce2	part_047	converted
0x186d16	17	FUN_00186d16	part_047	converted
0x186d28	39	FUN_00186d28	part_047	converted
0x186d50	44	FUN_00186d50	part_047	converted
0x186d7c	28	FUN_00186d7c	part_047	converted
0x186d98	27	FUN_00186d98	part_047	converted
0x186db4	119	FUN_00186db4	part_047	converted
0x186e2c	108	FUN_00186e2c	part_047	converted
0x186e98	156	FUN_00186e98	part_047	converted
0x186f34	83	FUN_00186f34	part_047	converted
0x186f88	143	FUN_00186f88	part_047	converted
0x187018	94	FUN_00187018	part_047	converted
0x187076	167	FUN_00187076	part_047	converted
0x18711e	133	FUN_0018711e	part_047	converted
0x1871a4	458	FUN_001871a4	part_047	converted
0x18736e	257	FUN_0018736e	part_047	converted
0x187470	113	FUN_00187470	part_047	converted
0x1874e2	42	FUN_001874e2	part_047	converted
0x18750c	113	FUN_0018750c	part_047	converted
0x18757e	42	FUN_0018757e	part_047	converted
0x1875a8	43	FUN_001875a8	part_047	converted
0x1875d4	43	FUN_001875d4	part_047	converted
0x187600	144	FUN_00187600	part_047	converted
0x187690	144	FUN_00187690	part_047	converted
0x187720	97	FUN_00187720	part_047	converted
0x187782	144	FUN_00187782	part_047	converted
0x187812	215	FUN_00187812	part_047	converted
0x1878ea	209	FUN_001878ea	part_047	converted
0x1879bc	122	FUN_001879bc	part_047	converted
0x187a36	127	FUN_00187a36	part_047	converted
0x187ab6	135	FUN_00187ab6	part_047	converted
0x187b3e	111	FUN_00187b3e	part_047	converted
0x187bae	212	FUN_00187bae	part_047	converted
0x187c82	143	FUN_00187c82	part_047	converted
0x187d12	371	FUN_00187d12	part_047	converted
0x187e86	276	FUN_00187e86	part_047	converted
0x187f9a	218	FUN_00187f9a	part_047	converted
0x188074	416	FUN_00188074	part_047	converted
0x188214	459	FUN_00188214	part_047	converted
0x1883e0	208	FUN_001883e0	part_047	converted
0x1884b0	156	FUN_001884b0	part_047	converted
0x18854c	256	FUN_0018854c	part_047	converted
0x18864c	114	FUN_0018864c	part_047	converted
0x1886be	110	FUN_001886be	part_047	converted
0x18872c	31	FUN_0018872c	part_047	converted
0x18874c	429	FUN_0018874c	part_047	converted
0x188a68	453	FUN_00188a68	part_048	converted
0x188d2e	178	FUN_00188d2e	part_048	converted
0x188de0	551	FUN_00188de0	part_048	converted
0x189024	125	FUN_00189024	part_048	converted
0x1890a2	518	FUN_001890a2	part_048	converted
0x1892a8	414	FUN_001892a8	part_048	converted
0x189446	718	FUN_00189446	part_048	converted
0x189714	509	FUN_00189714	part_048	converted
0x189912	219	FUN_00189912	part_048	converted
0x1899ee	621	FUN_001899ee	part_048	converted
0x189c5c	473	FUN_00189c5c	part_048	converted
0x189e36	198	FUN_00189e36	part_048	converted
0x189efc	177	FUN_00189efc	part_048	converted
0x189fae	222	FUN_00189fae	part_048	converted
0x18a08c	228	FUN_0018a08c	part_048	converted
0x18a170	147	FUN_0018a170	part_048	converted
0x18a204	98	FUN_0018a204	part_048	converted
0x18a266	96	FUN_0018a266	part_048	converted
0x18a2c6	201	FUN_0018a2c6	part_048	converted
0x18a390	171	FUN_0018a390	part_048	converted
0x18a43c	198	FUN_0018a43c	part_048	converted
0x18a502	217	FUN_0018a502	part_048	converted
0x18a5dc	256	FUN_0018a5dc	part_048	converted
0x18a6dc	371	FUN_0018a6dc	part_048	converted
0x18a86c	416	FUN_0018a86c	part_048	converted
0x18aa0c	1042	FUN_0018aa0c	part_048	converted
0x18ae1e	365	FUN_0018ae1e	part_048	converted
0x18af8c	725	FUN_0018af8c	part_048	converted
0x18b262	478	FUN_0018b262	part_048	converted
0x18b440	307	FUN_0018b440	part_048	converted
0x18b574	319	FUN_0018b574	part_048	converted
0x18b6d0	130	FUN_0018b6d0	part_048	converted
0x18b752	241	FUN_0018b752	part_048	converted
0x18b844	2855	FUN_0018b844	part_048	converted
0x18c36c	1678	FUN_0018c36c	part_048	converted
0x18c9fa	844	FUN_0018c9fa	part_048	converted
0x18cd46	229	FUN_0018cd46	part_048	converted
0x18ce2c	5776	FUN_0018ce2c	part_048	converted
0x18e4da	626	FUN_0018e4da	part_048	converted
0x18e754	433	FUN_0018e754	part_048	converted
0x18e906	394	FUN_0018e906	part_048	converted
0x18ea90	617	FUN_0018ea90	part_048	converted
0x18ed02	127	FUN_0018ed02	part_048	converted
0x18ed82	314	FUN_0018ed82	part_048	converted
0x18eebc	456	FUN_0018eebc	part_048	converted
0x18f084	296	FUN_0018f084	part_048	converted
0x18f1ac	127	FUN_0018f1ac	part_048	converted
0x18f22c	635	FUN_0018f22c	part_048	converted
0x18f4a8	635	FUN_0018f4a8	part_048	converted
0x18f724	164	FUN_0018f724	part_048	converted
0x18f7c8	191	FUN_0018f7c8	part_048	converted
0x18f888	652	FUN_0018f888	part_048	converted
0x18fb1c	629	FUN_0018fb1c	part_048	converted
0x18fdb6	514	FUN_0018fdb6	part_048	converted
0x18ffc0	201	FUN_0018ffc0	part_048	converted
0x19008a	142	FUN_0019008a	part_048	converted
0x190118	153	FUN_00190118	part_048	converted
0x1901b2	148	FUN_001901b2	part_048	converted
0x190246	710	FUN_00190246	part_048	converted
0x19050c	597	FUN_0019050c	part_048	converted
0x190762	1150	FUN_00190762	part_049	converted
0x190be0	619	FUN_00190be0	part_049	converted
0x190e54	271	FUN_00190e54	part_049	converted
0x190f64	184	FUN_00190f64	part_049	converted
0x19101c	937	FUN_0019101c	part_049	converted
0x1913ce	121	FUN_001913ce	part_049	converted
0x191448	316	FUN_00191448	part_049	converted
0x191584	1476	FUN_00191584	part_049	converted
0x191b50	972	FUN_00191b50	part_049	converted
0x191f42	1227	FUN_00191f42	part_049	converted
0x192416	524	FUN_00192416	part_049	converted
0x192622	482	FUN_00192622	part_049	converted
0x192804	30	FUN_00192804	part_049	converted
0x192822	30	FUN_00192822	part_049	converted
0x192ad8	66	FUN_00192ad8	part_049	converted
0x192b1a	1816	FUN_00192b1a	part_049	converted
0x193232	278	FUN_00193232	part_049	converted
0x193348	278	FUN_00193348	part_049	converted
0x19345e	57	FUN_0019345e	part_049	converted
0x19351e	85	FUN_0019351e	part_049	converted
0x193574	179	FUN_00193574	part_049	converted
0x193628	224	FUN_00193628	part_049	converted
0x193708	894	FUN_00193708	part_049	converted
0x193a86	9713	FUN_00193a86	part_049	converted
0x1960e2	180	FUN_001960e2	part_049	converted
0x196196	1341	FUN_00196196	part_049	converted
0x1966d4	266	FUN_001966d4	part_049	converted
0x1967fc	2706	FUN_001967fc	part_049	converted
0x1972e2	204	FUN_001972e2	part_049	converted
0x1973ae	31	FUN_001973ae	part_049	converted
0x1973ce	182	FUN_001973ce	part_049	converted
0x197484	106	FUN_00197484	part_049	converted
0x1974ee	327	FUN_001974ee	part_049	converted
0x197636	417	FUN_00197636	part_049	converted
0x1977d8	2012	FUN_001977d8	part_049	converted
0x197fb4	1297	FUN_00197fb4	part_049	converted
0x1984c6	3879	FUN_001984c6	part_049	converted
0x1993ee	66	FUN_001993ee	part_049	converted
0x199430	1742	FUN_00199430	part_049	converted
0x199afe	3076	FUN_00199afe	part_049	converted
0x19a70a	1384	FUN_0019a70a	part_049	converted
0x19ac72	2523	FUN_0019ac72	part_049	converted
0x19b64e	226	FUN_0019b64e	part_049	converted
0x19b730	1429	FUN_0019b730	part_049	converted
0x19bcce	1732	FUN_0019bcce	part_049	converted
0x19c392	155	FUN_0019c392	part_049	converted
0x19c42e	1474	FUN_0019c42e	part_049	converted
0x19c9f0	79	FUN_0019c9f0	part_049	converted
0x19ca40	85	FUN_0019ca40	part_049	converted
0x19ca96	103	FUN_0019ca96	part_049	converted
0x19cafe	60	FUN_0019cafe	part_049	converted
0x19cb3a	24	FUN_0019cb3a	part_049	converted
0x19cb52	73	FUN_0019cb52	part_049	converted
0x19cb9c	82	FUN_0019cb9c	part_049	converted
0x19cbee	24	FUN_0019cbee	part_049	converted
0x19cc06	42	FUN_0019cc06	part_049	converted
0x19cc30	76	FUN_0019cc30	part_049	converted
0x19cc7c	24	FUN_0019cc7c	part_049	converted
0x19cc94	5	FUN_0019cc94	part_049	converted
0x19cc9a	52	FUN_0019cc9a	part_049	converted
0x19ccce	257	FUN_0019ccce	part_050	converted
0x19cdd0	510	FUN_0019cdd0	part_050	converted
0x19cfce	57	FUN_0019cfce	part_050	converted
0x19d008	166	FUN_0019d008	part_050	converted
0x19d0ae	217	FUN_0019d0ae	part_050	converted
0x19d188	405	FUN_0019d188	part_050	converted
0x19d31e	115	FUN_0019d31e	part_050	converted
0x19d392	273	FUN_0019d392	part_050	converted
0x19d4a4	462	FUN_0019d4a4	part_050	converted
0x19d672	2654	FUN_0019d672	part_050	converted
0x19e0f4	1466	FUN_0019e0f4	part_050	converted
0x19e6ae	963	FUN_0019e6ae	part_050	converted
0x19ea72	771	FUN_0019ea72	part_050	converted
0x19ed76	664	FUN_0019ed76	part_050	converted
0x19f00e	1343	FUN_0019f00e	part_050	converted
0x19f54e	1296	FUN_0019f54e	part_050	converted
0x19fa5e	124	FUN_0019fa5e	part_050	converted
0x19fada	292	FUN_0019fada	part_050	converted
0x19fbfe	1011	FUN_0019fbfe	part_050	converted
0x19fff2	1470	FUN_0019fff2	part_050	converted
0x1a05b0	237	FUN_001a05b0	part_050	converted
0x1a069e	1454	FUN_001a069e	part_050	converted
0x1a0c4c	104	FUN_001a0c4c	part_050	converted
0x1a0cb4	1826	FUN_001a0cb4	part_050	converted
0x1a141e	6205	FUN_001a141e	part_050	converted
0x1a2c96	292	FUN_001a2c96	part_050	converted
0x1a2dba	256	FUN_001a2dba	part_050	converted
0x1a2eba	342	FUN_001a2eba	part_050	converted
0x1a3010	64	FUN_001a3010	part_050	converted
0x1a3050	149	FUN_001a3050	part_050	converted
0x1a30e6	65	FUN_001a30e6	part_050	converted
0x1a3128	890	FUN_001a3128	part_050	converted
0x1a34a2	364	FUN_001a34a2	part_050	converted
0x1a360e	490	FUN_001a360e	part_050	converted
0x1a37f8	708	FUN_001a37f8	part_050	converted
0x1a3b9c	457	FUN_001a3b9c	part_050	converted
0x1a3d66	647	FUN_001a3d66	part_050	converted
0x1a3fee	3159	FUN_001a3fee	part_050	converted
0x1a4c4e	651	FUN_001a4c4e	part_050	converted
0x1a4eda	355	FUN_001a4eda	part_050	converted
0x1a503e	10	FUN_001a503e	part_050	converted
0x1a5048	57	FUN_001a5048	part_050	converted
0x1a5082	223	FUN_001a5082	part_050	converted
0x1a5162	169	FUN_001a5162	part_050	converted
0x1a520c	117	FUN_001a520c	part_050	converted
0x1a5282	293	FUN_001a5282	part_050	converted
0x1a53a8	290	FUN_001a53a8	part_050	converted
0x1a54ca	18	FUN_001a54ca	part_050	converted
0x1a54dc	310	FUN_001a54dc	part_050	converted
0x1a5612	165	FUN_001a5612	part_050	converted
0x1a56ca	502	FUN_001a56ca	part_050	converted
0x1a58de	502	FUN_001a58de	part_050	converted
0x1a5af4	1555	FUN_001a5af4	part_050	converted
0x1a61f2	5554	FUN_001a61f2	part_050	converted
0x1a77ac	73	FUN_001a77ac	part_050	converted
0x1a77f6	69	FUN_001a77f6	part_050	converted
0x1a783c	92	FUN_001a783c	part_050	converted
0x1a7898	79	FUN_001a7898	part_050	converted
0x1a78e8	79	FUN_001a78e8	part_050	converted
0x1a7938	97	FUN_001a7938	part_050	converted
0x1a79b8	38	FUN_001a79b8	part_051	converted
0x1a79de	38	FUN_001a79de	part_051	converted
0x1a7a04	152	FUN_001a7a04	part_051	converted
0x1a7aba	67	FUN_001a7aba	part_051	converted
0x1a7afe	91	FUN_001a7afe	part_051	converted
0x1a7b5a	9	FUN_001a7b5a	part_051	converted
0x1a7b64	102	FUN_001a7b64	part_051	converted
0x1a7bca	64	FUN_001a7bca	part_051	converted
0x1a7c0a	61	FUN_001a7c0a	part_051	converted
0x1a7c48	49	FUN_001a7c48	part_051	converted
0x1a7c7a	9	FUN_001a7c7a	part_051	converted
0x1a7c84	20	FUN_001a7c84	part_051	converted
0x1a7c98	32	FUN_001a7c98	part_051	converted
0x1a7cb8	30	FUN_001a7cb8	part_051	converted
0x1a7cd6	24	FUN_001a7cd6	part_051	converted
0x1a7cee	30	FUN_001a7cee	part_051	converted
0x1a7d0c	21	FUN_001a7d0c	part_051	converted
0x1a7d22	17	FUN_001a7d22	part_051	converted
0x1a7d34	62	FUN_001a7d34	part_051	converted
0x1a7d72	23	FUN_001a7d72	part_051	converted
0x1a7d8a	34	FUN_001a7d8a	part_051	converted
0x1a7dac	89	FUN_001a7dac	part_051	converted
0x1a7e06	89	FUN_001a7e06	part_051	converted
0x1a7e60	219	FUN_001a7e60	part_051	converted
0x1a7f3c	64	FUN_001a7f3c	part_051	converted
0x1a7f7c	118	FUN_001a7f7c	part_051	converted
0x1a7ff2	107	FUN_001a7ff2	part_051	converted
0x1a805e	79	FUN_001a805e	part_051	converted
0x1a80ae	316	FUN_001a80ae	part_051	converted
0x1a81ea	316	FUN_001a81ea	part_051	converted
0x1a8326	185	FUN_001a8326	part_051	converted
0x1a83e0	210	FUN_001a83e0	part_051	converted
0x1a84b2	187	FUN_001a84b2	part_051	converted
0x1a856e	287	FUN_001a856e	part_051	converted
0x1a868e	34	FUN_001a868e	part_051	converted
0x1a86b0	755	FUN_001a86b0	part_051	converted
0x1a89d8	173	FUN_001a89d8	part_051	converted
0x1a8aa6	759	FUN_001a8aa6	part_051	converted
0x1a8dd2	413	FUN_001a8dd2	part_051	converted
0x1a8f90	60	FUN_001a8f90	part_051	converted
0x1a8fcc	17	FUN_001a8fcc	part_051	converted
0x1a8fe0	19	FUN_001a8fe0	part_051	converted
0x1a8ff4	103	FUN_001a8ff4	part_051	converted
0x1a905c	92	FUN_001a905c	part_051	converted
0x1a90b8	47	FUN_001a90b8	part_051	converted
0x1a90e8	22	FUN_001a90e8	part_051	converted
0x1a90fe	5	FUN_001a90fe	part_051	converted
0x1a9104	173	FUN_001a9104	part_051	converted
0x1a91b2	5	FUN_001a91b2	part_051	converted
0x1a91b8	10	FUN_001a91b8	part_051	converted
0x1a91c2	5	FUN_001a91c2	part_051	converted
0x1a91c8	14	FUN_001a91c8	part_051	converted
0x1a91d6	65	FUN_001a91d6	part_051	converted
0x1a9218	17	FUN_001a9218	part_051	converted
0x1a922a	21	FUN_001a922a	part_051	converted
0x1a9240	50	FUN_001a9240	part_051	converted
0x1a9272	29	FUN_001a9272	part_051	converted
0x1a9290	7	FUN_001a9290	part_051	converted
0x1a9298	5	FUN_001a9298	part_051	converted
0x1a929e	5	FUN_001a929e	part_051	converted
0x1a92a4	5	FUN_001a92a4	part_052	converted
0x1a92aa	5	FUN_001a92aa	part_052	converted
0x1a92b0	5	FUN_001a92b0	part_052	converted
0x1a92b6	5	FUN_001a92b6	part_052	converted
0x1a92bc	5	FUN_001a92bc	part_052	converted
0x1a92c2	5	FUN_001a92c2	part_052	converted
0x1a92c8	5	FUN_001a92c8	part_052	converted
0x1a92ce	5	FUN_001a92ce	part_052	converted
0x1a92d4	5	FUN_001a92d4	part_052	converted
0x1a92da	70	FUN_001a92da	part_052	converted
0x1a9320	70	FUN_001a9320	part_052	converted
0x1a9366	14	FUN_001a9366	part_052	converted
0x1a937a	5	FUN_001a937a	part_052	converted
0x1a9380	5	FUN_001a9380	part_052	converted
0x1a9386	5	FUN_001a9386	part_052	converted
0x1a938c	5	FUN_001a938c	part_052	converted
0x1a9392	118	FUN_001a9392	part_052	converted
0x1a9408	70	FUN_001a9408	part_052	converted
0x1a944e	70	FUN_001a944e	part_052	converted
0x1a9494	230	FUN_001a9494	part_052	converted
0x1a957a	87	FUN_001a957a	part_052	converted
0x1a95d2	89	FUN_001a95d2	part_052	converted
0x1a962c	361	FUN_001a962c	part_052	converted
0x1a9796	20	FUN_001a9796	part_052	converted
0x1a97aa	66	FUN_001a97aa	part_052	converted
0x1a97ec	348	FUN_001a97ec	part_052	converted
0x1a9948	442	FUN_001a9948	part_052	converted
0x1a9b02	22	FUN_001a9b02	part_052	converted
0x1a9b18	52	FUN_001a9b18	part_052	converted
0x1a9b4c	125	FUN_001a9b4c	part_052	converted
0x1a9bca	292	FUN_001a9bca	part_052	converted
0x1a9cee	37	FUN_001a9cee	part_052	converted
0x1a9d14	250	FUN_001a9d14	part_052	converted
0x1a9e0e	94	FUN_001a9e0e	part_052	converted
0x1a9e6c	78	FUN_001a9e6c	part_052	converted
0x1a9eba	268	FUN_001a9eba	part_052	converted
0x1a9fc6	88	FUN_001a9fc6	part_052	converted
0x1aa01e	807	FUN_001aa01e	part_052	converted
0x1aa346	123	FUN_001aa346	part_052	converted
0x1aa3c2	542	FUN_001aa3c2	part_052	converted
0x1aa5e0	442	FUN_001aa5e0	part_052	converted
0x1aa79a	65	FUN_001aa79a	part_052	converted
0x1aa7dc	46	FUN_001aa7dc	part_052	converted
0x1aa80a	46	FUN_001aa80a	part_052	converted
0x1aa838	76	FUN_001aa838	part_052	converted
0x1aa884	977	FUN_001aa884	part_052	converted
0x1aac56	1524	FUN_001aac56	part_052	converted
0x1ab24a	684	FUN_001ab24a	part_052	converted
0x1ab51e	675	FUN_001ab51e	part_052	converted
0x1ab7c2	180	FUN_001ab7c2	part_052	converted
0x1ab876	180	FUN_001ab876	part_052	converted
0x1ab92a	155	FUN_001ab92a	part_052	converted
0x1ab9c6	258	FUN_001ab9c6	part_052	converted
0x1abac8	9545	FUN_001abac8	part_052	converted
0x1ae012	10	FUN_001ae012	part_052	converted
0x1ae01c	95	FUN_001ae01c	part_052	converted
0x1ae07c	21	FUN_001ae07c	part_052	converted
0x1ae092	28	FUN_001ae092	part_052	converted
0x1ae0ae	174	FUN_001ae0ae	part_052	converted
0x1ae15c	26	FUN_001ae15c	part_052	converted
0x1ae176	137	FUN_001ae176	part_053	converted
0x1ae200	5	FUN_001ae200	part_053	converted
0x1ae206	5	FUN_001ae206	part_053	converted
0x1ae20c	44	FUN_001ae20c	part_053	converted
0x1ae238	49	FUN_001ae238	part_053	converted
0x1ae26a	120	FUN_001ae26a	part_053	converted
0x1ae2e2	95	FUN_001ae2e2	part_053	converted
0x1ae342	12	FUN_001ae342	part_053	converted
0x1ae34e	55	FUN_001ae34e	part_053	converted
0x1ae386	153	FUN_001ae386	part_053	converted
0x1ae420	90	FUN_001ae420	part_053	converted
0x1ae47a	101	FUN_001ae47a	part_053	converted
0x1ae4e0	5	FUN_001ae4e0	part_053	converted
0x1ae4e6	14	FUN_001ae4e6	part_053	converted
0x1ae4f4	14	FUN_001ae4f4	part_053	converted
0x1ae508	5	FUN_001ae508	part_053	converted
0x1ae50e	91	FUN_001ae50e	part_053	converted
0x1ae56a	58	FUN_001ae56a	part_053	converted
0x1ae5a4	54	FUN_001ae5a4	part_053	converted
0x1ae5da	120	FUN_001ae5da	part_053	converted
0x1ae652	61	FUN_001ae652	part_053	converted
0x1ae690	35	FUN_001ae690	part_053	converted
0x1ae6b4	51	FUN_001ae6b4	part_053	converted
0x1ae6e8	5	FUN_001ae6e8	part_053	converted
0x1ae6ee	5	FUN_001ae6ee	part_053	converted
0x1ae6f4	51	FUN_001ae6f4	part_053	converted
0x1ae728	57	FUN_001ae728	part_053	converted
0x1ae762	5	FUN_001ae762	part_053	converted
0x1ae768	107	FUN_001ae768	part_053	converted
0x1ae7d4	5	FUN_001ae7d4	part_053	converted
0x1ae7da	5	FUN_001ae7da	part_053	converted
0x1ae7e0	5	FUN_001ae7e0	part_053	converted
0x1ae7e6	364	FUN_001ae7e6	part_053	converted
0x1ae952	129	FUN_001ae952	part_053	converted
0x1ae9d4	98	FUN_001ae9d4	part_053	converted
0x1aea36	64	FUN_001aea36	part_053	converted
0x1aea76	205	FUN_001aea76	part_053	converted
0x1aeb44	988	FUN_001aeb44	part_053	converted
0x1aef20	608	FUN_001aef20	part_053	converted
0x1af180	129	FUN_001af180	part_053	converted
0x1af202	198	FUN_001af202	part_053	converted
0x1af2c8	133	FUN_001af2c8	part_053	converted
0x1af34e	65	FUN_001af34e	part_053	converted
0x1af390	104	FUN_001af390	part_053	converted
0x1af40c	104	FUN_001af40c	part_053	converted
0x1af488	126	FUN_001af488	part_053	converted
0x1af51a	1980	FUN_001af51a	part_053	converted
0x1afcd6	3184	FUN_001afcd6	part_053	converted
0x1b0946	1960	FUN_001b0946	part_053	converted
0x1b10ee	520	FUN_001b10ee	part_053	converted
0x1b12f6	69	FUN_001b12f6	part_053	converted
0x1b133c	5	FUN_001b133c	part_053	converted
0x1b1342	102	FUN_001b1342	part_053	converted
0x1b13a8	151	FUN_001b13a8	part_053	converted
0x1b145c	523	FUN_001b145c	part_053	converted
0x1b1668	185	FUN_001b1668	part_053	converted
0x1b1722	87	FUN_001b1722	part_053	converted
0x1b177a	1342	FUN_001b177a	part_053	converted
0x1b1cb8	155	FUN_001b1cb8	part_053	converted
0x1b1d66	220	FUN_001b1d66	part_053	converted
0x1b1e60	65	FUN_001b1e60	part_054	converted
0x1b1ea2	132	FUN_001b1ea2	part_054	converted
0x1b1f38	132	FUN_001b1f38	part_054	converted
0x1b1fce	307	FUN_001b1fce	part_054	converted
0x1b2102	568	FUN_001b2102	part_054	converted
0x1b233a	1078	FUN_001b233a	part_054	converted
0x1b2770	132	FUN_001b2770	part_054	converted
0x1b27f4	832	FUN_001b27f4	part_054	converted
0x1b2b34	88	FUN_001b2b34	part_054	converted
0x1b2b8c	134	FUN_001b2b8c	part_054	converted
0x1b2c12	26	FUN_001b2c12	part_054	converted
0x1b2c2c	91	FUN_001b2c2c	part_054	converted
0x1b2c88	131	FUN_001b2c88	part_054	converted
0x1b2d0c	123	FUN_001b2d0c	part_054	converted
0x1b2d88	76	FUN_001b2d88	part_054	converted
0x1b2dd4	164	FUN_001b2dd4	part_054	converted
0x1b2e78	94	FUN_001b2e78	part_054	converted
0x1b2ed6	102	FUN_001b2ed6	part_054	converted
0x1b2f3c	125	FUN_001b2f3c	part_054	converted
0x1b2fba	22	FUN_001b2fba	part_054	converted
0x1b2fd0	5	FUN_001b2fd0	part_054	converted
0x1b2fd8	399	FUN_001b2fd8	part_054	converted
0x1b3168	72	FUN_001b3168	part_054	converted
0x1b31b0	85	FUN_001b31b0	part_054	converted
0x1b3206	50	FUN_001b3206	part_054	converted
0x1b3238	196	FUN_001b3238	part_054	converted
0x1b32fc	53	FUN_001b32fc	part_054	converted
0x1b3332	57	FUN_001b3332	part_054	converted
0x1b336c	34	FUN_001b336c	part_054	converted
0x1b338e	77	FUN_001b338e	part_054	converted
0x1b33dc	54	FUN_001b33dc	part_054	converted
0x1b3412	42	FUN_001b3412	part_054	converted
0x1b343c	38	FUN_001b343c	part_054	converted
0x1b3462	358	FUN_001b3462	part_054	converted
0x1b35c8	635	FUN_001b35c8	part_054	converted
0x1b3844	35	FUN_001b3844	part_054	converted
0x1b3868	165	FUN_001b3868	part_054	converted
0x1b390e	42	FUN_001b390e	part_054	converted
0x1b3938	166	FUN_001b3938	part_054	converted
0x1b39de	25	FUN_001b39de	part_054	converted
0x1b39f8	147	FUN_001b39f8	part_054	converted
0x1b3a8c	242	FUN_001b3a8c	part_054	converted
0x1b3b7e	298	FUN_001b3b7e	part_054	converted
0x1b3ca8	11	FUN_001b3ca8	part_054	converted
0x1b3cb4	264	FUN_001b3cb4	part_054	converted
0x1b3dbc	305	FUN_001b3dbc	part_054	converted
0x1b3eee	133	FUN_001b3eee	part_054	converted
0x1b3f74	190	FUN_001b3f74	part_054	converted
0x1b4032	1400	FUN_001b4032	part_054	converted
0x1b45aa	178	FUN_001b45aa	part_054	converted
0x1b465c	208	FUN_001b465c	part_054	converted
0x1b472c	197	FUN_001b472c	part_054	converted
0x1b47f2	348	FUN_001b47f2	part_054	converted
0x1b494e	1168	FUN_001b494e	part_054	converted
0x1b4dde	253	FUN_001b4dde	part_054	converted
0x1b4ef6	109	FUN_001b4ef6	part_054	converted
0x1b4f64	306	FUN_001b4f64	part_054	converted
0x1b5096	65	FUN_001b5096	part_054	converted
0x1b50d8	258	FUN_001b50d8	part_054	converted
0x1b51da	147	FUN_001b51da	part_054	converted
0x1b526e	650	FUN_001b526e	part_055	converted
0x1b54f8	167	FUN_001b54f8	part_055	converted
0x1b55a0	488	FUN_001b55a0	part_055	converted
0x1b57a2	416	FUN_001b57a2	part_055	converted
0x1b5942	2480	FUN_001b5942	part_055	converted
0x1b62f2	890	FUN_001b62f2	part_055	converted
0x1b668c	246	FUN_001b668c	part_055	converted
0x1b6782	332	FUN_001b6782	part_055	converted
0x1b68ce	238	FUN_001b68ce	part_055	converted
0x1b69bc	249	FUN_001b69bc	part_055	converted
0x1b6ab6	140	FUN_001b6ab6	part_055	converted
0x1b6b42	282	FUN_001b6b42	part_055	converted
0x1b6c5c	274	FUN_001b6c5c	part_055	converted
0x1b6d6e	517	FUN_001b6d6e	part_055	converted
0x1bca0c	4	__i686_get_pc_thunk_bx	part_055	converted
0x1bca10	4	__i686_get_pc_thunk_cx	part_055	converted
0x1bca14	51	FUN_001bca14	part_055	converted
0x1bca48	5	FUN_001bca48	part_055	converted
0x1bca4e	5	FUN_001bca4e	part_055	converted
0x1bca54	5	FUN_001bca54	part_055	converted
0x1bca5a	14	FUN_001bca5a	part_055	converted
0x1bca68	5	FUN_001bca68	part_055	converted
0x1bca6e	41	FUN_001bca6e	part_055	converted
0x1bca98	7	FUN_001bca98	part_055	converted
0x1bcaa0	7	FUN_001bcaa0	part_055	converted
0x1bcaa8	7	FUN_001bcaa8	part_055	converted
0x1bcab0	7	FUN_001bcab0	part_055	converted
0x1bcab8	7	FUN_001bcab8	part_055	converted
0x1bcac0	24	FUN_001bcac0	part_055	converted
0x1bcad8	7	FUN_001bcad8	part_055	converted
0x1bcae0	7	FUN_001bcae0	part_055	converted
0x1bcae8	7	FUN_001bcae8	part_055	converted
0x1bcaf0	7	FUN_001bcaf0	part_055	converted
0x1bcaf8	7	FUN_001bcaf8	part_055	converted
0x1bcb00	7	FUN_001bcb00	part_055	converted
0x1bcb08	7	FUN_001bcb08	part_055	converted
0x1bcb10	7	FUN_001bcb10	part_055	converted
0x1bcb18	7	FUN_001bcb18	part_055	converted
0x1bcb20	7	FUN_001bcb20	part_055	converted
0x1bcb28	7	FUN_001bcb28	part_055	converted
0x1bcb30	7	FUN_001bcb30	part_055	converted
0x1bcb38	7	FUN_001bcb38	part_055	converted
0x1bcb40	7	FUN_001bcb40	part_055	converted
0x1bcb48	7	FUN_001bcb48	part_055	converted
0x1bcb50	7	FUN_001bcb50	part_055	converted
0x1bcb58	17	FUN_001bcb58	part_055	converted
0x1bcb6a	10	FUN_001bcb6a	part_055	converted
0x1bcb74	7	FUN_001bcb74	part_055	converted
0x1bcb7c	5	FUN_001bcb7c	part_055	converted
0x1bcb82	16	FUN_001bcb82	part_055	converted
0x1bcb92	29	FUN_001bcb92	part_055	converted
0x1bcbb0	21	FUN_001bcbb0	part_055	converted
0x1bcbc6	24	FUN_001bcbc6	part_055	converted
0x1bcbde	54	FUN_001bcbde	part_055	converted
0x1bcc14	46	FUN_001bcc14	part_055	converted
0x1bcc42	76	FUN_001bcc42	part_055	converted
0x1bcc8e	84	FUN_001bcc8e	part_055	converted
0x1bcce2	54	FUN_001bcce2	part_055	converted
0x1bcd18	84	FUN_001bcd18	part_055	converted
0x1bcd6c	54	FUN_001bcd6c	part_055	converted
0x1bcda2	84	FUN_001bcda2	part_056	converted
0x1bcdf6	54	FUN_001bcdf6	part_056	converted
0x1bce2c	84	FUN_001bce2c	part_056	converted
0x1bce80	54	FUN_001bce80	part_056	converted
0x1bceb6	5	FUN_001bceb6	part_056	converted
0x1bcebc	7	FUN_001bcebc	part_056	converted
0x1bcec4	7	FUN_001bcec4	part_056	converted
0x1bcecc	7	FUN_001bcecc	part_056	converted
0x1bced4	7	FUN_001bced4	part_056	converted
0x1bcedc	7	FUN_001bcedc	part_056	converted
0x1bcee4	7	FUN_001bcee4	part_056	converted
0x1bceec	7	FUN_001bceec	part_056	converted
0x1bcef4	7	FUN_001bcef4	part_056	converted
0x1bcefc	7	FUN_001bcefc	part_056	converted
0x1bcf04	7	FUN_001bcf04	part_056	converted
0x1bcf0c	7	FUN_001bcf0c	part_056	converted
0x1bcf14	7	FUN_001bcf14	part_056	converted
0x1bcf1c	7	FUN_001bcf1c	part_056	converted
0x1bcf24	16	FUN_001bcf24	part_056	converted
0x1bcf34	10	FUN_001bcf34	part_056	converted
0x1bcf3e	16	FUN_001bcf3e	part_056	converted
0x1bcf4e	10	FUN_001bcf4e	part_056	converted
0x1bcf58	16	FUN_001bcf58	part_056	converted
0x1bcf68	10	FUN_001bcf68	part_056	converted
0x1bcf72	16	FUN_001bcf72	part_056	converted
0x1bcf82	10	FUN_001bcf82	part_056	converted
0x1bcf8c	10	FUN_001bcf8c	part_056	converted
0x1bcf96	16	FUN_001bcf96	part_056	converted
0x1bcfa6	10	FUN_001bcfa6	part_056	converted
0x1bcfb0	16	FUN_001bcfb0	part_056	converted
0x1bcfc0	10	FUN_001bcfc0	part_056	converted
0x1bcfca	16	FUN_001bcfca	part_056	converted
0x1bcfda	16	FUN_001bcfda	part_056	converted
0x1bcfea	10	FUN_001bcfea	part_056	converted
0x1bcff4	16	FUN_001bcff4	part_056	converted
0x1bd004	10	FUN_001bd004	part_056	converted
0x1bd00e	16	FUN_001bd00e	part_056	converted
0x1bd01e	10	FUN_001bd01e	part_056	converted
0x1bd028	16	FUN_001bd028	part_056	converted
0x1bd038	10	FUN_001bd038	part_056	converted
0x1bd042	16	FUN_001bd042	part_056	converted
0x1bd052	10	FUN_001bd052	part_056	converted
0x1bd05c	8	FUN_001bd05c	part_056	converted
0x1bd064	16	FUN_001bd064	part_056	converted
0x1bd074	61	FUN_001bd074	part_056	converted
0x1bd0b2	31	FUN_001bd0b2	part_056	converted
0x1bd0d2	64	FUN_001bd0d2	part_056	converted
0x1bd112	28	FUN_001bd112	part_056	converted
0x1bd12e	61	FUN_001bd12e	part_056	converted
0x1bd16c	28	FUN_001bd16c	part_056	converted
0x1bd188	61	FUN_001bd188	part_056	converted
0x1bd1c6	28	FUN_001bd1c6	part_056	converted
0x1bd1e2	61	FUN_001bd1e2	part_056	converted
0x1bd220	28	FUN_001bd220	part_056	converted
0x1bd23c	61	FUN_001bd23c	part_056	converted
0x1bd27a	28	FUN_001bd27a	part_056	converted
0x1bd296	61	FUN_001bd296	part_056	converted
0x1bd2d4	28	FUN_001bd2d4	part_056	converted
0x1bd2f0	61	FUN_001bd2f0	part_056	converted
0x1bd32e	28	FUN_001bd32e	part_056	converted
0x1bd34a	61	FUN_001bd34a	part_057	converted
0x1bd388	28	FUN_001bd388	part_057	converted
0x1bd3a4	61	FUN_001bd3a4	part_057	converted
0x1bd3e2	31	FUN_001bd3e2	part_057	converted
0x1bd402	64	FUN_001bd402	part_057	converted
0x1bd442	72	FUN_001bd442	part_057	converted
0x1bd48a	28	FUN_001bd48a	part_057	converted
0x1bd4a6	61	FUN_001bd4a6	part_057	converted
0x1bd4e4	28	FUN_001bd4e4	part_057	converted
0x1bd500	39	FUN_001bd500	part_057	converted
0x1bd528	72	FUN_001bd528	part_057	converted
0x1bd570	39	FUN_001bd570	part_057	converted
0x1bd598	111	FUN_001bd598	part_057	converted
0x1bd608	16	FUN_001bd608	part_057	converted
0x1bd618	10	FUN_001bd618	part_057	converted
0x1bd622	16	FUN_001bd622	part_057	converted
0x1bd632	10	FUN_001bd632	part_057	converted
0x1bd63c	16	FUN_001bd63c	part_057	converted
0x1bd64c	10	FUN_001bd64c	part_057	converted
0x1bd656	16	FUN_001bd656	part_057	converted
0x1bd666	16	FUN_001bd666	part_057	converted
0x1bd676	16	FUN_001bd676	part_057	converted
0x1bd686	16	FUN_001bd686	part_057	converted
0x1bd696	10	FUN_001bd696	part_057	converted
0x1bd6a0	16	FUN_001bd6a0	part_057	converted
0x1bd6b0	10	FUN_001bd6b0	part_057	converted
0x1bd6ba	16	FUN_001bd6ba	part_057	converted
0x1bd6ca	16	FUN_001bd6ca	part_057	converted
0x1bd6da	10	FUN_001bd6da	part_057	converted
0x1bd6e4	16	FUN_001bd6e4	part_057	converted
0x1bd6f4	8	FUN_001bd6f4	part_057	converted
0x1bd6fc	10	FUN_001bd6fc	part_057	converted
0x1bd706	16	FUN_001bd706	part_057	converted
0x1bd716	16	FUN_001bd716	part_057	converted
0x1bd726	10	FUN_001bd726	part_057	converted
0x1bd730	10	FUN_001bd730	part_057	converted
0x1bd73a	14	FUN_001bd73a	part_057	converted
0x1bd748	10	FUN_001bd748	part_057	converted
0x1bd752	10	FUN_001bd752	part_057	converted
0x1bd75c	16	FUN_001bd75c	part_057	converted
0x1bd76c	10	FUN_001bd76c	part_057	converted
0x1bd776	10	FUN_001bd776	part_057	converted
0x1bd780	10	FUN_001bd780	part_057	converted
0x1bd78a	16	FUN_001bd78a	part_057	converted
0x1bd79a	10	FUN_001bd79a	part_057	converted
0x1bd7a4	5	FUN_001bd7a4	part_057	converted
0x1bd7aa	5	FUN_001bd7aa	part_057	converted
0x1bd7b0	7	FUN_001bd7b0	part_057	converted
0x1bd7b8	10	FUN_001bd7b8	part_057	converted
0x1bd7c2	10	FUN_001bd7c2	part_057	converted
0x1bd7cc	16	FUN_001bd7cc	part_057	converted
0x1bd7dc	10	FUN_001bd7dc	part_057	converted
0x1bd7e6	5	FUN_001bd7e6	part_057	converted
0x1bd7ec	5	FUN_001bd7ec	part_057	converted
0x1bd7f2	7	FUN_001bd7f2	part_057	converted
0x1bd7fa	10	FUN_001bd7fa	part_057	converted
0x1bd804	14	FUN_001bd804	part_057	converted
0x1bd812	16	FUN_001bd812	part_057	converted
0x1bd822	10	FUN_001bd822	part_057	converted
0x1bd82c	5	FUN_001bd82c	part_057	converted
0x1bd832	5	FUN_001bd832	part_058	converted
0x1bd838	7	FUN_001bd838	part_058	converted
0x1bd840	7	FUN_001bd840	part_058	converted
0x1bd848	8	FUN_001bd848	part_058	converted
0x1bd850	16	FUN_001bd850	part_058	converted
0x1bd860	14	FUN_001bd860	part_058	converted
0x1bd86e	5	FUN_001bd86e	part_058	converted
0x1bd874	5	FUN_001bd874	part_058	converted
0x1bd87a	7	FUN_001bd87a	part_058	converted
0x1bd882	23	FUN_001bd882	part_058	converted
0x1bd89a	10	FUN_001bd89a	part_058	converted
0x1bd8a4	16	FUN_001bd8a4	part_058	converted
0x1bd8b4	7	FUN_001bd8b4	part_058	converted
0x1bd8bc	10	FUN_001bd8bc	part_058	converted
0x1bd8c6	23	FUN_001bd8c6	part_058	converted
0x1bd8de	10	FUN_001bd8de	part_058	converted
0x1bd8e8	10	FUN_001bd8e8	part_058	converted
0x1bd8f2	10	FUN_001bd8f2	part_058	converted
0x1bd8fc	10	FUN_001bd8fc	part_058	converted
0x1bd906	10	FUN_001bd906	part_058	converted
0x1bd910	16	FUN_001bd910	part_058	converted
0x1bd920	10	FUN_001bd920	part_058	converted
0x1bd92a	23	FUN_001bd92a	part_058	converted
0x1bd942	10	FUN_001bd942	part_058	converted
0x1bd94c	23	FUN_001bd94c	part_058	converted
0x1bd964	10	FUN_001bd964	part_058	converted
0x1bd96e	10	FUN_001bd96e	part_058	converted
0x1bd978	10	FUN_001bd978	part_058	converted
0x1bd982	23	FUN_001bd982	part_058	converted
0x1bd99a	10	FUN_001bd99a	part_058	converted
0x1bd9a4	10	FUN_001bd9a4	part_058	converted
0x1bd9ae	23	FUN_001bd9ae	part_058	converted
0x1bd9c6	7	FUN_001bd9c6	part_058	converted
0x1bd9ce	10	FUN_001bd9ce	part_058	converted
0x1bd9d8	23	FUN_001bd9d8	part_058	converted
0x1bd9f0	16	FUN_001bd9f0	part_058	converted
0x1bda00	10	FUN_001bda00	part_058	converted
0x1bda0a	10	FUN_001bda0a	part_058	converted
0x1bda14	10	FUN_001bda14	part_058	converted
0x1bda1e	23	FUN_001bda1e	part_058	converted
0x1bda36	16	FUN_001bda36	part_058	converted
0x1bda46	23	FUN_001bda46	part_058	converted
0x1bda5e	10	FUN_001bda5e	part_058	converted
0x1bda68	7	FUN_001bda68	part_058	converted
0x1bda70	10	FUN_001bda70	part_058	converted
0x1bda7a	16	FUN_001bda7a	part_058	converted
0x1bda8a	5	FUN_001bda8a	part_058	converted
0x1bda90	7	FUN_001bda90	part_058	converted
0x1bda98	10	FUN_001bda98	part_058	converted
0x1bdaa2	16	FUN_001bdaa2	part_058	converted
0x1bdab2	10	FUN_001bdab2	part_058	converted
0x1bdabc	23	FUN_001bdabc	part_058	converted
0x1bdad4	16	FUN_001bdad4	part_058	converted
0x1bdae4	10	FUN_001bdae4	part_058	converted
0x1bdaee	10	FUN_001bdaee	part_058	converted
0x1bdaf8	16	FUN_001bdaf8	part_058	converted
0x1bdb08	38	FUN_001bdb08	part_058	converted
0x1bdb2e	38	FUN_001bdb2e	part_058	converted
0x1bdb54	17	FUN_001bdb54	part_058	converted
0x1bdb66	14	FUN_001bdb66	part_058	converted
0x1bdb74	32	FUN_001bdb74	part_059	converted
0x1bdb94	62	FUN_001bdb94	part_059	converted
0x1bdbd2	32	FUN_001bdbd2	part_059	converted
0x1bdbf2	62	FUN_001bdbf2	part_059	converted
0x1bdc30	32	FUN_001bdc30	part_059	converted
0x1bdc50	62	FUN_001bdc50	part_059	converted
0x1bdc8e	62	FUN_001bdc8e	part_059	converted
0x1bdccc	62	FUN_001bdccc	part_059	converted
0x1bdd0a	62	FUN_001bdd0a	part_059	converted
0x1bdd48	32	FUN_001bdd48	part_059	converted
0x1bdd68	32	FUN_001bdd68	part_059	converted
0x1bdd88	62	FUN_001bdd88	part_059	converted
0x1bddc6	32	FUN_001bddc6	part_059	converted
0x1bdde6	62	FUN_001bdde6	part_059	converted
0x1bde24	32	FUN_001bde24	part_059	converted
0x1bde44	62	FUN_001bde44	part_059	converted
0x1bde82	32	FUN_001bde82	part_059	converted
0x1bdea2	62	FUN_001bdea2	part_059	converted
0x1bdee0	62	FUN_001bdee0	part_059	converted
0x1bdf1e	32	FUN_001bdf1e	part_059	converted
0x1bdf3e	62	FUN_001bdf3e	part_059	converted
0x1bdf7c	32	FUN_001bdf7c	part_059	converted
0x1bdf9c	62	FUN_001bdf9c	part_059	converted
0x1bdfda	32	FUN_001bdfda	part_059	converted
0x1bdffa	62	FUN_001bdffa	part_059	converted
0x1be038	32	FUN_001be038	part_059	converted
0x1be058	62	FUN_001be058	part_059	converted
0x1be096	32	FUN_001be096	part_059	converted
0x1be0b6	62	FUN_001be0b6	part_059	converted
0x1be0f4	32	FUN_001be0f4	part_059	converted
0x1be114	32	FUN_001be114	part_059	converted
0x1be134	62	FUN_001be134	part_059	converted
0x1be172	32	FUN_001be172	part_059	converted
0x1be192	62	FUN_001be192	part_059	converted
0x1be1d0	32	FUN_001be1d0	part_059	converted
0x1be1f0	62	FUN_001be1f0	part_059	converted
0x1be22e	32	FUN_001be22e	part_059	converted
0x1be24e	62	FUN_001be24e	part_059	converted
0x1be28c	32	FUN_001be28c	part_059	converted
0x1be2ac	32	FUN_001be2ac	part_059	converted
0x1be2cc	62	FUN_001be2cc	part_059	converted
0x1be30a	32	FUN_001be30a	part_059	converted
0x1be32a	62	FUN_001be32a	part_059	converted
0x1be368	32	FUN_001be368	part_059	converted
0x1be388	62	FUN_001be388	part_059	converted
0x1be3c6	32	FUN_001be3c6	part_059	converted
0x1be3e6	62	FUN_001be3e6	part_059	converted
0x1be424	32	FUN_001be424	part_059	converted
0x1be444	62	FUN_001be444	part_059	converted
0x1be482	32	FUN_001be482	part_059	converted
0x1be4a2	62	FUN_001be4a2	part_059	converted
0x1be4e0	32	FUN_001be4e0	part_059	converted
0x1be500	32	FUN_001be500	part_059	converted
0x1be520	62	FUN_001be520	part_059	converted
0x1be55e	32	FUN_001be55e	part_059	converted
0x1be57e	62	FUN_001be57e	part_059	converted
0x1be5bc	32	FUN_001be5bc	part_059	converted
0x1be5dc	62	FUN_001be5dc	part_059	converted
0x1be61a	32	FUN_001be61a	part_059	converted
0x1be63a	62	FUN_001be63a	part_059	converted
0x1be678	32	FUN_001be678	part_060	converted
0x1be698	62	FUN_001be698	part_060	converted
0x1be6d6	32	FUN_001be6d6	part_060	converted
0x1be6f6	62	FUN_001be6f6	part_060	converted
0x1be734	32	FUN_001be734	part_060	converted
0x1be754	62	FUN_001be754	part_060	converted
0x1be792	32	FUN_001be792	part_060	converted
0x1be7b2	62	FUN_001be7b2	part_060	converted
0x1be7f0	32	FUN_001be7f0	part_060	converted
0x1be810	62	FUN_001be810	part_060	converted
0x1be84e	32	FUN_001be84e	part_060	converted
0x1be86e	62	FUN_001be86e	part_060	converted
0x1be8ac	32	FUN_001be8ac	part_060	converted
0x1be8cc	62	FUN_001be8cc	part_060	converted
0x1be90a	32	FUN_001be90a	part_060	converted
0x1be92a	62	FUN_001be92a	part_060	converted
0x1be968	32	FUN_001be968	part_060	converted
0x1be988	62	FUN_001be988	part_060	converted
0x1be9c6	21	FUN_001be9c6	part_060	converted
0x1be9dc	28	FUN_001be9dc	part_060	converted
0x1be9f8	7	FUN_001be9f8	part_060	converted
0x1bea00	5	FUN_001bea00	part_060	converted
0x1bea06	5	FUN_001bea06	part_060	converted
0x1bea0c	5	FUN_001bea0c	part_060	converted
0x1bea12	16	FUN_001bea12	part_060	converted
0x1bea22	10	FUN_001bea22	part_060	converted
0x1bea2c	8	FUN_001bea2c	part_060	converted
0x1bea34	7	FUN_001bea34	part_060	converted
0x1bea3c	5	FUN_001bea3c	part_060	converted
0x1bea42	5	FUN_001bea42	part_060	converted
0x1bea48	8	FUN_001bea48	part_060	converted
0x1bea50	5	FUN_001bea50	part_060	converted
0x1bea56	5	FUN_001bea56	part_060	converted
0x1bea5c	5	FUN_001bea5c	part_060	converted
0x1bea62	5	FUN_001bea62	part_060	converted
0x1bea68	10	FUN_001bea68	part_060	converted
0x1bea72	10	FUN_001bea72	part_060	converted
0x1bea7c	7	FUN_001bea7c	part_060	converted
0x1bea84	16	FUN_001bea84	part_060	converted
0x1bea94	7	FUN_001bea94	part_060	converted
0x1bea9c	7	FUN_001bea9c	part_060	converted
0x1beaa4	7	FUN_001beaa4	part_060	converted
0x1beaac	7	FUN_001beaac	part_060	converted
0x1beab4	7	FUN_001beab4	part_060	converted
0x1beabc	10	FUN_001beabc	part_060	converted
0x1beac6	7	FUN_001beac6	part_060	converted
0x1beace	7	FUN_001beace	part_060	converted
0x1bead6	7	FUN_001bead6	part_060	converted
0x1beade	7	FUN_001beade	part_060	converted
0x1beae6	7	FUN_001beae6	part_060	converted
0x1beaee	7	FUN_001beaee	part_060	converted
0x1beaf6	10	FUN_001beaf6	part_060	converted
0x1beb00	10	FUN_001beb00	part_060	converted
0x1beb0a	8	FUN_001beb0a	part_060	converted
0x1beb12	7	FUN_001beb12	part_060	converted
0x1beb1a	7	FUN_001beb1a	part_060	converted
0x1beb22	10	FUN_001beb22	part_060	converted
0x1beb2c	30	FUN_001beb2c	part_060	converted
0x1beb4a	5	FUN_001beb4a	part_060	converted
0x1beb50	7	FUN_001beb50	part_060	converted
0x1beb58	16	FUN_001beb58	part_061	converted
0x1beb68	7	FUN_001beb68	part_061	converted
0x1beb70	7	FUN_001beb70	part_061	converted
0x1beb78	7	FUN_001beb78	part_061	converted
0x1beb80	7	FUN_001beb80	part_061	converted
0x1beb88	5	FUN_001beb88	part_061	converted
0x1beb8e	7	FUN_001beb8e	part_061	converted
0x1beb96	5	FUN_001beb96	part_061	converted
0x1beb9c	10	FUN_001beb9c	part_061	converted
0x1beba6	5	FUN_001beba6	part_061	converted
0x1bebac	5	FUN_001bebac	part_061	converted
0x1bebb2	5	FUN_001bebb2	part_061	converted
0x1bebb8	24	FUN_001bebb8	part_061	converted
0x1bebd0	31	FUN_001bebd0	part_061	converted
0x1bebf0	5	FUN_001bebf0	part_061	converted
0x1bebf6	7	FUN_001bebf6	part_061	converted
0x1bebfe	5	FUN_001bebfe	part_061	converted
0x1bec04	24	FUN_001bec04	part_061	converted
0x1bec1c	31	FUN_001bec1c	part_061	converted
0x1bec3c	10	FUN_001bec3c	part_061	converted
0x1bec46	7	FUN_001bec46	part_061	converted
0x1bec4e	30	FUN_001bec4e	part_061	converted
0x1bec6c	272	FUN_001bec6c	part_061	converted
0x1bed7c	24	FUN_001bed7c	part_061	converted
0x1bed94	24	FUN_001bed94	part_061	converted
0x1bedac	23	FUN_001bedac	part_061	converted
0x1bedc4	26	FUN_001bedc4	part_061	converted
0x1bedde	26	FUN_001bedde	part_061	converted
0x1bedf8	31	FUN_001bedf8	part_061	converted
0x1bee18	24	FUN_001bee18	part_061	converted
0x1bee30	24	FUN_001bee30	part_061	converted
0x1bee48	24	FUN_001bee48	part_061	converted
0x1bee60	25	FUN_001bee60	part_061	converted
0x1bee7a	25	FUN_001bee7a	part_061	converted
0x1bee94	29	FUN_001bee94	part_061	converted
0x1beeb2	29	FUN_001beeb2	part_061	converted
0x1beed0	47	FUN_001beed0	part_061	converted
0x1bef00	47	FUN_001bef00	part_061	converted
0x1bef30	29	FUN_001bef30	part_061	converted
0x1bef4e	29	FUN_001bef4e	part_061	converted
0x1bef6c	23	FUN_001bef6c	part_061	converted
0x1bef84	23	FUN_001bef84	part_061	converted
0x1bef9c	21	FUN_001bef9c	part_061	converted
0x1befb2	123	FUN_001befb2	part_061	converted
0x1bf02e	146	FUN_001bf02e	part_061	converted
0x1bf0c0	92	FUN_001bf0c0	part_061	converted
0x1bf11c	45	FUN_001bf11c	part_061	converted
0x1bf14a	125	FUN_001bf14a	part_061	converted
0x1bf1c8	55	FUN_001bf1c8	part_061	converted
0x1bf200	94	FUN_001bf200	part_061	converted
0x1bf25e	25	FUN_001bf25e	part_061	converted
0x1bf278	62	FUN_001bf278	part_061	converted
0x1bf2b6	30	FUN_001bf2b6	part_061	converted
0x1bf2d4	28	FUN_001bf2d4	part_061	converted
0x1bf2f0	28	FUN_001bf2f0	part_061	converted
0x1bf30c	48	FUN_001bf30c	part_061	converted
0x1bf33c	32	FUN_001bf33c	part_061	converted
0x1bf35c	56	FUN_001bf35c	part_061	converted
0x1bf394	91	FUN_001bf394	part_061	converted
0x1bf3f0	116	FUN_001bf3f0	part_061	converted
0x1bf464	48	FUN_001bf464	part_062	converted
0x1bf494	81	FUN_001bf494	part_062	converted
0x1bf4e6	48	FUN_001bf4e6	part_062	converted
0x1bf516	55	FUN_001bf516	part_062	converted
0x1bf54e	55	FUN_001bf54e	part_062	converted
0x1bf586	50	FUN_001bf586	part_062	converted
0x1bf5b8	48	FUN_001bf5b8	part_062	converted
0x1bf5e8	48	FUN_001bf5e8	part_062	converted
0x1bf618	50	FUN_001bf618	part_062	converted
0x1bf64a	10	FUN_001bf64a	part_062	converted
0x1bf654	10	FUN_001bf654	part_062	converted
0x1bf65e	68	FUN_001bf65e	part_062	converted
0x1bf6a2	9	FUN_001bf6a2	part_062	converted
0x1bf6ac	9	FUN_001bf6ac	part_062	converted
0x1bf6b6	9	FUN_001bf6b6	part_062	converted
0x1bf6c0	9	FUN_001bf6c0	part_062	converted
0x1bf6ca	9	FUN_001bf6ca	part_062	converted
0x1bf6d4	9	FUN_001bf6d4	part_062	converted
0x1bf6de	9	FUN_001bf6de	part_062	converted
0x1bf6e8	9	FUN_001bf6e8	part_062	converted
0x1bf6f2	9	FUN_001bf6f2	part_062	converted
0x1bf6fc	9	FUN_001bf6fc	part_062	converted
0x1bf706	9	FUN_001bf706	part_062	converted
0x1bf710	9	FUN_001bf710	part_062	converted
0x1bf71a	9	FUN_001bf71a	part_062	converted
0x1bf724	9	FUN_001bf724	part_062	converted
0x1bf72e	9	FUN_001bf72e	part_062	converted
0x1bf738	9	FUN_001bf738	part_062	converted
0x1bf742	9	FUN_001bf742	part_062	converted
0x1bf74c	9	FUN_001bf74c	part_062	converted
0x1bf756	9	FUN_001bf756	part_062	converted
0x1bf760	9	FUN_001bf760	part_062	converted
0x1bf76a	9	FUN_001bf76a	part_062	converted
0x1bf774	9	FUN_001bf774	part_062	converted
0x1bf77e	185	FUN_001bf77e	part_062	converted
0x1bf838	76	FUN_001bf838	part_062	converted
0x1bf884	53	FUN_001bf884	part_062	converted
0x1bf8ba	46	FUN_001bf8ba	part_062	converted
0x1bf8e8	53	FUN_001bf8e8	part_062	converted
0x1bf91e	46	FUN_001bf91e	part_062	converted
0x1bf94c	53	FUN_001bf94c	part_062	converted
0x1bf982	46	FUN_001bf982	part_062	converted
0x1bf9b0	53	FUN_001bf9b0	part_062	converted
0x1bf9e6	46	FUN_001bf9e6	part_062	converted
0x1bfa14	53	FUN_001bfa14	part_062	converted
0x1bfa4a	46	FUN_001bfa4a	part_062	converted
0x1bfa78	53	FUN_001bfa78	part_062	converted
0x1bfaae	46	FUN_001bfaae	part_062	converted
0x1bfadc	53	FUN_001bfadc	part_062	converted
0x1bfb12	46	FUN_001bfb12	part_062	converted
0x1bfb40	53	FUN_001bfb40	part_062	converted
0x1bfb76	46	FUN_001bfb76	part_062	converted
0x1bfba4	53	FUN_001bfba4	part_062	converted
0x1bfbda	46	FUN_001bfbda	part_062	converted
0x1bfc08	53	FUN_001bfc08	part_062	converted
0x1bfc3e	46	FUN_001bfc3e	part_062	converted
0x1bfc6c	53	FUN_001bfc6c	part_062	converted
0x1bfca2	46	FUN_001bfca2	part_062	converted
0x1bfcd0	53	FUN_001bfcd0	part_062	converted
0x1bfd06	46	FUN_001bfd06	part_062	converted
0x1bfd34	35	FUN_001bfd34	part_063	converted
0x1bfd58	42	FUN_001bfd58	part_063	converted
0x1bfd82	35	FUN_001bfd82	part_063	converted
0x1bfda6	42	FUN_001bfda6	part_063	converted
0x1bfdd0	35	FUN_001bfdd0	part_063	converted
0x1bfdf4	42	FUN_001bfdf4	part_063	converted
0x1bfe1e	35	FUN_001bfe1e	part_063	converted
0x1bfe42	42	FUN_001bfe42	part_063	converted
0x1bfe6c	35	FUN_001bfe6c	part_063	converted
0x1bfe90	42	FUN_001bfe90	part_063	converted
0x1bfeba	35	FUN_001bfeba	part_063	converted
0x1bfede	42	FUN_001bfede	part_063	converted
0x1bff08	35	FUN_001bff08	part_063	converted
0x1bff2c	42	FUN_001bff2c	part_063	converted
0x1bff56	35	FUN_001bff56	part_063	converted
0x1bff7a	42	FUN_001bff7a	part_063	converted
0x1bffa4	35	FUN_001bffa4	part_063	converted
0x1bffc8	42	FUN_001bffc8	part_063	converted
0x1bfff2	35	FUN_001bfff2	part_063	converted
0x1c0016	42	FUN_001c0016	part_063	converted
0x1c0040	35	FUN_001c0040	part_063	converted
0x1c0064	42	FUN_001c0064	part_063	converted
0x1c008e	35	FUN_001c008e	part_063	converted
0x1c00b2	42	FUN_001c00b2	part_063	converted
0x1c00dc	35	FUN_001c00dc	part_063	converted
0x1c0100	42	FUN_001c0100	part_063	converted
0x1c012a	35	FUN_001c012a	part_063	converted
0x1c014e	42	FUN_001c014e	part_063	converted
0x1c0178	35	FUN_001c0178	part_063	converted
0x1c019c	42	FUN_001c019c	part_063	converted
0x1c01c6	35	FUN_001c01c6	part_063	converted
0x1c01ea	42	FUN_001c01ea	part_063	converted
0x1c0214	35	FUN_001c0214	part_063	converted
0x1c0238	42	FUN_001c0238	part_063	converted
0x1c0262	35	FUN_001c0262	part_063	converted
0x1c0286	42	FUN_001c0286	part_063	converted
0x1c02b0	35	FUN_001c02b0	part_063	converted
0x1c02d4	42	FUN_001c02d4	part_063	converted
0x1c02fe	35	FUN_001c02fe	part_063	converted
0x1c0322	42	FUN_001c0322	part_063	converted
0x1c034c	35	FUN_001c034c	part_063	converted
0x1c0370	42	FUN_001c0370	part_063	converted
0x1c039a	35	FUN_001c039a	part_063	converted
0x1c03be	42	FUN_001c03be	part_063	converted
0x1c03e8	35	FUN_001c03e8	part_063	converted
0x1c040c	42	FUN_001c040c	part_063	converted
0x1c0436	35	FUN_001c0436	part_063	converted
0x1c045a	42	FUN_001c045a	part_063	converted
0x1c0484	35	FUN_001c0484	part_063	converted
0x1c04a8	42	FUN_001c04a8	part_063	converted
0x1c04d2	35	FUN_001c04d2	part_063	converted
0x1c04f6	42	FUN_001c04f6	part_063	converted
0x1c0520	35	FUN_001c0520	part_063	converted
0x1c0544	42	FUN_001c0544	part_063	converted
0x1c056e	35	FUN_001c056e	part_063	converted
0x1c0592	42	FUN_001c0592	part_063	converted
0x1c05bc	35	FUN_001c05bc	part_063	converted
0x1c05e0	42	FUN_001c05e0	part_063	converted
0x1c060a	35	FUN_001c060a	part_063	converted
0x1c062e	42	FUN_001c062e	part_063	converted
0x1c0658	35	FUN_001c0658	part_064	converted
0x1c067c	42	FUN_001c067c	part_064	converted
0x1c06a6	35	FUN_001c06a6	part_064	converted
0x1c06ca	42	FUN_001c06ca	part_064	converted
0x1c06f4	35	FUN_001c06f4	part_064	converted
0x1c0718	42	FUN_001c0718	part_064	converted
0x1c0742	35	FUN_001c0742	part_064	converted
0x1c0766	42	FUN_001c0766	part_064	converted
0x1c0790	35	FUN_001c0790	part_064	converted
0x1c07b4	42	FUN_001c07b4	part_064	converted
0x1c07de	35	FUN_001c07de	part_064	converted
0x1c0802	42	FUN_001c0802	part_064	converted
0x1c082c	35	FUN_001c082c	part_064	converted
0x1c0850	42	FUN_001c0850	part_064	converted
0x1c087a	35	FUN_001c087a	part_064	converted
0x1c089e	42	FUN_001c089e	part_064	converted
0x1c08c8	35	FUN_001c08c8	part_064	converted
0x1c08ec	42	FUN_001c08ec	part_064	converted
0x1c0916	35	FUN_001c0916	part_064	converted
0x1c093a	42	FUN_001c093a	part_064	converted
0x1c0964	35	FUN_001c0964	part_064	converted
0x1c0988	42	FUN_001c0988	part_064	converted
0x1c09b2	35	FUN_001c09b2	part_064	converted
0x1c09d6	42	FUN_001c09d6	part_064	converted
0x1c0a00	35	FUN_001c0a00	part_064	converted
0x1c0a24	42	FUN_001c0a24	part_064	converted
0x1c0a4e	35	FUN_001c0a4e	part_064	converted
0x1c0a72	42	FUN_001c0a72	part_064	converted
0x1c0a9c	35	FUN_001c0a9c	part_064	converted
0x1c0ac0	42	FUN_001c0ac0	part_064	converted
0x1c0aea	35	FUN_001c0aea	part_064	converted
0x1c0b0e	42	FUN_001c0b0e	part_064	converted
0x1c0b38	35	FUN_001c0b38	part_064	converted
0x1c0b5c	42	FUN_001c0b5c	part_064	converted
0x1c0b86	35	FUN_001c0b86	part_064	converted
0x1c0baa	42	FUN_001c0baa	part_064	converted
0x1c0bd4	35	FUN_001c0bd4	part_064	converted
0x1c0bf8	42	FUN_001c0bf8	part_064	converted
0x1c0c22	35	FUN_001c0c22	part_064	converted
0x1c0c46	42	FUN_001c0c46	part_064	converted
0x1c0c70	35	FUN_001c0c70	part_064	converted
0x1c0c94	42	FUN_001c0c94	part_064	converted
0x1c0cbe	35	FUN_001c0cbe	part_064	converted
0x1c0ce2	42	FUN_001c0ce2	part_064	converted
0x1c0d0c	35	FUN_001c0d0c	part_064	converted
0x1c0d30	42	FUN_001c0d30	part_064	converted
0x1c0d5a	35	FUN_001c0d5a	part_064	converted
0x1c0d7e	42	FUN_001c0d7e	part_064	converted
0x1c0da8	35	FUN_001c0da8	part_064	converted
0x1c0dcc	42	FUN_001c0dcc	part_064	converted
0x1c0df6	35	FUN_001c0df6	part_064	converted
0x1c0e1a	42	FUN_001c0e1a	part_064	converted
0x1c0e44	35	FUN_001c0e44	part_064	converted
0x1c0e68	42	FUN_001c0e68	part_064	converted
0x1c0e92	35	FUN_001c0e92	part_064	converted
0x1c0eb6	42	FUN_001c0eb6	part_064	converted
0x1c0ee0	35	FUN_001c0ee0	part_064	converted
0x1c0f04	42	FUN_001c0f04	part_064	converted
0x1c0f2e	35	FUN_001c0f2e	part_064	converted
0x1c0f52	42	FUN_001c0f52	part_064	converted
0x1c0f7c	35	FUN_001c0f7c	part_065	converted
0x1c0fa0	42	FUN_001c0fa0	part_065	converted
0x1c0fca	35	FUN_001c0fca	part_065	converted
0x1c0fee	42	FUN_001c0fee	part_065	converted
0x1c1018	35	FUN_001c1018	part_065	converted
0x1c103c	42	FUN_001c103c	part_065	converted
0x1c1066	35	FUN_001c1066	part_065	converted
0x1c108a	42	FUN_001c108a	part_065	converted
0x1c10b4	35	FUN_001c10b4	part_065	converted
0x1c10d8	42	FUN_001c10d8	part_065	converted
0x1c1102	35	FUN_001c1102	part_065	converted
0x1c1126	42	FUN_001c1126	part_065	converted
0x1c1150	35	FUN_001c1150	part_065	converted
0x1c1174	42	FUN_001c1174	part_065	converted
0x1c119e	35	FUN_001c119e	part_065	converted
0x1c11c2	42	FUN_001c11c2	part_065	converted
0x1c11ec	35	FUN_001c11ec	part_065	converted
0x1c1210	42	FUN_001c1210	part_065	converted
0x1c123a	35	FUN_001c123a	part_065	converted
0x1c125e	42	FUN_001c125e	part_065	converted
0x1c1288	35	FUN_001c1288	part_065	converted
0x1c12ac	42	FUN_001c12ac	part_065	converted
0x1c12d6	35	FUN_001c12d6	part_065	converted
0x1c12fa	42	FUN_001c12fa	part_065	converted
0x1c1324	35	FUN_001c1324	part_065	converted
0x1c1348	42	FUN_001c1348	part_065	converted
0x1c1372	35	FUN_001c1372	part_065	converted
0x1c1396	42	FUN_001c1396	part_065	converted
0x1c13c0	35	FUN_001c13c0	part_065	converted
0x1c13e4	42	FUN_001c13e4	part_065	converted
0x1c140e	35	FUN_001c140e	part_065	converted
0x1c1432	42	FUN_001c1432	part_065	converted
0x1c145c	35	FUN_001c145c	part_065	converted
0x1c1480	42	FUN_001c1480	part_065	converted
0x1c14aa	35	FUN_001c14aa	part_065	converted
0x1c14ce	42	FUN_001c14ce	part_065	converted
0x1c14f8	35	FUN_001c14f8	part_065	converted
0x1c151c	42	FUN_001c151c	part_065	converted
0x1c1546	35	FUN_001c1546	part_065	converted
0x1c156a	42	FUN_001c156a	part_065	converted
0x1c1594	35	FUN_001c1594	part_065	converted
0x1c15b8	42	FUN_001c15b8	part_065	converted
0x1c15e2	35	FUN_001c15e2	part_065	converted
0x1c1606	42	FUN_001c1606	part_065	converted
0x1c1630	35	FUN_001c1630	part_065	converted
0x1c1654	42	FUN_001c1654	part_065	converted
0x1c167e	35	FUN_001c167e	part_065	converted
0x1c16a2	42	FUN_001c16a2	part_065	converted
0x1c16cc	35	FUN_001c16cc	part_065	converted
0x1c16f0	42	FUN_001c16f0	part_065	converted
0x1c171a	35	FUN_001c171a	part_065	converted
0x1c173e	42	FUN_001c173e	part_065	converted
0x1c1768	35	FUN_001c1768	part_065	converted
0x1c178c	42	FUN_001c178c	part_065	converted
0x1c17b6	35	FUN_001c17b6	part_065	converted
0x1c17da	42	FUN_001c17da	part_065	converted
0x1c1804	35	FUN_001c1804	part_065	converted
0x1c1828	42	FUN_001c1828	part_065	converted
0x1c1852	35	FUN_001c1852	part_065	converted
0x1c1876	42	FUN_001c1876	part_065	converted
0x1c18a0	35	FUN_001c18a0	part_066	converted
0x1c18c4	42	FUN_001c18c4	part_066	converted
0x1c18ee	35	FUN_001c18ee	part_066	converted
0x1c1912	42	FUN_001c1912	part_066	converted
0x1c193c	35	FUN_001c193c	part_066	converted
0x1c1960	42	FUN_001c1960	part_066	converted
0x1c198a	35	FUN_001c198a	part_066	converted
0x1c19ae	42	FUN_001c19ae	part_066	converted
0x1c19d8	35	FUN_001c19d8	part_066	converted
0x1c19fc	42	FUN_001c19fc	part_066	converted
0x1c1a26	35	FUN_001c1a26	part_066	converted
0x1c1a4a	42	FUN_001c1a4a	part_066	converted
0x1c1a74	35	FUN_001c1a74	part_066	converted
0x1c1a98	42	FUN_001c1a98	part_066	converted
0x1c1ac2	35	FUN_001c1ac2	part_066	converted
0x1c1ae6	42	FUN_001c1ae6	part_066	converted
0x1c1b10	35	FUN_001c1b10	part_066	converted
0x1c1b34	42	FUN_001c1b34	part_066	converted
0x1c1b5e	35	FUN_001c1b5e	part_066	converted
0x1c1b82	42	FUN_001c1b82	part_066	converted
0x1c1bac	35	FUN_001c1bac	part_066	converted
0x1c1bd0	42	FUN_001c1bd0	part_066	converted
0x1c1bfa	35	FUN_001c1bfa	part_066	converted
0x1c1c1e	42	FUN_001c1c1e	part_066	converted
0x1c1c48	35	FUN_001c1c48	part_066	converted
0x1c1c6c	42	FUN_001c1c6c	part_066	converted
0x1c1c96	35	FUN_001c1c96	part_066	converted
0x1c1cba	42	FUN_001c1cba	part_066	converted
0x1c1ce4	35	FUN_001c1ce4	part_066	converted
0x1c1d08	42	FUN_001c1d08	part_066	converted
0x1c1d32	35	FUN_001c1d32	part_066	converted
0x1c1d56	42	FUN_001c1d56	part_066	converted
0x1c1d80	35	FUN_001c1d80	part_066	converted
0x1c1da4	42	FUN_001c1da4	part_066	converted
0x1c1dce	35	FUN_001c1dce	part_066	converted
0x1c1df2	42	FUN_001c1df2	part_066	converted
0x1c1e1c	35	FUN_001c1e1c	part_066	converted
0x1c1e40	42	FUN_001c1e40	part_066	converted
0x1c1e6a	35	FUN_001c1e6a	part_066	converted
0x1c1e8e	42	FUN_001c1e8e	part_066	converted
0x1c1eb8	35	FUN_001c1eb8	part_066	converted
0x1c1edc	42	FUN_001c1edc	part_066	converted
0x1c1f06	35	FUN_001c1f06	part_066	converted
0x1c1f2a	42	FUN_001c1f2a	part_066	converted
0x1c1f54	35	FUN_001c1f54	part_066	converted
0x1c1f78	42	FUN_001c1f78	part_066	converted
0x1c1fa2	35	FUN_001c1fa2	part_066	converted
0x1c1fc6	42	FUN_001c1fc6	part_066	converted
0x1c1ff0	35	FUN_001c1ff0	part_066	converted
0x1c2014	42	FUN_001c2014	part_066	converted
0x1c203e	35	FUN_001c203e	part_066	converted
0x1c2062	42	FUN_001c2062	part_066	converted
0x1c208c	35	FUN_001c208c	part_066	converted
0x1c20b0	42	FUN_001c20b0	part_066	converted
0x1c20da	35	FUN_001c20da	part_066	converted
0x1c20fe	42	FUN_001c20fe	part_066	converted
0x1c2128	35	FUN_001c2128	part_066	converted
0x1c214c	42	FUN_001c214c	part_066	converted
0x1c2176	35	FUN_001c2176	part_066	converted
0x1c219a	42	FUN_001c219a	part_066	converted
0x1c21c4	35	FUN_001c21c4	part_067	converted
0x1c21e8	42	FUN_001c21e8	part_067	converted
0x1c2212	35	FUN_001c2212	part_067	converted
0x1c2236	42	FUN_001c2236	part_067	converted
0x1c2260	35	FUN_001c2260	part_067	converted
0x1c2284	42	FUN_001c2284	part_067	converted
0x1c22ae	35	FUN_001c22ae	part_067	converted
0x1c22d2	42	FUN_001c22d2	part_067	converted
0x1c22fc	35	FUN_001c22fc	part_067	converted
0x1c2320	42	FUN_001c2320	part_067	converted
0x1c234a	35	FUN_001c234a	part_067	converted
0x1c236e	42	FUN_001c236e	part_067	converted
0x1c2398	35	FUN_001c2398	part_067	converted
0x1c23bc	42	FUN_001c23bc	part_067	converted
0x1c23e6	35	FUN_001c23e6	part_067	converted
0x1c240a	42	FUN_001c240a	part_067	converted
0x1c2434	35	FUN_001c2434	part_067	converted
0x1c2458	42	FUN_001c2458	part_067	converted
0x1c2482	35	FUN_001c2482	part_067	converted
0x1c24a6	42	FUN_001c24a6	part_067	converted
0x1c24d0	35	FUN_001c24d0	part_067	converted
0x1c24f4	42	FUN_001c24f4	part_067	converted
0x1c251e	35	FUN_001c251e	part_067	converted
0x1c2542	42	FUN_001c2542	part_067	converted
0x1c256c	35	FUN_001c256c	part_067	converted
0x1c2590	42	FUN_001c2590	part_067	converted
0x1c25ba	35	FUN_001c25ba	part_067	converted
0x1c25de	42	FUN_001c25de	part_067	converted
0x1c2608	35	FUN_001c2608	part_067	converted
0x1c262c	42	FUN_001c262c	part_067	converted
0x1c2656	35	FUN_001c2656	part_067	converted
0x1c267a	42	FUN_001c267a	part_067	converted
0x1c26a4	35	FUN_001c26a4	part_067	converted
0x1c26c8	42	FUN_001c26c8	part_067	converted
0x1c26f2	35	FUN_001c26f2	part_067	converted
0x1c2716	42	FUN_001c2716	part_067	converted
0x1c2740	35	FUN_001c2740	part_067	converted
0x1c2764	42	FUN_001c2764	part_067	converted
0x1c278e	35	FUN_001c278e	part_067	converted
0x1c27b2	42	FUN_001c27b2	part_067	converted
0x1c27dc	35	FUN_001c27dc	part_067	converted
0x1c2800	42	FUN_001c2800	part_067	converted
0x1c282a	35	FUN_001c282a	part_067	converted
0x1c284e	42	FUN_001c284e	part_067	converted
0x1c2878	35	FUN_001c2878	part_067	converted
0x1c289c	42	FUN_001c289c	part_067	converted
0x1c28c6	35	FUN_001c28c6	part_067	converted
0x1c28ea	42	FUN_001c28ea	part_067	converted
0x1c2914	35	FUN_001c2914	part_067	converted
0x1c2938	42	FUN_001c2938	part_067	converted
0x1c2962	35	FUN_001c2962	part_067	converted
0x1c2986	42	FUN_001c2986	part_067	converted
0x1c29b0	35	FUN_001c29b0	part_067	converted
0x1c29d4	42	FUN_001c29d4	part_067	converted
0x1c29fe	35	FUN_001c29fe	part_067	converted
0x1c2a22	42	FUN_001c2a22	part_067	converted
0x1c2a4c	35	FUN_001c2a4c	part_067	converted
0x1c2a70	42	FUN_001c2a70	part_067	converted
0x1c2a9a	35	FUN_001c2a9a	part_067	converted
0x1c2abe	42	FUN_001c2abe	part_067	converted
0x1c2ae8	35	FUN_001c2ae8	part_068	converted
0x1c2b0c	42	FUN_001c2b0c	part_068	converted
0x1c2b36	35	FUN_001c2b36	part_068	converted
0x1c2b5a	42	FUN_001c2b5a	part_068	converted
0x1c2b84	35	FUN_001c2b84	part_068	converted
0x1c2ba8	42	FUN_001c2ba8	part_068	converted
0x1c2bd2	35	FUN_001c2bd2	part_068	converted
0x1c2bf6	42	FUN_001c2bf6	part_068	converted
0x1c2c20	35	FUN_001c2c20	part_068	converted
0x1c2c44	42	FUN_001c2c44	part_068	converted
0x1c2c6e	35	FUN_001c2c6e	part_068	converted
0x1c2c92	42	FUN_001c2c92	part_068	converted
0x1c2cbc	35	FUN_001c2cbc	part_068	converted
0x1c2ce0	42	FUN_001c2ce0	part_068	converted
0x1c2d0a	35	FUN_001c2d0a	part_068	converted
0x1c2d2e	42	FUN_001c2d2e	part_068	converted
0x1c2d58	35	FUN_001c2d58	part_068	converted
0x1c2d7c	42	FUN_001c2d7c	part_068	converted
0x1c2da6	35	FUN_001c2da6	part_068	converted
0x1c2dca	42	FUN_001c2dca	part_068	converted
0x1c2df4	35	FUN_001c2df4	part_068	converted
0x1c2e18	42	FUN_001c2e18	part_068	converted
0x1c2e42	35	FUN_001c2e42	part_068	converted
0x1c2e66	42	FUN_001c2e66	part_068	converted
0x1c2e90	35	FUN_001c2e90	part_068	converted
0x1c2eb4	42	FUN_001c2eb4	part_068	converted
0x1c2ede	35	FUN_001c2ede	part_068	converted
0x1c2f02	42	FUN_001c2f02	part_068	converted
0x1c2f2c	35	FUN_001c2f2c	part_068	converted
0x1c2f50	42	FUN_001c2f50	part_068	converted
0x1c2f7a	35	FUN_001c2f7a	part_068	converted
0x1c2f9e	42	FUN_001c2f9e	part_068	converted
0x1c2fc8	35	FUN_001c2fc8	part_068	converted
0x1c2fec	42	FUN_001c2fec	part_068	converted
0x1c3016	35	FUN_001c3016	part_068	converted
0x1c303a	42	FUN_001c303a	part_068	converted
0x1c3064	35	FUN_001c3064	part_068	converted
0x1c3088	42	FUN_001c3088	part_068	converted
0x1c30b2	35	FUN_001c30b2	part_068	converted
0x1c30d6	42	FUN_001c30d6	part_068	converted
0x1c3100	35	FUN_001c3100	part_068	converted
0x1c3124	42	FUN_001c3124	part_068	converted
0x1c314e	35	FUN_001c314e	part_068	converted
0x1c3172	42	FUN_001c3172	part_068	converted
0x1c319c	35	FUN_001c319c	part_068	converted
0x1c31c0	42	FUN_001c31c0	part_068	converted
0x1c31ea	35	FUN_001c31ea	part_068	converted
0x1c320e	42	FUN_001c320e	part_068	converted
0x1c3238	35	FUN_001c3238	part_068	converted
0x1c325c	42	FUN_001c325c	part_068	converted
0x1c3286	35	FUN_001c3286	part_068	converted
0x1c32aa	42	FUN_001c32aa	part_068	converted
0x1c32d4	35	FUN_001c32d4	part_068	converted
0x1c32f8	42	FUN_001c32f8	part_068	converted
0x1c3322	35	FUN_001c3322	part_068	converted
0x1c3346	42	FUN_001c3346	part_068	converted
0x1c3370	35	FUN_001c3370	part_068	converted
0x1c3394	42	FUN_001c3394	part_068	converted
0x1c33be	35	FUN_001c33be	part_068	converted
0x1c33e2	42	FUN_001c33e2	part_068	converted
0x1c340c	35	FUN_001c340c	part_069	converted
0x1c3430	42	FUN_001c3430	part_069	converted
0x1c345a	35	FUN_001c345a	part_069	converted
0x1c347e	42	FUN_001c347e	part_069	converted
0x1c34a8	35	FUN_001c34a8	part_069	converted
0x1c34cc	42	FUN_001c34cc	part_069	converted
0x1c34f6	35	FUN_001c34f6	part_069	converted
0x1c351a	42	FUN_001c351a	part_069	converted
0x1c3544	35	FUN_001c3544	part_069	converted
0x1c3568	42	FUN_001c3568	part_069	converted
0x1c3592	35	FUN_001c3592	part_069	converted
0x1c35b6	42	FUN_001c35b6	part_069	converted
0x1c35e0	35	FUN_001c35e0	part_069	converted
0x1c3604	42	FUN_001c3604	part_069	converted
0x1c362e	35	FUN_001c362e	part_069	converted
0x1c3652	42	FUN_001c3652	part_069	converted
0x1c367c	35	FUN_001c367c	part_069	converted
0x1c36a0	42	FUN_001c36a0	part_069	converted
0x1c36ca	35	FUN_001c36ca	part_069	converted
0x1c36ee	42	FUN_001c36ee	part_069	converted
0x1c3718	35	FUN_001c3718	part_069	converted
0x1c373c	42	FUN_001c373c	part_069	converted
0x1c3766	35	FUN_001c3766	part_069	converted
0x1c378a	42	FUN_001c378a	part_069	converted
0x1c37b4	35	FUN_001c37b4	part_069	converted
0x1c37d8	42	FUN_001c37d8	part_069	converted
0x1c3802	35	FUN_001c3802	part_069	converted
0x1c3826	42	FUN_001c3826	part_069	converted
0x1c3850	35	FUN_001c3850	part_069	converted
0x1c3874	42	FUN_001c3874	part_069	converted
0x1c389e	35	FUN_001c389e	part_069	converted
0x1c38c2	42	FUN_001c38c2	part_069	converted
0x1c38ec	35	FUN_001c38ec	part_069	converted
0x1c3910	42	FUN_001c3910	part_069	converted
0x1c393a	35	FUN_001c393a	part_069	converted
0x1c395e	42	FUN_001c395e	part_069	converted
0x1c3988	35	FUN_001c3988	part_069	converted
0x1c39ac	42	FUN_001c39ac	part_069	converted
0x1c39d6	35	FUN_001c39d6	part_069	converted
0x1c39fa	42	FUN_001c39fa	part_069	converted
0x1c3a24	35	FUN_001c3a24	part_069	converted
0x1c3a48	42	FUN_001c3a48	part_069	converted
0x1c3a72	35	FUN_001c3a72	part_069	converted
0x1c3a96	42	FUN_001c3a96	part_069	converted
0x1c3ac0	35	FUN_001c3ac0	part_069	converted
0x1c3ae4	42	FUN_001c3ae4	part_069	converted
0x1c3b0e	35	FUN_001c3b0e	part_069	converted
0x1c3b32	42	FUN_001c3b32	part_069	converted
0x1c3b5c	35	FUN_001c3b5c	part_069	converted
0x1c3b80	42	FUN_001c3b80	part_069	converted
0x1c3baa	35	FUN_001c3baa	part_069	converted
0x1c3bce	42	FUN_001c3bce	part_069	converted
0x1c3bf8	35	FUN_001c3bf8	part_069	converted
0x1c3c1c	42	FUN_001c3c1c	part_069	converted
0x1c3c46	35	FUN_001c3c46	part_069	converted
0x1c3c6a	42	FUN_001c3c6a	part_069	converted
0x1c3c94	35	FUN_001c3c94	part_069	converted
0x1c3cb8	42	FUN_001c3cb8	part_069	converted
0x1c3ce2	35	FUN_001c3ce2	part_069	converted
0x1c3d06	42	FUN_001c3d06	part_069	converted
0x1c3d30	35	FUN_001c3d30	part_070	converted
0x1c3d54	42	FUN_001c3d54	part_070	converted
0x1c3d7e	35	FUN_001c3d7e	part_070	converted
0x1c3da2	42	FUN_001c3da2	part_070	converted
0x1c3dcc	35	FUN_001c3dcc	part_070	converted
0x1c3df0	42	FUN_001c3df0	part_070	converted
0x1c3e1a	35	FUN_001c3e1a	part_070	converted
0x1c3e3e	42	FUN_001c3e3e	part_070	converted
0x1c3e68	35	FUN_001c3e68	part_070	converted
0x1c3e8c	42	FUN_001c3e8c	part_070	converted
0x1c3eb6	35	FUN_001c3eb6	part_070	converted
0x1c3eda	42	FUN_001c3eda	part_070	converted
0x1c3f04	35	FUN_001c3f04	part_070	converted
0x1c3f28	42	FUN_001c3f28	part_070	converted
0x1c3f52	35	FUN_001c3f52	part_070	converted
0x1c3f76	42	FUN_001c3f76	part_070	converted
0x1c3fa0	35	FUN_001c3fa0	part_070	converted
0x1c3fc4	42	FUN_001c3fc4	part_070	converted
0x1c3fee	35	FUN_001c3fee	part_070	converted
0x1c4012	42	FUN_001c4012	part_070	converted
0x1c403c	35	FUN_001c403c	part_070	converted
0x1c4060	42	FUN_001c4060	part_070	converted
0x1c408a	35	FUN_001c408a	part_070	converted
0x1c40ae	42	FUN_001c40ae	part_070	converted
0x1c40d8	35	FUN_001c40d8	part_070	converted
0x1c40fc	42	FUN_001c40fc	part_070	converted
0x1c4126	35	FUN_001c4126	part_070	converted
0x1c414a	42	FUN_001c414a	part_070	converted
0x1c4174	35	FUN_001c4174	part_070	converted
0x1c4198	42	FUN_001c4198	part_070	converted
0x1c41c2	35	FUN_001c41c2	part_070	converted
0x1c41e6	42	FUN_001c41e6	part_070	converted
0x1c4210	35	FUN_001c4210	part_070	converted
0x1c4234	42	FUN_001c4234	part_070	converted
0x1c425e	35	FUN_001c425e	part_070	converted
0x1c4282	42	FUN_001c4282	part_070	converted
0x1c42ac	35	FUN_001c42ac	part_070	converted
0x1c42d0	42	FUN_001c42d0	part_070	converted
0x1c42fa	35	FUN_001c42fa	part_070	converted
0x1c431e	42	FUN_001c431e	part_070	converted
0x1c4348	35	FUN_001c4348	part_070	converted
0x1c436c	42	FUN_001c436c	part_070	converted
0x1c4396	35	FUN_001c4396	part_070	converted
0x1c43ba	42	FUN_001c43ba	part_070	converted
0x1c43e4	35	FUN_001c43e4	part_070	converted
0x1c4408	42	FUN_001c4408	part_070	converted
0x1c4432	35	FUN_001c4432	part_070	converted
0x1c4456	42	FUN_001c4456	part_070	converted
0x1c4480	35	FUN_001c4480	part_070	converted
0x1c44a4	42	FUN_001c44a4	part_070	converted
0x1c44ce	35	FUN_001c44ce	part_070	converted
0x1c44f2	42	FUN_001c44f2	part_070	converted
0x1c451c	35	FUN_001c451c	part_070	converted
0x1c4540	42	FUN_001c4540	part_070	converted
0x1c456a	35	FUN_001c456a	part_070	converted
0x1c458e	42	FUN_001c458e	part_070	converted
0x1c45b8	35	FUN_001c45b8	part_070	converted
0x1c45dc	42	FUN_001c45dc	part_070	converted
0x1c4606	35	FUN_001c4606	part_070	converted
0x1c462a	42	FUN_001c462a	part_070	converted
0x1c4654	35	FUN_001c4654	part_071	converted
0x1c4678	42	FUN_001c4678	part_071	converted
0x1c46a2	35	FUN_001c46a2	part_071	converted
0x1c46c6	42	FUN_001c46c6	part_071	converted
0x1c46f0	35	FUN_001c46f0	part_071	converted
0x1c4714	42	FUN_001c4714	part_071	converted
0x1c473e	35	FUN_001c473e	part_071	converted
0x1c4762	42	FUN_001c4762	part_071	converted
0x1c478c	7	FUN_001c478c	part_071	converted
0x1c4794	7	FUN_001c4794	part_071	converted
0x1c479c	7	FUN_001c479c	part_071	converted
0x1c47a4	7	FUN_001c47a4	part_071	converted
0x1c47ac	7	FUN_001c47ac	part_071	converted
0x1c47b4	7	FUN_001c47b4	part_071	converted
0x1c47bc	7	FUN_001c47bc	part_071	converted
0x1c47c4	7	FUN_001c47c4	part_071	converted
0x1c47cc	7	FUN_001c47cc	part_071	converted
0x1c47d4	7	FUN_001c47d4	part_071	converted
0x1c47dc	10	FUN_001c47dc	part_071	converted
0x1c47e6	11	FUN_001c47e6	part_071	converted
0x1c47f2	10	FUN_001c47f2	part_071	converted
0x1c47fc	10	FUN_001c47fc	part_071	converted
0x1c4806	10	FUN_001c4806	part_071	converted
0x1c4810	10	FUN_001c4810	part_071	converted
0x1c481a	11	FUN_001c481a	part_071	converted
0x1c4826	10	FUN_001c4826	part_071	converted
0x1c4830	11	FUN_001c4830	part_071	converted
0x1c483c	10	FUN_001c483c	part_071	converted
0x1c4846	11	FUN_001c4846	part_071	converted
0x1c4852	24	FUN_001c4852	part_071	converted
0x1c486a	54	FUN_001c486a	part_071	converted
0x1c48a0	62	FUN_001c48a0	part_071	converted
0x1c48de	62	FUN_001c48de	part_071	converted
0x1c491c	32	FUN_001c491c	part_071	converted
0x1c493c	62	FUN_001c493c	part_071	converted
0x1c497a	32	FUN_001c497a	part_071	converted
0x1c499a	35	FUN_001c499a	part_071	converted
0x1c49be	65	FUN_001c49be	part_071	converted
0x1c4a00	35	FUN_001c4a00	part_071	converted
0x1c4a24	65	FUN_001c4a24	part_071	converted
0x1c4a66	35	FUN_001c4a66	part_071	converted
0x1c4a8a	65	FUN_001c4a8a	part_071	converted
0x1c4acc	35	FUN_001c4acc	part_071	converted
0x1c4af0	65	FUN_001c4af0	part_071	converted
0x1c4b32	35	FUN_001c4b32	part_071	converted
0x1c4b56	65	FUN_001c4b56	part_071	converted
0x1c4b98	32	FUN_001c4b98	part_071	converted
0x1c4bb8	62	FUN_001c4bb8	part_071	converted
0x1c4bf6	32	FUN_001c4bf6	part_071	converted
0x1c4c16	62	FUN_001c4c16	part_071	converted
0x1c4c54	32	FUN_001c4c54	part_071	converted
0x1c4c74	62	FUN_001c4c74	part_071	converted
0x1c4cb2	32	FUN_001c4cb2	part_071	converted
0x1c4cd2	62	FUN_001c4cd2	part_071	converted
0x1c4d10	32	FUN_001c4d10	part_071	converted
0x1c4d30	62	FUN_001c4d30	part_071	converted
0x1c4d6e	32	FUN_001c4d6e	part_071	converted
0x1c4d8e	62	FUN_001c4d8e	part_071	converted
0x1c4dcc	32	FUN_001c4dcc	part_071	converted
0x1c4dec	62	FUN_001c4dec	part_071	converted
0x1c4e2a	32	FUN_001c4e2a	part_072	converted
0x1c4e4a	46	FUN_001c4e4a	part_072	converted
0x1c4e78	76	FUN_001c4e78	part_072	converted
0x1c4ec4	46	FUN_001c4ec4	part_072	converted
0x1c4ef2	76	FUN_001c4ef2	part_072	converted
0x1c4f3e	46	FUN_001c4f3e	part_072	converted
0x1c4f6c	76	FUN_001c4f6c	part_072	converted
0x1c4fb8	5	FUN_001c4fb8	part_072	converted
0x1c4fbe	10	FUN_001c4fbe	part_072	converted
0x1c4fc8	10	FUN_001c4fc8	part_072	converted
0x1c4fd2	10	FUN_001c4fd2	part_072	converted
0x1c4fdc	10	FUN_001c4fdc	part_072	converted
0x1c4fe6	7	FUN_001c4fe6	part_072	converted
0x1c4fee	7	FUN_001c4fee	part_072	converted
0x1c4ff6	5	FUN_001c4ff6	part_072	converted
0x1c4ffc	5	FUN_001c4ffc	part_072	converted
0x1c5002	7	FUN_001c5002	part_072	converted
0x1c500a	7	FUN_001c500a	part_072	converted
0x1c5012	5	FUN_001c5012	part_072	converted
0x1c5018	5	FUN_001c5018	part_072	converted
0x1c501e	39	FUN_001c501e	part_072	converted
0x1c5046	39	FUN_001c5046	part_072	converted
0x1c506e	32	FUN_001c506e	part_072	converted
0x1c508e	32	FUN_001c508e	part_072	converted
0x1c50ae	10	FUN_001c50ae	part_072	converted
0x1c50b8	7	FUN_001c50b8	part_072	converted
0x1c50c0	7	FUN_001c50c0	part_072	converted
0x1c50c8	7	FUN_001c50c8	part_072	converted
0x1c50d0	7	FUN_001c50d0	part_072	converted
0x1c50d8	7	FUN_001c50d8	part_072	converted
0x1c50e0	20	FUN_001c50e0	part_072	converted
0x1c50f4	10	FUN_001c50f4	part_072	converted
0x1c50fe	32	FUN_001c50fe	part_072	converted
0x1c511e	7	FUN_001c511e	part_072	converted
0x1c5126	7	FUN_001c5126	part_072	converted
0x1c512e	10	FUN_001c512e	part_072	converted
0x1c5138	10	FUN_001c5138	part_072	converted
0x1c5142	7	FUN_001c5142	part_072	converted
0x1c514a	5	FUN_001c514a	part_072	converted
0x1c5150	7	FUN_001c5150	part_072	converted
0x1c5158	5	FUN_001c5158	part_072	converted
0x1c515e	10	FUN_001c515e	part_072	converted
0x1c5168	7	FUN_001c5168	part_072	converted
0x1c5170	10	FUN_001c5170	part_072	converted
0x1c517a	7	FUN_001c517a	part_072	converted
0x1c5182	5	FUN_001c5182	part_072	converted
0x1c5188	7	FUN_001c5188	part_072	converted
0x1c5190	39	FUN_001c5190	part_072	converted
0x1c51b8	32	FUN_001c51b8	part_072	converted
0x1c51d8	39	FUN_001c51d8	part_072	converted
0x1c5200	32	FUN_001c5200	part_072	converted
0x1c5220	10	FUN_001c5220	part_072	converted
0x1c522a	16	FUN_001c522a	part_072	converted
0x1c523a	64	FUN_001c523a	part_072	converted
0x1c527a	31	FUN_001c527a	part_072	converted
0x1c529a	35	FUN_001c529a	part_072	converted
0x1c52be	65	FUN_001c52be	part_072	converted
0x1c5300	15	FUN_001c5300	part_072	converted
0x1c5310	51	FUN_001c5310	part_072	converted
0x1c5344	14	FUN_001c5344	part_072	converted
0x1c535a	5	FUN_001c535a	part_073	converted
0x1c5360	7	FUN_001c5360	part_073	converted
0x1c5368	19	FUN_001c5368	part_073	converted
0x1c537c	21	FUN_001c537c	part_073	converted
0x1c5392	7	FUN_001c5392	part_073	converted
0x1c539a	7	FUN_001c539a	part_073	converted
0x1c53a2	5	FUN_001c53a2	part_073	converted
0x1c53a8	7	FUN_001c53a8	part_073	converted
0x1c53b0	7	FUN_001c53b0	part_073	converted
0x1c53b8	5	FUN_001c53b8	part_073	converted
0x1c53be	5	FUN_001c53be	part_073	converted
0x1c53c4	10	FUN_001c53c4	part_073	converted
0x1c53ce	7	FUN_001c53ce	part_073	converted
0x1c53d6	7	FUN_001c53d6	part_073	converted
0x1c53de	14	FUN_001c53de	part_073	converted
0x1c53ec	7	FUN_001c53ec	part_073	converted
0x1c53f4	5	FUN_001c53f4	part_073	converted
0x1c53fa	10	FUN_001c53fa	part_073	converted
0x1c5404	7	FUN_001c5404	part_073	converted
0x1c540c	10	FUN_001c540c	part_073	converted
0x1c5416	51	FUN_001c5416	part_073	converted
0x1c544a	22	FUN_001c544a	part_073	converted
0x1c5460	10	FUN_001c5460	part_073	converted
0x1c546a	5	FUN_001c546a	part_073	converted
0x1c5470	11	FUN_001c5470	part_073	converted
0x1c547c	20	FUN_001c547c	part_073	converted
0x1c5490	22	FUN_001c5490	part_073	converted
0x1c54a6	7	FUN_001c54a6	part_073	converted
0x1c54ae	7	FUN_001c54ae	part_073	converted
0x1c54b6	7	FUN_001c54b6	part_073	converted
0x1c54be	21	FUN_001c54be	part_073	converted
0x1c54d4	21	FUN_001c54d4	part_073	converted
0x1c54ea	14	FUN_001c54ea	part_073	converted
0x1c54f8	23	FUN_001c54f8	part_073	converted
0x1c5510	55	FUN_001c5510	part_073	converted
0x1c5548	32	FUN_001c5548	part_073	converted
0x1c5568	62	FUN_001c5568	part_073	converted
0x1c55a6	31	FUN_001c55a6	part_073	converted
0x1c55c6	31	FUN_001c55c6	part_073	converted
0x1c55e6	36	FUN_001c55e6	part_073	converted
0x1c560a	10	FUN_001c560a	part_073	converted
0x1c5614	46	FUN_001c5614	part_073	converted
0x1c5642	10	FUN_001c5642	part_073	converted
0x1c564c	10	FUN_001c564c	part_073	converted
0x1c5656	32	FUN_001c5656	part_073	converted
0x1c5676	62	FUN_001c5676	part_073	converted
0x1c56b4	10	FUN_001c56b4	part_073	converted
0x1c56be	10	FUN_001c56be	part_073	converted
0x1c56c8	32	FUN_001c56c8	part_073	converted
0x1c56e8	10	FUN_001c56e8	part_073	converted
0x1c56f2	5	FUN_001c56f2	part_073	converted
0x1c56f8	10	FUN_001c56f8	part_073	converted
0x1c5702	10	FUN_001c5702	part_073	converted
0x1c570c	7	FUN_001c570c	part_073	converted
0x1c5714	5	FUN_001c5714	part_073	converted
0x1c571a	5	FUN_001c571a	part_073	converted
0x1c5720	50	FUN_001c5720	part_073	converted
0x1c5752	50	FUN_001c5752	part_073	converted
0x1c5784	43	FUN_001c5784	part_073	converted
0x1c57b0	43	FUN_001c57b0	part_073	converted
0x1c57dc	10	FUN_001c57dc	part_074	converted
0x1c57e6	5	FUN_001c57e6	part_074	converted
0x1c57ec	10	FUN_001c57ec	part_074	converted
0x1c57f6	73	FUN_001c57f6	part_074	converted
0x1c5840	43	FUN_001c5840	part_074	converted
0x1c586c	5	FUN_001c586c	part_074	converted
0x1c5872	5	FUN_001c5872	part_074	converted
0x1c5878	5	FUN_001c5878	part_074	converted
0x1c587e	5	FUN_001c587e	part_074	converted
0x1c5884	5	FUN_001c5884	part_074	converted
0x1c588a	5	FUN_001c588a	part_074	converted
0x1c5890	5	FUN_001c5890	part_074	converted
0x1c5896	5	FUN_001c5896	part_074	converted
0x1c589c	5	FUN_001c589c	part_074	converted
0x1c58a2	24	FUN_001c58a2	part_074	converted
0x1c58ba	24	FUN_001c58ba	part_074	converted
0x1c58d2	7	FUN_001c58d2	part_074	converted
0x1c58da	13	FUN_001c58da	part_074	converted
0x1c58e8	24	FUN_001c58e8	part_074	converted
0x1c5900	24	FUN_001c5900	part_074	converted
0x1c5918	5	FUN_001c5918	part_074	converted
0x1c591e	5	FUN_001c591e	part_074	converted
0x1c5924	40	FUN_001c5924	part_074	converted
0x1c594c	39	FUN_001c594c	part_074	converted
0x1c5974	5	FUN_001c5974	part_074	converted
0x1c597a	5	FUN_001c597a	part_074	converted
0x1c5980	5	FUN_001c5980	part_074	converted
0x1c5986	5	FUN_001c5986	part_074	converted
0x1c598c	5	FUN_001c598c	part_074	converted
0x1c5992	24	FUN_001c5992	part_074	converted
0x1c59aa	14	FUN_001c59aa	part_074	converted
0x1c59b8	48	FUN_001c59b8	part_074	converted
0x1c59e8	5	FUN_001c59e8	part_074	converted
0x1c59ee	27	FUN_001c59ee	part_074	converted
0x1c5a0a	27	FUN_001c5a0a	part_074	converted
0x1c5a26	13	FUN_001c5a26	part_074	converted
0x1c5a34	27	FUN_001c5a34	part_074	converted
0x1c5a50	27	FUN_001c5a50	part_074	converted
0x1c5a6c	27	FUN_001c5a6c	part_074	converted
0x1c5a88	5	FUN_001c5a88	part_074	converted
0x1c5a8e	43	FUN_001c5a8e	part_074	converted
0x1c5aba	42	FUN_001c5aba	part_074	converted
0x1c5ae4	48	FUN_001c5ae4	part_074	converted
0x1c5b14	25	FUN_001c5b14	part_074	converted
0x1c5b2e	5	FUN_001c5b2e	part_074	converted
0x1c5b34	5	FUN_001c5b34	part_074	converted
0x1c5b3a	61	FUN_001c5b3a	part_074	converted
0x1c5b78	28	FUN_001c5b78	part_074	converted
